match_id,season,round,match_date,day_of_week,team1,team2,team1_score,team2_score,winner,margin,attendance,venue,is_finals
2000_Round_1_Richmond_vs_Melbourne,2000,Round 1,2000-03-08 19:40:00,Wednesday,Richmond,Melbourne,94,92,Richmond,2,41648,M.C.G.,False
2000_Round_1_Essendon_vs_Port_Adelaide,2000,Round 1,2000-03-09 20:15:00,Thursday,Essendon,Port Adelaide,156,62,Essendon,94,43012,Docklands,False
2000_Round_1_Adelaide_vs_Western_Bulldogs,2000,Round 1,2000-03-11 14:50:00,Saturday,Adelaide,Western Bulldogs,108,131,Western Bulldogs,23,37222,Football Park,False
2000_Round_1_Fremantle_vs_Geelong,2000,Round 1,2000-03-11 17:40:00,Saturday,Fremantle,Geelong,107,129,Geelong,22,19777,Subiaco,False
2000_Round_1_St_Kilda_vs_Sydney,2000,Round 1,2000-03-12 19:40:00,Sunday,St Kilda,Sydney,100,134,Sydney,34,31440,Docklands,False
2000_Round_1_Carlton_vs_Brisbane_Lions,2000,Round 1,2000-03-13 14:10:00,Monday,Carlton,Brisbane Lions,152,112,Carlton,40,22374,Princes Park,False
2000_Round_1_Hawthorn_vs_Collingwood,2000,Round 1,2000-03-13 14:10:00,Monday,Hawthorn,Collingwood,86,140,Collingwood,54,53776,M.C.G.,False
2000_Round_2_Essendon_vs_Richmond,2000,Round 2,2000-03-16 19:40:00,Thursday,Essendon,Richmond,130,87,Essendon,43,49521,M.C.G.,False
2000_Round_2_Geelong_vs_St_Kilda,2000,Round 2,2000-03-18 14:10:00,Saturday,Geelong,St Kilda,139,99,Geelong,40,20476,Kardinia Park,False
2000_Round_2_Port_Adelaide_vs_Fremantle,2000,Round 2,2000-03-18 19:10:00,Saturday,Port Adelaide,Fremantle,87,125,Fremantle,38,24695,Football Park,False
2000_Round_2_Carlton_vs_Hawthorn,2000,Round 2,2000-03-19 12:10:00,Sunday,Carlton,Hawthorn,154,112,Carlton,42,21161,Princes Park,False
2000_Round_2_Collingwood_vs_Adelaide,2000,Round 2,2000-03-19 14:10:00,Sunday,Collingwood,Adelaide,103,92,Collingwood,11,33076,M.C.G.,False
2000_Round_2_West_Coast_vs_Sydney,2000,Round 2,2000-03-19 17:40:00,Sunday,West Coast,Sydney,70,82,Sydney,12,38127,Subiaco,False
2000_Round_2_Western_Bulldogs_vs_Brisbane_Lions,2000,Round 2,2000-03-19 19:40:00,Sunday,Western Bulldogs,Brisbane Lions,110,139,Brisbane Lions,29,24460,Docklands,False
2000_Round_3_Hawthorn_vs_Brisbane_Lions,2000,Round 3,2000-03-25 14:10:00,Saturday,Hawthorn,Brisbane Lions,110,103,Hawthorn,7,20374,M.C.G.,False
2000_Round_3_Adelaide_vs_Geelong,2000,Round 3,2000-03-25 19:10:00,Saturday,Adelaide,Geelong,100,111,Geelong,11,39179,Football Park,False
2000_Round_3_St_Kilda_vs_West_Coast,2000,Round 3,2000-03-25 19:40:00,Saturday,St Kilda,West Coast,116,116,Draw,0,21215,Docklands,False
2000_Round_3_Collingwood_vs_Carlton,2000,Round 3,2000-03-26 14:10:00,Sunday,Collingwood,Carlton,160,87,Collingwood,73,82669,M.C.G.,False
2000_Round_3_Sydney_vs_Melbourne,2000,Round 3,2000-03-26 14:10:00,Sunday,Sydney,Melbourne,126,114,Sydney,12,26920,S.C.G.,False
2000_Round_3_Western_Bulldogs_vs_Port_Adelaide,2000,Round 3,2000-03-26 14:10:00,Sunday,Western Bulldogs,Port Adelaide,141,94,Western Bulldogs,47,18134,Docklands,False
2000_Round_3_Fremantle_vs_Essendon,2000,Round 3,2000-03-26 18:40:00,Sunday,Fremantle,Essendon,88,124,Essendon,36,27230,Subiaco,False
2000_Round_4_Hawthorn_vs_Essendon,2000,Round 4,2000-04-01 14:10:00,Saturday,Hawthorn,Essendon,90,137,Essendon,47,46889,M.C.G.,False
2000_Round_4_Western_Bulldogs_vs_Carlton,2000,Round 4,2000-04-01 14:10:00,Saturday,Western Bulldogs,Carlton,98,59,Western Bulldogs,39,30576,Docklands,False
2000_Round_4_Sydney_vs_Collingwood,2000,Round 4,2000-04-01 19:40:00,Saturday,Sydney,Collingwood,101,106,Collingwood,5,34687,S.C.G.,False
2000_Round_4_West_Coast_vs_Adelaide,2000,Round 4,2000-04-01 20:10:00,Saturday,West Coast,Adelaide,187,73,West Coast,114,26008,W.A.C.A.,False
2000_Round_4_Port_Adelaide_vs_Brisbane_Lions,2000,Round 4,2000-04-02 13:40:00,Sunday,Port Adelaide,Brisbane Lions,149,106,Port Adelaide,43,24458,Football Park,False
2000_Round_4_Melbourne_vs_St_Kilda,2000,Round 4,2000-04-02 14:10:00,Sunday,Melbourne,St Kilda,165,75,Melbourne,90,31642,M.C.G.,False
2000_Round_4_Richmond_vs_Fremantle,2000,Round 4,2000-04-02 14:10:00,Sunday,Richmond,Fremantle,87,88,Fremantle,1,23578,Docklands,False
2000_Round_5_Western_Bulldogs_vs_Collingwood,2000,Round 5,2000-04-07 19:40:00,Friday,Western Bulldogs,Collingwood,110,118,Collingwood,8,45141,Docklands,False
2000_Round_5_Essendon_vs_Carlton,2000,Round 5,2000-04-08 14:10:00,Saturday,Essendon,Carlton,123,99,Essendon,24,64658,M.C.G.,False
2000_Round_5_Brisbane_Lions_vs_Adelaide,2000,Round 5,2000-04-08 19:40:00,Saturday,Brisbane Lions,Adelaide,122,92,Brisbane Lions,30,26395,Gabba,False
2000_Round_5_Fremantle_vs_Melbourne,2000,Round 5,2000-04-08 20:10:00,Saturday,Fremantle,Melbourne,75,106,Melbourne,31,20484,W.A.C.A.,False
2000_Round_5_Geelong_vs_West_Coast,2000,Round 5,2000-04-09 14:10:00,Sunday,Geelong,West Coast,162,81,Geelong,81,22623,Kardinia Park,False
2000_Round_5_St_Kilda_vs_Richmond,2000,Round 5,2000-04-09 14:10:00,Sunday,St Kilda,Richmond,84,110,Richmond,26,26374,Docklands,False
2000_Round_5_Port_Adelaide_vs_Hawthorn,2000,Round 5,2000-04-09 20:10:00,Sunday,Port Adelaide,Hawthorn,74,113,Hawthorn,39,22086,Football Park,False
2000_Round_6_Western_Bulldogs_vs_Essendon,2000,Round 6,2000-04-14 19:40:00,Friday,Western Bulldogs,Essendon,81,144,Essendon,63,42029,Docklands,False
2000_Round_6_Carlton_vs_Port_Adelaide,2000,Round 6,2000-04-15 14:10:00,Saturday,Carlton,Port Adelaide,169,78,Carlton,91,16415,Princes Park,False
2000_Round_6_West_Coast_vs_Fremantle,2000,Round 6,2000-04-15 18:40:00,Saturday,West Coast,Fremantle,178,61,West Coast,117,40519,Subiaco,False
2000_Round_6_St_Kilda_vs_Brisbane_Lions,2000,Round 6,2000-04-15 19:40:00,Saturday,St Kilda,Brisbane Lions,66,105,Brisbane Lions,39,18194,Docklands,False
2000_Round_6_Sydney_vs_Richmond,2000,Round 6,2000-04-16 12:40:00,Sunday,Sydney,Richmond,106,112,Richmond,6,25049,S.C.G.,False
2000_Round_6_Geelong_vs_Melbourne,2000,Round 6,2000-04-16 14:10:00,Sunday,Geelong,Melbourne,109,84,Geelong,25,26761,Kardinia Park,False
2000_Round_6_Adelaide_vs_Hawthorn,2000,Round 6,2000-04-16 14:50:00,Sunday,Adelaide,Hawthorn,143,57,Adelaide,86,38158,Football Park,False
2000_Round_7_Hawthorn_vs_Western_Bulldogs,2000,Round 7,2000-04-22 14:10:00,Saturday,Hawthorn,Western Bulldogs,123,92,Hawthorn,31,29405,M.C.G.,False
2000_Round_7_Sydney_vs_Geelong,2000,Round 7,2000-04-22 19:40:00,Saturday,Sydney,Geelong,99,108,Geelong,9,27040,S.C.G.,False
2000_Round_7_Port_Adelaide_vs_Adelaide,2000,Round 7,2000-04-23 13:40:00,Sunday,Port Adelaide,Adelaide,91,98,Adelaide,7,41101,Football Park,False
2000_Round_7_Melbourne_vs_West_Coast,2000,Round 7,2000-04-23 14:10:00,Sunday,Melbourne,West Coast,138,77,Melbourne,61,20774,Docklands,False
2000_Round_7_Richmond_vs_Carlton,2000,Round 7,2000-04-24 14:10:00,Monday,Richmond,Carlton,69,120,Carlton,51,63149,M.C.G.,False
2000_Round_7_Fremantle_vs_Brisbane_Lions,2000,Round 7,2000-04-25 14:10:00,Tuesday,Fremantle,Brisbane Lions,111,100,Fremantle,11,19800,Subiaco,False
2000_Round_7_Collingwood_vs_Essendon,2000,Round 7,2000-04-25 14:15:00,Tuesday,Collingwood,Essendon,100,140,Essendon,40,88390,M.C.G.,False
2000_Round_8_St_Kilda_vs_Adelaide,2000,Round 8,2000-04-29 14:10:00,Saturday,St Kilda,Adelaide,68,108,Adelaide,40,20125,Docklands,False
2000_Round_8_West_Coast_vs_Western_Bulldogs,2000,Round 8,2000-04-29 18:40:00,Saturday,West Coast,Western Bulldogs,108,102,West Coast,6,26554,W.A.C.A.,False
2000_Round_8_Port_Adelaide_vs_Melbourne,2000,Round 8,2000-04-30 13:40:00,Sunday,Port Adelaide,Melbourne,86,111,Melbourne,25,22490,Football Park,False
2000_Round_8_Carlton_vs_Sydney,2000,Round 8,2000-04-30 14:10:00,Sunday,Carlton,Sydney,109,64,Carlton,45,19964,Princes Park,False
2000_Round_8_Geelong_vs_Richmond,2000,Round 8,2000-04-30 14:10:00,Sunday,Geelong,Richmond,77,147,Richmond,70,35171,Docklands,False
2000_Round_8_Collingwood_vs_Fremantle,2000,Round 8,2000-05-01 19:00:00,Monday,Collingwood,Fremantle,85,107,Fremantle,22,33947,Docklands,False
2000_Round_8_Brisbane_Lions_vs_Essendon,2000,Round 8,2000-05-01 19:40:00,Monday,Brisbane Lions,Essendon,63,127,Essendon,64,31887,Gabba,False
2000_Round_9_Western_Bulldogs_vs_St_Kilda,2000,Round 9,2000-05-05 19:40:00,Friday,Western Bulldogs,St Kilda,105,104,Western Bulldogs,1,35505,Docklands,False
2000_Round_9_Hawthorn_vs_Geelong,2000,Round 9,2000-05-06 14:10:00,Saturday,Hawthorn,Geelong,98,73,Hawthorn,25,39116,M.C.G.,False
2000_Round_9_Richmond_vs_West_Coast,2000,Round 9,2000-05-06 19:40:00,Saturday,Richmond,West Coast,79,70,Richmond,9,26304,Docklands,False
2000_Round_9_Brisbane_Lions_vs_Collingwood,2000,Round 9,2000-05-07 12:40:00,Sunday,Brisbane Lions,Collingwood,146,117,Brisbane Lions,29,29046,Gabba,False
2000_Round_9_Fremantle_vs_Carlton,2000,Round 9,2000-05-07 13:20:00,Sunday,Fremantle,Carlton,82,147,Carlton,65,28421,Subiaco,False
2000_Round_9_Melbourne_vs_Essendon,2000,Round 9,2000-05-07 14:10:00,Sunday,Melbourne,Essendon,93,106,Essendon,13,62606,M.C.G.,False
2000_Round_9_Sydney_vs_Port_Adelaide,2000,Round 9,2000-05-07 14:10:00,Sunday,Sydney,Port Adelaide,111,85,Sydney,26,22446,S.C.G.,False
2000_Round_10_West_Coast_vs_Hawthorn,2000,Round 10,2000-05-12 18:40:00,Friday,West Coast,Hawthorn,118,88,West Coast,30,37549,Subiaco,False
2000_Round_10_Richmond_vs_Collingwood,2000,Round 10,2000-05-13 14:10:00,Saturday,Richmond,Collingwood,102,54,Richmond,48,64769,M.C.G.,False
2000_Round_10_Port_Adelaide_vs_Geelong,2000,Round 10,2000-05-13 19:10:00,Saturday,Port Adelaide,Geelong,78,78,Draw,0,19511,Football Park,False
2000_Round_10_St_Kilda_vs_Carlton,2000,Round 10,2000-05-13 19:40:00,Saturday,St Kilda,Carlton,82,109,Carlton,27,38151,Docklands,False
2000_Round_10_Essendon_vs_Adelaide,2000,Round 10,2000-05-14 14:10:00,Sunday,Essendon,Adelaide,132,84,Essendon,48,34626,Docklands,False
2000_Round_10_Western_Bulldogs_vs_Sydney,2000,Round 10,2000-05-14 14:10:00,Sunday,Western Bulldogs,Sydney,137,79,Western Bulldogs,58,18817,S.C.G.,False
2000_Round_10_Melbourne_vs_Brisbane_Lions,2000,Round 10,2000-05-15 19:00:00,Monday,Melbourne,Brisbane Lions,102,84,Melbourne,18,24908,Docklands,False
2000_Round_11_St_Kilda_vs_Port_Adelaide,2000,Round 11,2000-05-19 19:40:00,Friday,St Kilda,Port Adelaide,117,55,St Kilda,62,17509,Docklands,False
2000_Round_11_Hawthorn_vs_Richmond,2000,Round 11,2000-05-20 14:10:00,Saturday,Hawthorn,Richmond,77,80,Richmond,3,41057,M.C.G.,False
2000_Round_11_Fremantle_vs_Western_Bulldogs,2000,Round 11,2000-05-20 18:40:00,Saturday,Fremantle,Western Bulldogs,81,174,Western Bulldogs,93,20821,Subiaco,False
2000_Round_11_Geelong_vs_Essendon,2000,Round 11,2000-05-20 19:40:00,Saturday,Geelong,Essendon,87,145,Essendon,58,47071,Docklands,False
2000_Round_11_Adelaide_vs_Melbourne,2000,Round 11,2000-05-21 12:10:00,Sunday,Adelaide,Melbourne,105,70,Adelaide,35,37871,Football Park,False
2000_Round_11_Collingwood_vs_West_Coast,2000,Round 11,2000-05-21 14:10:00,Sunday,Collingwood,West Coast,92,128,West Coast,36,29072,Docklands,False
2000_Round_11_Sydney_vs_Brisbane_Lions,2000,Round 11,2000-05-21 15:20:00,Sunday,Sydney,Brisbane Lions,107,110,Brisbane Lions,3,19789,S.C.G.,False
2000_Round_12_Essendon_vs_St_Kilda,2000,Round 12,2000-05-26 19:40:00,Friday,Essendon,St Kilda,169,83,Essendon,86,39836,Docklands,False
2000_Round_12_Collingwood_vs_Geelong,2000,Round 12,2000-05-27 14:10:00,Saturday,Collingwood,Geelong,67,71,Geelong,4,34367,M.C.G.,False
2000_Round_12_Adelaide_vs_Sydney,2000,Round 12,2000-05-27 19:10:00,Saturday,Adelaide,Sydney,98,48,Adelaide,50,30350,Football Park,False
2000_Round_12_Brisbane_Lions_vs_Richmond,2000,Round 12,2000-05-27 19:40:00,Saturday,Brisbane Lions,Richmond,99,111,Richmond,12,29967,Gabba,False
2000_Round_12_Hawthorn_vs_Fremantle,2000,Round 12,2000-05-27 19:40:00,Saturday,Hawthorn,Fremantle,121,62,Hawthorn,59,16004,Docklands,False
2000_Round_12_West_Coast_vs_Carlton,2000,Round 12,2000-05-28 13:20:00,Sunday,West Coast,Carlton,78,128,Carlton,50,39968,Subiaco,False
2000_Round_12_Western_Bulldogs_vs_Melbourne,2000,Round 12,2000-05-28 14:10:00,Sunday,Western Bulldogs,Melbourne,108,83,Western Bulldogs,25,26180,Docklands,False
2000_Round_13_Richmond_vs_Adelaide,2000,Round 13,2000-06-02 19:40:00,Friday,Richmond,Adelaide,112,121,Adelaide,9,32959,Docklands,False
2000_Round_13_Melbourne_vs_Carlton,2000,Round 13,2000-06-03 14:10:00,Saturday,Melbourne,Carlton,61,159,Carlton,98,41889,M.C.G.,False
2000_Round_13_Port_Adelaide_vs_Collingwood,2000,Round 13,2000-06-03 19:10:00,Saturday,Port Adelaide,Collingwood,89,75,Port Adelaide,14,22691,Football Park,False
2000_Round_13_Brisbane_Lions_vs_West_Coast,2000,Round 13,2000-06-03 19:40:00,Saturday,Brisbane Lions,West Coast,173,89,Brisbane Lions,84,25359,Gabba,False
2000_Round_13_Sydney_vs_Hawthorn,2000,Round 13,2000-06-04 12:40:00,Sunday,Sydney,Hawthorn,109,78,Sydney,31,21353,S.C.G.,False
2000_Round_13_Fremantle_vs_St_Kilda,2000,Round 13,2000-06-04 13:20:00,Sunday,Fremantle,St Kilda,100,56,Fremantle,44,21278,Subiaco,False
2000_Round_13_Geelong_vs_Western_Bulldogs,2000,Round 13,2000-06-04 14:10:00,Sunday,Geelong,Western Bulldogs,126,119,Geelong,7,30573,Docklands,False
2000_Round_14_Melbourne_vs_Collingwood,2000,Round 14,2000-06-10 14:10:00,Saturday,Melbourne,Collingwood,143,78,Melbourne,65,39710,M.C.G.,False
2000_Round_14_West_Coast_vs_Port_Adelaide,2000,Round 14,2000-06-10 18:40:00,Saturday,West Coast,Port Adelaide,71,107,Port Adelaide,36,31996,Subiaco,False
2000_Round_14_Carlton_vs_Geelong,2000,Round 14,2000-06-11 14:10:00,Sunday,Carlton,Geelong,107,97,Carlton,10,31988,Princes Park,False
2000_Round_14_St_Kilda_vs_Hawthorn,2000,Round 14,2000-06-11 14:10:00,Sunday,St Kilda,Hawthorn,86,171,Hawthorn,85,21744,M.C.G.,False
2000_Round_14_Sydney_vs_Essendon,2000,Round 14,2000-06-11 14:10:00,Sunday,Sydney,Essendon,76,89,Essendon,13,29199,S.C.G.,False
2000_Round_14_Adelaide_vs_Fremantle,2000,Round 14,2000-06-11 20:10:00,Sunday,Adelaide,Fremantle,145,72,Adelaide,73,40917,Football Park,False
2000_Round_14_Richmond_vs_Western_Bulldogs,2000,Round 14,2000-06-12 14:10:00,Monday,Richmond,Western Bulldogs,87,52,Richmond,35,49557,M.C.G.,False
2000_Round_15_Collingwood_vs_St_Kilda,2000,Round 15,2000-06-16 19:40:00,Friday,Collingwood,St Kilda,115,82,Collingwood,33,35542,M.C.G.,False
2000_Round_15_Carlton_vs_Adelaide,2000,Round 15,2000-06-17 14:10:00,Saturday,Carlton,Adelaide,120,96,Carlton,24,25563,Princes Park,False
2000_Round_15_Geelong_vs_Brisbane_Lions,2000,Round 15,2000-06-17 14:10:00,Saturday,Geelong,Brisbane Lions,59,128,Brisbane Lions,69,21003,Kardinia Park,False
2000_Round_15_Hawthorn_vs_Melbourne,2000,Round 15,2000-06-17 14:10:00,Saturday,Hawthorn,Melbourne,72,141,Melbourne,69,39215,M.C.G.,False
2000_Round_15_Essendon_vs_West_Coast,2000,Round 15,2000-06-17 19:40:00,Saturday,Essendon,West Coast,108,76,Essendon,32,39694,Docklands,False
2000_Round_15_Port_Adelaide_vs_Richmond,2000,Round 15,2000-06-18 12:10:00,Sunday,Port Adelaide,Richmond,103,75,Port Adelaide,28,26053,Football Park,False
2000_Round_15_Fremantle_vs_Sydney,2000,Round 15,2000-06-18 13:20:00,Sunday,Fremantle,Sydney,123,96,Fremantle,27,20465,Subiaco,False
2000_Round_16_Collingwood_vs_Hawthorn,2000,Round 16,2000-06-23 19:40:00,Friday,Collingwood,Hawthorn,68,125,Hawthorn,57,38745,Docklands,False
2000_Round_16_Geelong_vs_Fremantle,2000,Round 16,2000-06-24 14:10:00,Saturday,Geelong,Fremantle,90,84,Geelong,6,17399,Kardinia Park,False
2000_Round_16_Melbourne_vs_Richmond,2000,Round 16,2000-06-24 14:10:00,Saturday,Melbourne,Richmond,110,100,Melbourne,10,43200,M.C.G.,False
2000_Round_16_Sydney_vs_St_Kilda,2000,Round 16,2000-06-24 19:40:00,Saturday,Sydney,St Kilda,93,65,Sydney,28,22154,S.C.G.,False
2000_Round_16_Port_Adelaide_vs_Essendon,2000,Round 16,2000-06-24 20:10:00,Saturday,Port Adelaide,Essendon,58,89,Essendon,31,35129,Football Park,False
2000_Round_16_Brisbane_Lions_vs_Carlton,2000,Round 16,2000-06-25 12:40:00,Sunday,Brisbane Lions,Carlton,112,156,Carlton,44,34743,Gabba,False
2000_Round_16_Western_Bulldogs_vs_Adelaide,2000,Round 16,2000-06-25 14:10:00,Sunday,Western Bulldogs,Adelaide,135,74,Western Bulldogs,61,22229,Docklands,False
2000_Round_17_St_Kilda_vs_Geelong,2000,Round 17,2000-06-30 19:40:00,Friday,St Kilda,Geelong,109,85,St Kilda,24,23870,Docklands,False
2000_Round_17_Richmond_vs_Essendon,2000,Round 17,2000-07-01 14:10:00,Saturday,Richmond,Essendon,66,167,Essendon,101,73465,M.C.G.,False
2000_Round_17_Fremantle_vs_Port_Adelaide,2000,Round 17,2000-07-01 18:40:00,Saturday,Fremantle,Port Adelaide,82,64,Fremantle,18,10826,W.A.C.A.,False
2000_Round_17_Brisbane_Lions_vs_Western_Bulldogs,2000,Round 17,2000-07-02 12:40:00,Sunday,Brisbane Lions,Western Bulldogs,138,81,Brisbane Lions,57,24662,Gabba,False
2000_Round_17_Hawthorn_vs_Carlton,2000,Round 17,2000-07-02 14:10:00,Sunday,Hawthorn,Carlton,63,120,Carlton,57,48268,M.C.G.,False
2000_Round_17_Sydney_vs_West_Coast,2000,Round 17,2000-07-02 14:10:00,Sunday,Sydney,West Coast,151,80,Sydney,71,22002,S.C.G.,False
2000_Round_17_Adelaide_vs_Collingwood,2000,Round 17,2000-07-02 14:50:00,Sunday,Adelaide,Collingwood,147,109,Adelaide,38,40171,Football Park,False
2000_Round_18_Essendon_vs_Fremantle,2000,Round 18,2000-07-07 19:40:00,Friday,Essendon,Fremantle,159,72,Essendon,87,34567,Docklands,False
2000_Round_18_Geelong_vs_Adelaide,2000,Round 18,2000-07-08 14:10:00,Saturday,Geelong,Adelaide,109,102,Geelong,7,20480,Kardinia Park,False
2000_Round_18_Melbourne_vs_Sydney,2000,Round 18,2000-07-08 14:10:00,Saturday,Melbourne,Sydney,125,99,Melbourne,26,33923,M.C.G.,False
2000_Round_18_West_Coast_vs_St_Kilda,2000,Round 18,2000-07-08 19:10:00,Saturday,West Coast,St Kilda,115,29,West Coast,86,22232,W.A.C.A.,False
2000_Round_18_Port_Adelaide_vs_Western_Bulldogs,2000,Round 18,2000-07-09 12:10:00,Sunday,Port Adelaide,Western Bulldogs,149,106,Port Adelaide,43,21783,Football Park,False
2000_Round_18_Carlton_vs_Collingwood,2000,Round 18,2000-07-09 14:10:00,Sunday,Carlton,Collingwood,180,69,Carlton,111,30096,Princes Park,False
2000_Round_18_Brisbane_Lions_vs_Hawthorn,2000,Round 18,2000-07-09 15:20:00,Sunday,Brisbane Lions,Hawthorn,106,124,Hawthorn,18,26782,Gabba,False
2000_Round_19_Adelaide_vs_West_Coast,2000,Round 19,2000-07-14 20:10:00,Friday,Adelaide,West Coast,107,90,Adelaide,17,35425,Football Park,False
2000_Round_19_Carlton_vs_Western_Bulldogs,2000,Round 19,2000-07-15 14:10:00,Saturday,Carlton,Western Bulldogs,72,75,Western Bulldogs,3,25397,Princes Park,False
2000_Round_19_Essendon_vs_Hawthorn,2000,Round 19,2000-07-15 19:40:00,Saturday,Essendon,Hawthorn,165,82,Essendon,83,46946,Docklands,False
2000_Round_19_Brisbane_Lions_vs_Port_Adelaide,2000,Round 19,2000-07-16 12:40:00,Sunday,Brisbane Lions,Port Adelaide,120,53,Brisbane Lions,67,21956,Gabba,False
2000_Round_19_Fremantle_vs_Richmond,2000,Round 19,2000-07-16 13:20:00,Sunday,Fremantle,Richmond,79,106,Richmond,27,19116,W.A.C.A.,False
2000_Round_19_Collingwood_vs_Sydney,2000,Round 19,2000-07-16 14:10:00,Sunday,Collingwood,Sydney,84,104,Sydney,20,33182,M.C.G.,False
2000_Round_19_St_Kilda_vs_Melbourne,2000,Round 19,2000-07-16 14:10:00,Sunday,St Kilda,Melbourne,98,116,Melbourne,18,24039,Docklands,False
2000_Round_20_Carlton_vs_Essendon,2000,Round 20,2000-07-21 19:40:00,Friday,Carlton,Essendon,83,109,Essendon,26,91571,M.C.G.,False
2000_Round_20_Hawthorn_vs_Port_Adelaide,2000,Round 20,2000-07-22 14:10:00,Saturday,Hawthorn,Port Adelaide,101,80,Hawthorn,21,18976,M.C.G.,False
2000_Round_20_West_Coast_vs_Geelong,2000,Round 20,2000-07-22 18:40:00,Saturday,West Coast,Geelong,78,108,Geelong,30,30615,Subiaco,False
2000_Round_20_Collingwood_vs_Western_Bulldogs,2000,Round 20,2000-07-22 19:40:00,Saturday,Collingwood,Western Bulldogs,91,100,Western Bulldogs,9,30342,Docklands,False
2000_Round_20_Adelaide_vs_Brisbane_Lions,2000,Round 20,2000-07-23 13:40:00,Sunday,Adelaide,Brisbane Lions,78,115,Brisbane Lions,37,40817,Football Park,False
2000_Round_20_Melbourne_vs_Fremantle,2000,Round 20,2000-07-23 14:10:00,Sunday,Melbourne,Fremantle,160,77,Melbourne,83,16120,Docklands,False
2000_Round_20_Richmond_vs_St_Kilda,2000,Round 20,2000-07-23 14:10:00,Sunday,Richmond,St Kilda,119,79,Richmond,40,35463,M.C.G.,False
2000_Round_21_Essendon_vs_Western_Bulldogs,2000,Round 21,2000-07-28 19:40:00,Friday,Essendon,Western Bulldogs,81,92,Western Bulldogs,11,45725,Docklands,False
2000_Round_21_Hawthorn_vs_Adelaide,2000,Round 21,2000-07-29 14:10:00,Saturday,Hawthorn,Adelaide,98,67,Hawthorn,31,25512,M.C.G.,False
2000_Round_21_Richmond_vs_Sydney,2000,Round 21,2000-07-29 14:10:00,Saturday,Richmond,Sydney,83,84,Sydney,1,35697,Docklands,False
2000_Round_21_Brisbane_Lions_vs_St_Kilda,2000,Round 21,2000-07-29 19:40:00,Saturday,Brisbane Lions,St Kilda,153,63,Brisbane Lions,90,25603,Gabba,False
2000_Round_21_Fremantle_vs_West_Coast,2000,Round 21,2000-07-30 13:20:00,Sunday,Fremantle,West Coast,101,100,Fremantle,1,37710,Subiaco,False
2000_Round_21_Port_Adelaide_vs_Carlton,2000,Round 21,2000-07-30 13:40:00,Sunday,Port Adelaide,Carlton,88,83,Port Adelaide,5,30152,Football Park,False
2000_Round_21_Melbourne_vs_Geelong,2000,Round 21,2000-07-30 14:10:00,Sunday,Melbourne,Geelong,126,108,Melbourne,18,75033,M.C.G.,False
2000_Round_22_Western_Bulldogs_vs_Hawthorn,2000,Round 22,2000-08-04 19:40:00,Friday,Western Bulldogs,Hawthorn,66,81,Hawthorn,15,45527,Docklands,False
2000_Round_22_Essendon_vs_Collingwood,2000,Round 22,2000-08-05 14:10:00,Saturday,Essendon,Collingwood,97,78,Essendon,19,66122,M.C.G.,False
2000_Round_22_Geelong_vs_Sydney,2000,Round 22,2000-08-05 14:10:00,Saturday,Geelong,Sydney,124,120,Geelong,4,26011,Kardinia Park,False
2000_Round_22_Brisbane_Lions_vs_Fremantle,2000,Round 22,2000-08-05 19:40:00,Saturday,Brisbane Lions,Fremantle,156,49,Brisbane Lions,107,25070,Gabba,False
2000_Round_22_Adelaide_vs_Port_Adelaide,2000,Round 22,2000-08-06 12:10:00,Sunday,Adelaide,Port Adelaide,92,139,Port Adelaide,47,42659,Football Park,False
2000_Round_22_West_Coast_vs_Melbourne,2000,Round 22,2000-08-06 13:10:00,Sunday,West Coast,Melbourne,100,170,Melbourne,70,34471,Subiaco,False
2000_Round_22_Carlton_vs_Richmond,2000,Round 22,2000-08-06 14:10:00,Sunday,Carlton,Richmond,125,52,Carlton,73,65078,M.C.G.,False
2000_Elimination_Final_Geelong_vs_Hawthorn,2000,Elimination Final,2000-08-11 19:45:00,Friday,Geelong,Hawthorn,83,92,Hawthorn,9,44709,Docklands,True
2000_Elimination_Final_Brisbane_Lions_vs_Western_Bulldogs,2000,Elimination Final,2000-08-12 19:45:00,Saturday,Brisbane Lions,Western Bulldogs,110,76,Brisbane Lions,34,25925,Gabba,True
2000_Qualifying_Final_Carlton_vs_Melbourne,2000,Qualifying Final,2000-08-13 14:30:00,Sunday,Carlton,Melbourne,87,96,Melbourne,9,75570,M.C.G.,True
2000_Semi_Final_Carlton_vs_Brisbane_Lions,2000,Semi Final,2000-08-19 14:30:00,Saturday,Carlton,Brisbane Lions,151,69,Carlton,82,56924,M.C.G.,True
2000_Preliminary_Final_Essendon_vs_Carlton,2000,Preliminary Final,2000-08-26 14:30:00,Saturday,Essendon,Carlton,125,80,Essendon,45,84778,M.C.G.,True
2000_Grand_Final_Essendon_vs_Melbourne,2000,Grand Final,2000-09-02 14:45:00,Saturday,Essendon,Melbourne,135,75,Essendon,60,96249,M.C.G.,True
2001_Round_1_Hawthorn_vs_Collingwood,2001,Round 1,2001-03-31 14:10:00,Saturday,Hawthorn,Collingwood,85,81,Hawthorn,4,52190,M.C.G.,False
2001_Round_1_Fremantle_vs_Carlton,2001,Round 1,2001-03-31 17:40:00,Saturday,Fremantle,Carlton,118,119,Carlton,1,23716,Subiaco,False
2001_Round_1_Western_Bulldogs_vs_St_Kilda,2001,Round 1,2001-03-31 19:00:00,Saturday,Western Bulldogs,St Kilda,107,112,St Kilda,5,30047,Docklands,False
2001_Round_1_Port_Adelaide_vs_Brisbane_Lions,2001,Round 1,2001-03-31 19:10:00,Saturday,Port Adelaide,Brisbane Lions,99,93,Port Adelaide,6,25948,Football Park,False
2001_Round_1_Geelong_vs_West_Coast,2001,Round 1,2001-04-01 14:10:00,Sunday,Geelong,West Coast,115,49,Geelong,66,20149,Kardinia Park,False
2001_Round_1_Melbourne_vs_Richmond,2001,Round 1,2001-04-01 14:10:00,Sunday,Melbourne,Richmond,103,134,Richmond,31,44466,M.C.G.,False
2001_Round_1_Sydney_vs_Adelaide,2001,Round 1,2001-04-01 14:10:00,Sunday,Sydney,Adelaide,126,74,Sydney,52,31174,S.C.G.,False
2001_Round_2_Essendon_vs_Port_Adelaide,2001,Round 2,2001-04-06 19:40:00,Friday,Essendon,Port Adelaide,145,107,Essendon,38,34918,Docklands,False
2001_Round_2_Carlton_vs_Hawthorn,2001,Round 2,2001-04-07 14:10:00,Saturday,Carlton,Hawthorn,81,107,Hawthorn,26,27597,Princes Park,False
2001_Round_2_Richmond_vs_Western_Bulldogs,2001,Round 2,2001-04-07 14:10:00,Saturday,Richmond,Western Bulldogs,69,111,Western Bulldogs,42,36427,M.C.G.,False
2001_Round_2_Collingwood_vs_Fremantle,2001,Round 2,2001-04-07 19:00:00,Saturday,Collingwood,Fremantle,105,88,Collingwood,17,26067,Docklands,False
2001_Round_2_Adelaide_vs_Melbourne,2001,Round 2,2001-04-07 19:10:00,Saturday,Adelaide,Melbourne,80,83,Melbourne,3,35653,Football Park,False
2001_Round_2_West_Coast_vs_Sydney,2001,Round 2,2001-04-08 12:10:00,Sunday,West Coast,Sydney,89,104,Sydney,15,32673,Subiaco,False
2001_Round_2_St_Kilda_vs_Geelong,2001,Round 2,2001-04-08 14:10:00,Sunday,St Kilda,Geelong,86,115,Geelong,29,33867,Docklands,False
2001_Round_3_Carlton_vs_Essendon,2001,Round 3,2001-04-12 19:40:00,Thursday,Carlton,Essendon,93,76,Carlton,17,63088,M.C.G.,False
2001_Round_3_Richmond_vs_Brisbane_Lions,2001,Round 3,2001-04-14 14:10:00,Saturday,Richmond,Brisbane Lions,116,94,Richmond,22,31688,M.C.G.,False
2001_Round_3_Western_Bulldogs_vs_Collingwood,2001,Round 3,2001-04-14 19:00:00,Saturday,Western Bulldogs,Collingwood,81,153,Collingwood,72,37598,Docklands,False
2001_Round_3_Fremantle_vs_Hawthorn,2001,Round 3,2001-04-15 12:10:00,Sunday,Fremantle,Hawthorn,59,82,Hawthorn,23,20703,Subiaco,False
2001_Round_3_Adelaide_vs_Port_Adelaide,2001,Round 3,2001-04-15 13:40:00,Sunday,Adelaide,Port Adelaide,88,153,Port Adelaide,65,40296,Football Park,False
2001_Round_3_St_Kilda_vs_West_Coast,2001,Round 3,2001-04-15 14:10:00,Sunday,St Kilda,West Coast,107,125,West Coast,18,19496,Docklands,False
2001_Round_3_Melbourne_vs_Geelong,2001,Round 3,2001-04-16 14:10:00,Monday,Melbourne,Geelong,124,104,Melbourne,20,48551,M.C.G.,False
2001_Round_4_Collingwood_vs_Richmond,2001,Round 4,2001-04-20 19:40:00,Friday,Collingwood,Richmond,71,86,Richmond,15,78638,M.C.G.,False
2001_Round_4_Sydney_vs_Essendon,2001,Round 4,2001-04-20 19:40:00,Friday,Sydney,Essendon,55,102,Essendon,47,40131,S.C.G.,False
2001_Round_4_Carlton_vs_Adelaide,2001,Round 4,2001-04-21 14:10:00,Saturday,Carlton,Adelaide,53,62,Adelaide,9,21110,Princes Park,False
2001_Round_4_Western_Bulldogs_vs_Brisbane_Lions,2001,Round 4,2001-04-21 14:10:00,Saturday,Western Bulldogs,Brisbane Lions,140,87,Western Bulldogs,53,20322,Docklands,False
2001_Round_4_Fremantle_vs_West_Coast,2001,Round 4,2001-04-21 18:40:00,Saturday,Fremantle,West Coast,88,112,West Coast,24,38804,Subiaco,False
2001_Round_4_Port_Adelaide_vs_St_Kilda,2001,Round 4,2001-04-21 19:10:00,Saturday,Port Adelaide,St Kilda,114,50,Port Adelaide,64,27017,Football Park,False
2001_Round_4_Hawthorn_vs_Melbourne,2001,Round 4,2001-04-22 14:10:00,Sunday,Hawthorn,Melbourne,83,44,Hawthorn,39,30113,M.C.G.,False
2001_Round_5_Essendon_vs_Collingwood,2001,Round 5,2001-04-25 14:15:00,Wednesday,Essendon,Collingwood,103,95,Essendon,8,83905,M.C.G.,False
2001_Round_5_West_Coast_vs_Richmond,2001,Round 5,2001-04-27 18:40:00,Friday,West Coast,Richmond,70,109,Richmond,39,38424,Subiaco,False
2001_Round_5_Carlton_vs_St_Kilda,2001,Round 5,2001-04-28 14:10:00,Saturday,Carlton,St Kilda,125,92,Carlton,33,24385,Princes Park,False
2001_Round_5_Western_Bulldogs_vs_Hawthorn,2001,Round 5,2001-04-28 14:10:00,Saturday,Western Bulldogs,Hawthorn,126,155,Hawthorn,29,34400,Docklands,False
2001_Round_5_Brisbane_Lions_vs_Fremantle,2001,Round 5,2001-04-29 14:10:00,Sunday,Brisbane Lions,Fremantle,171,122,Brisbane Lions,49,20059,Gabba,False
2001_Round_5_Geelong_vs_Port_Adelaide,2001,Round 5,2001-04-29 14:10:00,Sunday,Geelong,Port Adelaide,102,148,Port Adelaide,46,18736,Kardinia Park,False
2001_Round_5_Melbourne_vs_Sydney,2001,Round 5,2001-04-29 14:10:00,Sunday,Melbourne,Sydney,119,104,Melbourne,15,31168,M.C.G.,False
2001_Round_6_St_Kilda_vs_Sydney,2001,Round 6,2001-05-05 14:10:00,Saturday,St Kilda,Sydney,120,94,St Kilda,26,28933,Docklands,False
2001_Round_6_Fremantle_vs_Melbourne,2001,Round 6,2001-05-05 17:40:00,Saturday,Fremantle,Melbourne,74,119,Melbourne,45,19775,Subiaco,False
2001_Round_6_Port_Adelaide_vs_Western_Bulldogs,2001,Round 6,2001-05-05 19:10:00,Saturday,Port Adelaide,Western Bulldogs,129,86,Port Adelaide,43,30197,Football Park,False
2001_Round_6_Brisbane_Lions_vs_Geelong,2001,Round 6,2001-05-05 19:40:00,Saturday,Brisbane Lions,Geelong,116,61,Brisbane Lions,55,25881,Gabba,False
2001_Round_6_Essendon_vs_West_Coast,2001,Round 6,2001-05-06 14:10:00,Sunday,Essendon,West Coast,158,70,Essendon,88,33829,Docklands,False
2001_Round_6_Hawthorn_vs_Adelaide,2001,Round 6,2001-05-06 14:10:00,Sunday,Hawthorn,Adelaide,104,91,Hawthorn,13,17460,York Park,False
2001_Round_6_Collingwood_vs_Carlton,2001,Round 6,2001-05-06 14:15:00,Sunday,Collingwood,Carlton,103,95,Collingwood,8,73572,M.C.G.,False
2001_Round_7_Melbourne_vs_Western_Bulldogs,2001,Round 7,2001-05-11 19:40:00,Friday,Melbourne,Western Bulldogs,77,107,Western Bulldogs,30,32299,M.C.G.,False
2001_Round_7_Richmond_vs_Essendon,2001,Round 7,2001-05-12 14:10:00,Saturday,Richmond,Essendon,74,120,Essendon,46,77576,M.C.G.,False
2001_Round_7_St_Kilda_vs_Hawthorn,2001,Round 7,2001-05-12 19:00:00,Saturday,St Kilda,Hawthorn,99,110,Hawthorn,11,37940,Docklands,False
2001_Round_7_Adelaide_vs_Fremantle,2001,Round 7,2001-05-12 19:10:00,Saturday,Adelaide,Fremantle,103,83,Adelaide,20,38292,Football Park,False
2001_Round_7_Geelong_vs_Carlton,2001,Round 7,2001-05-13 14:10:00,Sunday,Geelong,Carlton,68,108,Carlton,40,29150,M.C.G.,False
2001_Round_7_Sydney_vs_Brisbane_Lions,2001,Round 7,2001-05-13 14:10:00,Sunday,Sydney,Brisbane Lions,80,112,Brisbane Lions,32,22390,S.C.G.,False
2001_Round_7_West_Coast_vs_Port_Adelaide,2001,Round 7,2001-05-13 14:10:00,Sunday,West Coast,Port Adelaide,50,121,Port Adelaide,71,28026,Subiaco,False
2001_Round_8_Richmond_vs_Adelaide,2001,Round 8,2001-05-18 19:40:00,Friday,Richmond,Adelaide,92,120,Adelaide,28,29073,M.C.G.,False
2001_Round_8_Carlton_vs_Brisbane_Lions,2001,Round 8,2001-05-19 14:10:00,Saturday,Carlton,Brisbane Lions,142,68,Carlton,74,21997,Princes Park,False
2001_Round_8_Hawthorn_vs_West_Coast,2001,Round 8,2001-05-19 14:10:00,Saturday,Hawthorn,West Coast,138,58,Hawthorn,80,22988,M.C.G.,False
2001_Round_8_Port_Adelaide_vs_Collingwood,2001,Round 8,2001-05-19 19:10:00,Saturday,Port Adelaide,Collingwood,110,119,Collingwood,9,34232,Football Park,False
2001_Round_8_Fremantle_vs_Geelong,2001,Round 8,2001-05-20 14:10:00,Sunday,Fremantle,Geelong,73,95,Geelong,22,20231,Subiaco,False
2001_Round_8_Melbourne_vs_Essendon,2001,Round 8,2001-05-20 14:10:00,Sunday,Melbourne,Essendon,79,85,Essendon,6,47452,M.C.G.,False
2001_Round_8_Western_Bulldogs_vs_Sydney,2001,Round 8,2001-05-20 14:10:00,Sunday,Western Bulldogs,Sydney,122,101,Western Bulldogs,21,22874,S.C.G.,False
2001_Round_9_Collingwood_vs_St_Kilda,2001,Round 9,2001-05-26 14:10:00,Saturday,Collingwood,St Kilda,98,80,Collingwood,18,49937,M.C.G.,False
2001_Round_9_West_Coast_vs_Western_Bulldogs,2001,Round 9,2001-05-26 17:40:00,Saturday,West Coast,Western Bulldogs,77,125,Western Bulldogs,48,30063,Subiaco,False
2001_Round_9_Brisbane_Lions_vs_Adelaide,2001,Round 9,2001-05-26 19:40:00,Saturday,Brisbane Lions,Adelaide,122,127,Adelaide,5,24122,Gabba,False
2001_Round_9_Essendon_vs_Hawthorn,2001,Round 9,2001-05-26 19:40:00,Saturday,Essendon,Hawthorn,122,57,Essendon,65,50701,Docklands,False
2001_Round_9_Port_Adelaide_vs_Melbourne,2001,Round 9,2001-05-27 13:40:00,Sunday,Port Adelaide,Melbourne,88,68,Port Adelaide,20,22423,Football Park,False
2001_Round_9_Geelong_vs_Richmond,2001,Round 9,2001-05-27 14:10:00,Sunday,Geelong,Richmond,118,76,Geelong,42,27421,Kardinia Park,False
2001_Round_9_Sydney_vs_Fremantle,2001,Round 9,2001-05-27 14:10:00,Sunday,Sydney,Fremantle,84,65,Sydney,19,20611,S.C.G.,False
2001_Round_10_Carlton_vs_West_Coast,2001,Round 10,2001-06-02 14:10:00,Saturday,Carlton,West Coast,149,30,Carlton,119,19757,Princes Park,False
2001_Round_10_Hawthorn_vs_Port_Adelaide,2001,Round 10,2001-06-02 14:10:00,Saturday,Hawthorn,Port Adelaide,73,116,Port Adelaide,43,28228,M.C.G.,False
2001_Round_10_St_Kilda_vs_Melbourne,2001,Round 10,2001-06-02 19:00:00,Saturday,St Kilda,Melbourne,113,144,Melbourne,31,30497,Docklands,False
2001_Round_10_Brisbane_Lions_vs_Essendon,2001,Round 10,2001-06-02 19:40:00,Saturday,Brisbane Lions,Essendon,102,74,Brisbane Lions,28,36149,Gabba,False
2001_Round_10_Adelaide_vs_Geelong,2001,Round 10,2001-06-03 13:40:00,Sunday,Adelaide,Geelong,66,55,Adelaide,11,40466,Football Park,False
2001_Round_10_Collingwood_vs_Sydney,2001,Round 10,2001-06-03 14:10:00,Sunday,Collingwood,Sydney,55,73,Sydney,18,42640,Docklands,False
2001_Round_10_Fremantle_vs_Richmond,2001,Round 10,2001-06-03 14:10:00,Sunday,Fremantle,Richmond,46,84,Richmond,38,19626,Subiaco,False
2001_Round_11_St_Kilda_vs_Essendon,2001,Round 11,2001-06-08 19:40:00,Friday,St Kilda,Essendon,86,128,Essendon,42,40075,Docklands,False
2001_Round_11_Geelong_vs_Hawthorn,2001,Round 11,2001-06-09 14:10:00,Saturday,Geelong,Hawthorn,93,90,Geelong,3,37526,Docklands,False
2001_Round_11_West_Coast_vs_Brisbane_Lions,2001,Round 11,2001-06-09 17:40:00,Saturday,West Coast,Brisbane Lions,62,84,Brisbane Lions,22,25588,Subiaco,False
2001_Round_11_Adelaide_vs_Western_Bulldogs,2001,Round 11,2001-06-09 19:10:00,Saturday,Adelaide,Western Bulldogs,97,127,Western Bulldogs,30,38829,Football Park,False
2001_Round_11_Richmond_vs_Carlton,2001,Round 11,2001-06-10 14:10:00,Sunday,Richmond,Carlton,88,61,Richmond,27,71767,M.C.G.,False
2001_Round_11_Sydney_vs_Port_Adelaide,2001,Round 11,2001-06-10 14:10:00,Sunday,Sydney,Port Adelaide,125,78,Sydney,47,28187,S.C.G.,False
2001_Round_11_Melbourne_vs_Collingwood,2001,Round 11,2001-06-11 14:10:00,Monday,Melbourne,Collingwood,57,134,Collingwood,77,62761,M.C.G.,False
2001_Round_12_Essendon_vs_Adelaide,2001,Round 12,2001-06-15 19:40:00,Friday,Essendon,Adelaide,122,73,Essendon,49,38816,Docklands,False
2001_Round_12_Geelong_vs_Western_Bulldogs,2001,Round 12,2001-06-16 14:10:00,Saturday,Geelong,Western Bulldogs,87,94,Western Bulldogs,7,22771,Kardinia Park,False
2001_Round_12_Fremantle_vs_St_Kilda,2001,Round 12,2001-06-16 17:40:00,Saturday,Fremantle,St Kilda,80,90,St Kilda,10,19857,Subiaco,False
2001_Round_12_Melbourne_vs_Brisbane_Lions,2001,Round 12,2001-06-17 14:10:00,Sunday,Melbourne,Brisbane Lions,99,148,Brisbane Lions,49,23740,Gabba,False
2001_Round_12_Collingwood_vs_West_Coast,2001,Round 12,2001-06-22 19:40:00,Friday,Collingwood,West Coast,173,92,Collingwood,81,36589,Docklands,False
2001_Round_12_Richmond_vs_Sydney,2001,Round 12,2001-06-23 19:00:00,Saturday,Richmond,Sydney,86,60,Richmond,26,37196,Docklands,False
2001_Round_12_Port_Adelaide_vs_Carlton,2001,Round 12,2001-06-24 13:40:00,Sunday,Port Adelaide,Carlton,70,104,Carlton,34,35805,Football Park,False
2001_Round_13_Brisbane_Lions_vs_Hawthorn,2001,Round 13,2001-06-29 19:40:00,Friday,Brisbane Lions,Hawthorn,140,53,Brisbane Lions,87,30573,Gabba,False
2001_Round_13_Carlton_vs_Western_Bulldogs,2001,Round 13,2001-06-30 14:10:00,Saturday,Carlton,Western Bulldogs,153,92,Carlton,61,30067,Princes Park,False
2001_Round_13_Essendon_vs_Fremantle,2001,Round 13,2001-06-30 14:10:00,Saturday,Essendon,Fremantle,118,72,Essendon,46,29528,Docklands,False
2001_Round_13_Adelaide_vs_Collingwood,2001,Round 13,2001-06-30 19:10:00,Saturday,Adelaide,Collingwood,97,99,Collingwood,2,39010,Football Park,False
2001_Round_13_St_Kilda_vs_Richmond,2001,Round 13,2001-07-01 14:10:00,Sunday,St Kilda,Richmond,87,126,Richmond,39,40783,Docklands,False
2001_Round_13_Sydney_vs_Geelong,2001,Round 13,2001-07-01 14:10:00,Sunday,Sydney,Geelong,65,84,Geelong,19,26760,S.C.G.,False
2001_Round_13_West_Coast_vs_Melbourne,2001,Round 13,2001-07-01 14:10:00,Sunday,West Coast,Melbourne,95,88,West Coast,7,29783,Subiaco,False
2001_Round_14_Western_Bulldogs_vs_Essendon,2001,Round 14,2001-07-06 19:40:00,Friday,Western Bulldogs,Essendon,76,154,Essendon,78,48728,Docklands,False
2001_Round_14_Richmond_vs_Hawthorn,2001,Round 14,2001-07-07 14:10:00,Saturday,Richmond,Hawthorn,71,129,Hawthorn,58,52189,M.C.G.,False
2001_Round_14_Adelaide_vs_West_Coast,2001,Round 14,2001-07-07 19:10:00,Saturday,Adelaide,West Coast,64,51,Adelaide,13,31534,Football Park,False
2001_Round_14_Brisbane_Lions_vs_St_Kilda,2001,Round 14,2001-07-07 19:40:00,Saturday,Brisbane Lions,St Kilda,119,62,Brisbane Lions,57,22911,Gabba,False
2001_Round_14_Fremantle_vs_Port_Adelaide,2001,Round 14,2001-07-08 13:40:00,Sunday,Fremantle,Port Adelaide,71,163,Port Adelaide,92,15961,Subiaco,False
2001_Round_14_Geelong_vs_Collingwood,2001,Round 14,2001-07-08 14:10:00,Sunday,Geelong,Collingwood,111,93,Geelong,18,50160,Docklands,False
2001_Round_14_Sydney_vs_Carlton,2001,Round 14,2001-07-08 14:10:00,Sunday,Sydney,Carlton,91,81,Sydney,10,30488,S.C.G.,False
2001_Round_15_St_Kilda_vs_Adelaide,2001,Round 15,2001-07-13 19:40:00,Friday,St Kilda,Adelaide,59,156,Adelaide,97,26560,Docklands,False
2001_Round_15_Carlton_vs_Melbourne,2001,Round 15,2001-07-14 14:10:00,Saturday,Carlton,Melbourne,111,117,Melbourne,6,23901,Princes Park,False
2001_Round_15_Hawthorn_vs_Sydney,2001,Round 15,2001-07-14 14:10:00,Saturday,Hawthorn,Sydney,77,98,Sydney,21,34394,M.C.G.,False
2001_Round_15_Western_Bulldogs_vs_Fremantle,2001,Round 15,2001-07-14 14:10:00,Saturday,Western Bulldogs,Fremantle,119,85,Western Bulldogs,34,15111,Docklands,False
2001_Round_15_Port_Adelaide_vs_Richmond,2001,Round 15,2001-07-14 19:10:00,Saturday,Port Adelaide,Richmond,96,52,Port Adelaide,44,26773,Football Park,False
2001_Round_15_Collingwood_vs_Brisbane_Lions,2001,Round 15,2001-07-15 14:10:00,Sunday,Collingwood,Brisbane Lions,103,129,Brisbane Lions,26,45016,M.C.G.,False
2001_Round_15_Essendon_vs_Geelong,2001,Round 15,2001-07-15 14:10:00,Sunday,Essendon,Geelong,127,112,Essendon,15,48152,Docklands,False
2001_Round_16_Richmond_vs_Melbourne,2001,Round 16,2001-07-20 19:40:00,Friday,Richmond,Melbourne,127,86,Richmond,41,37938,M.C.G.,False
2001_Round_16_Carlton_vs_Fremantle,2001,Round 16,2001-07-21 14:10:00,Saturday,Carlton,Fremantle,131,56,Carlton,75,15622,Princes Park,False
2001_Round_16_Collingwood_vs_Hawthorn,2001,Round 16,2001-07-21 14:10:00,Saturday,Collingwood,Hawthorn,89,144,Hawthorn,55,52381,M.C.G.,False
2001_Round_16_St_Kilda_vs_Western_Bulldogs,2001,Round 16,2001-07-21 19:00:00,Saturday,St Kilda,Western Bulldogs,78,112,Western Bulldogs,34,21665,Docklands,False
2001_Round_16_Brisbane_Lions_vs_Port_Adelaide,2001,Round 16,2001-07-21 19:40:00,Saturday,Brisbane Lions,Port Adelaide,94,60,Brisbane Lions,34,29547,Gabba,False
2001_Round_16_West_Coast_vs_Geelong,2001,Round 16,2001-07-22 12:10:00,Sunday,West Coast,Geelong,80,150,Geelong,70,31456,Subiaco,False
2001_Round_16_Adelaide_vs_Sydney,2001,Round 16,2001-07-22 13:40:00,Sunday,Adelaide,Sydney,56,105,Sydney,49,46852,Football Park,False
2001_Round_17_Western_Bulldogs_vs_Richmond,2001,Round 17,2001-07-27 19:40:00,Friday,Western Bulldogs,Richmond,100,102,Richmond,2,43595,Docklands,False
2001_Round_17_Geelong_vs_St_Kilda,2001,Round 17,2001-07-28 14:10:00,Saturday,Geelong,St Kilda,78,66,Geelong,12,22414,Kardinia Park,False
2001_Round_17_Melbourne_vs_Adelaide,2001,Round 17,2001-07-28 14:10:00,Saturday,Melbourne,Adelaide,84,100,Adelaide,16,17566,M.C.G.,False
2001_Round_17_Fremantle_vs_Collingwood,2001,Round 17,2001-07-28 17:40:00,Saturday,Fremantle,Collingwood,90,119,Collingwood,29,20498,Subiaco,False
2001_Round_17_Port_Adelaide_vs_Essendon,2001,Round 17,2001-07-29 13:40:00,Sunday,Port Adelaide,Essendon,104,97,Port Adelaide,7,37930,Football Park,False
2001_Round_17_Hawthorn_vs_Carlton,2001,Round 17,2001-07-29 14:10:00,Sunday,Hawthorn,Carlton,96,93,Hawthorn,3,52472,M.C.G.,False
2001_Round_17_Sydney_vs_West_Coast,2001,Round 17,2001-07-29 14:10:00,Sunday,Sydney,West Coast,83,48,Sydney,35,20669,S.C.G.,False
2001_Round_18_Richmond_vs_Collingwood,2001,Round 18,2001-08-03 19:40:00,Friday,Richmond,Collingwood,71,51,Richmond,20,69930,M.C.G.,False
2001_Round_18_Geelong_vs_Melbourne,2001,Round 18,2001-08-04 14:10:00,Saturday,Geelong,Melbourne,100,103,Melbourne,3,31074,M.C.G.,False
2001_Round_18_Hawthorn_vs_Fremantle,2001,Round 18,2001-08-04 14:10:00,Saturday,Hawthorn,Fremantle,90,106,Fremantle,16,16595,Docklands,False
2001_Round_18_Port_Adelaide_vs_Adelaide,2001,Round 18,2001-08-05 13:40:00,Sunday,Port Adelaide,Adelaide,107,99,Port Adelaide,8,49846,Football Park,False
2001_Round_18_Brisbane_Lions_vs_Western_Bulldogs,2001,Round 18,2001-08-05 14:10:00,Sunday,Brisbane Lions,Western Bulldogs,136,103,Brisbane Lions,33,26872,Gabba,False
2001_Round_18_Essendon_vs_Carlton,2001,Round 18,2001-08-05 14:10:00,Sunday,Essendon,Carlton,95,102,Carlton,7,75873,M.C.G.,False
2001_Round_18_West_Coast_vs_St_Kilda,2001,Round 18,2001-08-05 14:10:00,Sunday,West Coast,St Kilda,171,79,West Coast,92,31358,Subiaco,False
2001_Round_19_St_Kilda_vs_Port_Adelaide,2001,Round 19,2001-08-11 14:10:00,Saturday,St Kilda,Port Adelaide,114,125,Port Adelaide,11,14018,Docklands,False
2001_Round_19_Melbourne_vs_Hawthorn,2001,Round 19,2001-08-11 19:00:00,Saturday,Melbourne,Hawthorn,71,156,Hawthorn,85,26632,M.C.G.,False
2001_Round_19_Adelaide_vs_Carlton,2001,Round 19,2001-08-11 19:10:00,Saturday,Adelaide,Carlton,106,53,Adelaide,53,44542,Football Park,False
2001_Round_19_Brisbane_Lions_vs_Richmond,2001,Round 19,2001-08-12 14:10:00,Sunday,Brisbane Lions,Richmond,128,97,Brisbane Lions,31,31324,Gabba,False
2001_Round_19_Collingwood_vs_Western_Bulldogs,2001,Round 19,2001-08-12 14:10:00,Sunday,Collingwood,Western Bulldogs,119,77,Collingwood,42,38793,M.C.G.,False
2001_Round_19_Essendon_vs_Sydney,2001,Round 19,2001-08-12 14:10:00,Sunday,Essendon,Sydney,79,77,Essendon,2,45057,Docklands,False
2001_Round_19_West_Coast_vs_Fremantle,2001,Round 19,2001-08-12 14:10:00,Sunday,West Coast,Fremantle,98,64,West Coast,34,41285,Subiaco,False
2001_Round_20_Richmond_vs_West_Coast,2001,Round 20,2001-08-18 14:10:00,Saturday,Richmond,West Coast,138,73,Richmond,65,25856,Docklands,False
2001_Round_20_Port_Adelaide_vs_Geelong,2001,Round 20,2001-08-18 19:10:00,Saturday,Port Adelaide,Geelong,99,69,Port Adelaide,30,25536,Football Park,False
2001_Round_20_Collingwood_vs_Essendon,2001,Round 20,2001-08-18 19:40:00,Saturday,Collingwood,Essendon,87,107,Essendon,20,71518,M.C.G.,False
2001_Round_20_Fremantle_vs_Brisbane_Lions,2001,Round 20,2001-08-19 12:10:00,Sunday,Fremantle,Brisbane Lions,87,138,Brisbane Lions,51,15136,Subiaco,False
2001_Round_20_Hawthorn_vs_Western_Bulldogs,2001,Round 20,2001-08-19 14:10:00,Sunday,Hawthorn,Western Bulldogs,79,125,Western Bulldogs,46,26642,M.C.G.,False
2001_Round_20_St_Kilda_vs_Carlton,2001,Round 20,2001-08-19 14:10:00,Sunday,St Kilda,Carlton,104,148,Carlton,44,34521,Docklands,False
2001_Round_20_Sydney_vs_Melbourne,2001,Round 20,2001-08-19 14:10:00,Sunday,Sydney,Melbourne,98,131,Melbourne,33,28367,S.C.G.,False
2001_Round_21_Carlton_vs_Collingwood,2001,Round 21,2001-08-25 14:10:00,Saturday,Carlton,Collingwood,130,62,Carlton,68,70051,M.C.G.,False
2001_Round_21_West_Coast_vs_Essendon,2001,Round 21,2001-08-25 17:40:00,Saturday,West Coast,Essendon,47,136,Essendon,89,36445,Subiaco,False
2001_Round_21_Western_Bulldogs_vs_Port_Adelaide,2001,Round 21,2001-08-25 19:00:00,Saturday,Western Bulldogs,Port Adelaide,73,150,Port Adelaide,77,19649,Docklands,False
2001_Round_21_Adelaide_vs_Hawthorn,2001,Round 21,2001-08-26 13:40:00,Sunday,Adelaide,Hawthorn,91,53,Adelaide,38,42827,Football Park,False
2001_Round_21_Geelong_vs_Brisbane_Lions,2001,Round 21,2001-08-26 14:10:00,Sunday,Geelong,Brisbane Lions,67,110,Brisbane Lions,43,24325,Kardinia Park,False
2001_Round_21_Melbourne_vs_Fremantle,2001,Round 21,2001-08-26 14:10:00,Sunday,Melbourne,Fremantle,114,79,Melbourne,35,12566,Docklands,False
2001_Round_21_Sydney_vs_St_Kilda,2001,Round 21,2001-08-26 14:10:00,Sunday,Sydney,St Kilda,142,55,Sydney,87,26334,S.C.G.,False
2001_Round_22_Essendon_vs_Richmond,2001,Round 22,2001-08-31 19:40:00,Friday,Essendon,Richmond,83,107,Richmond,24,77028,M.C.G.,False
2001_Round_22_Carlton_vs_Geelong,2001,Round 22,2001-09-01 14:10:00,Saturday,Carlton,Geelong,97,27,Carlton,70,26314,Princes Park,False
2001_Round_22_Fremantle_vs_Adelaide,2001,Round 22,2001-09-01 18:40:00,Saturday,Fremantle,Adelaide,120,83,Fremantle,37,19535,Subiaco,False
2001_Round_22_Hawthorn_vs_St_Kilda,2001,Round 22,2001-09-01 19:00:00,Saturday,Hawthorn,St Kilda,87,89,St Kilda,2,24113,M.C.G.,False
2001_Round_22_Brisbane_Lions_vs_Sydney,2001,Round 22,2001-09-01 19:40:00,Saturday,Brisbane Lions,Sydney,93,62,Brisbane Lions,31,33606,Gabba,False
2001_Round_22_Port_Adelaide_vs_West_Coast,2001,Round 22,2001-09-02 13:40:00,Sunday,Port Adelaide,West Coast,163,51,Port Adelaide,112,22976,Football Park,False
2001_Round_22_Western_Bulldogs_vs_Melbourne,2001,Round 22,2001-09-02 14:10:00,Sunday,Western Bulldogs,Melbourne,123,133,Melbourne,10,21146,Docklands,False
2001_Qualifying_Final_Essendon_vs_Richmond,2001,Qualifying Final,2001-09-07 19:45:00,Friday,Essendon,Richmond,113,43,Essendon,70,78253,M.C.G.,True
2001_Elimination_Final_Carlton_vs_Adelaide,2001,Elimination Final,2001-09-08 14:30:00,Saturday,Carlton,Adelaide,118,50,Carlton,68,53982,M.C.G.,True
2001_Qualifying_Final_Brisbane_Lions_vs_Port_Adelaide,2001,Qualifying Final,2001-09-08 19:45:00,Saturday,Brisbane Lions,Port Adelaide,88,56,Brisbane Lions,32,32380,Gabba,True
2001_Elimination_Final_Hawthorn_vs_Sydney,2001,Elimination Final,2001-09-09 14:30:00,Sunday,Hawthorn,Sydney,129,74,Hawthorn,55,32910,Docklands,True
2001_Semi_Final_Richmond_vs_Carlton,2001,Semi Final,2001-09-15 14:30:00,Saturday,Richmond,Carlton,67,56,Richmond,11,83323,M.C.G.,True
2001_Semi_Final_Port_Adelaide_vs_Hawthorn,2001,Semi Final,2001-09-15 19:15:00,Saturday,Port Adelaide,Hawthorn,69,72,Hawthorn,3,30613,Football Park,True
2001_Preliminary_Final_Essendon_vs_Hawthorn,2001,Preliminary Final,2001-09-22 14:30:00,Saturday,Essendon,Hawthorn,76,67,Essendon,9,86468,M.C.G.,True
2001_Preliminary_Final_Brisbane_Lions_vs_Richmond,2001,Preliminary Final,2001-09-22 19:45:00,Saturday,Brisbane Lions,Richmond,136,68,Brisbane Lions,68,37032,Gabba,True
2001_Grand_Final_Essendon_vs_Brisbane_Lions,2001,Grand Final,2001-09-29 14:30:00,Saturday,Essendon,Brisbane Lions,82,108,Brisbane Lions,26,91482,M.C.G.,True
2002_Round_1_Richmond_vs_Collingwood,2002,Round 1,2002-03-28 19:45:00,Thursday,Richmond,Collingwood,155,118,Richmond,37,65316,M.C.G.,False
2002_Round_1_St_Kilda_vs_Carlton,2002,Round 1,2002-03-30 14:10:00,Saturday,St Kilda,Carlton,89,65,St Kilda,24,33359,Docklands,False
2002_Round_1_Geelong_vs_Essendon,2002,Round 1,2002-03-30 19:10:00,Saturday,Geelong,Essendon,76,126,Essendon,50,42746,M.C.G.,False
2002_Round_1_Sydney_vs_Brisbane_Lions,2002,Round 1,2002-03-31 13:10:00,Sunday,Sydney,Brisbane Lions,87,110,Brisbane Lions,23,24052,S.C.G.,False
2002_Round_1_West_Coast_vs_Fremantle,2002,Round 1,2002-03-31 13:40:00,Sunday,West Coast,Fremantle,137,118,West Coast,19,39467,Subiaco,False
2002_Round_1_Western_Bulldogs_vs_Adelaide,2002,Round 1,2002-03-31 14:10:00,Sunday,Western Bulldogs,Adelaide,93,112,Adelaide,19,18475,Docklands,False
2002_Round_1_Hawthorn_vs_Melbourne,2002,Round 1,2002-04-01 14:10:00,Monday,Hawthorn,Melbourne,103,129,Melbourne,26,43484,M.C.G.,False
2002_Round_2_Essendon_vs_Richmond,2002,Round 2,2002-04-05 19:45:00,Friday,Essendon,Richmond,112,60,Essendon,52,67453,M.C.G.,False
2002_Round_2_Carlton_vs_Sydney,2002,Round 2,2002-04-06 14:10:00,Saturday,Carlton,Sydney,33,111,Sydney,78,22435,Princes Park,False
2002_Round_2_Collingwood_vs_West_Coast,2002,Round 2,2002-04-06 14:10:00,Saturday,Collingwood,West Coast,120,119,Collingwood,1,29348,M.C.G.,False
2002_Round_2_Adelaide_vs_Geelong,2002,Round 2,2002-04-06 19:10:00,Saturday,Adelaide,Geelong,110,79,Adelaide,31,44386,Football Park,False
2002_Round_2_Brisbane_Lions_vs_Hawthorn,2002,Round 2,2002-04-07 13:10:00,Sunday,Brisbane Lions,Hawthorn,148,46,Brisbane Lions,102,25660,Gabba,False
2002_Round_2_Fremantle_vs_St_Kilda,2002,Round 2,2002-04-07 13:40:00,Sunday,Fremantle,St Kilda,76,73,Fremantle,3,21138,Subiaco,False
2002_Round_2_Melbourne_vs_Port_Adelaide,2002,Round 2,2002-04-07 14:10:00,Sunday,Melbourne,Port Adelaide,109,82,Melbourne,27,19611,M.C.G.,False
2002_Round_3_Carlton_vs_Collingwood,2002,Round 3,2002-04-12 19:45:00,Friday,Carlton,Collingwood,75,55,Carlton,20,63864,M.C.G.,False
2002_Round_3_Adelaide_vs_Sydney,2002,Round 3,2002-04-13 14:10:00,Saturday,Adelaide,Sydney,114,84,Adelaide,30,42246,Football Park,False
2002_Round_3_Richmond_vs_Melbourne,2002,Round 3,2002-04-13 14:10:00,Saturday,Richmond,Melbourne,96,76,Richmond,20,37154,M.C.G.,False
2002_Round_3_Brisbane_Lions_vs_Essendon,2002,Round 3,2002-04-13 19:10:00,Saturday,Brisbane Lions,Essendon,117,67,Brisbane Lions,50,35898,Gabba,False
2002_Round_3_Hawthorn_vs_Fremantle,2002,Round 3,2002-04-14 13:10:00,Sunday,Hawthorn,Fremantle,89,79,Hawthorn,10,15066,York Park,False
2002_Round_3_West_Coast_vs_Western_Bulldogs,2002,Round 3,2002-04-14 13:40:00,Sunday,West Coast,Western Bulldogs,113,81,West Coast,32,31854,Subiaco,False
2002_Round_3_St_Kilda_vs_Port_Adelaide,2002,Round 3,2002-04-14 14:10:00,Sunday,St Kilda,Port Adelaide,56,139,Port Adelaide,83,17641,Docklands,False
2002_Round_4_Essendon_vs_Adelaide,2002,Round 4,2002-04-19 19:45:00,Friday,Essendon,Adelaide,122,81,Essendon,41,40322,Docklands,False
2002_Round_4_Collingwood_vs_Hawthorn,2002,Round 4,2002-04-20 14:10:00,Saturday,Collingwood,Hawthorn,104,63,Collingwood,41,48476,M.C.G.,False
2002_Round_4_Melbourne_vs_West_Coast,2002,Round 4,2002-04-20 14:10:00,Saturday,Melbourne,West Coast,137,103,Melbourne,34,9421,Princes Park,False
2002_Round_4_Western_Bulldogs_vs_Brisbane_Lions,2002,Round 4,2002-04-20 19:10:00,Saturday,Western Bulldogs,Brisbane Lions,78,94,Brisbane Lions,16,23928,Docklands,False
2002_Round_4_Port_Adelaide_vs_Carlton,2002,Round 4,2002-04-21 12:40:00,Sunday,Port Adelaide,Carlton,148,95,Port Adelaide,53,29486,Football Park,False
2002_Round_4_Fremantle_vs_Richmond,2002,Round 4,2002-04-21 13:40:00,Sunday,Fremantle,Richmond,138,72,Fremantle,66,23571,Subiaco,False
2002_Round_4_Geelong_vs_St_Kilda,2002,Round 4,2002-04-21 14:10:00,Sunday,Geelong,St Kilda,166,44,Geelong,122,23563,Kardinia Park,False
2002_Round_5_Collingwood_vs_Essendon,2002,Round 5,2002-04-25 14:15:00,Thursday,Collingwood,Essendon,66,33,Collingwood,33,84894,M.C.G.,False
2002_Round_5_Western_Bulldogs_vs_Melbourne,2002,Round 5,2002-04-26 19:45:00,Friday,Western Bulldogs,Melbourne,81,104,Melbourne,23,30789,Docklands,False
2002_Round_5_West_Coast_vs_Brisbane_Lions,2002,Round 5,2002-04-27 13:40:00,Saturday,West Coast,Brisbane Lions,121,75,West Coast,46,33313,Subiaco,False
2002_Round_5_Hawthorn_vs_Richmond,2002,Round 5,2002-04-27 14:10:00,Saturday,Hawthorn,Richmond,125,83,Hawthorn,42,39694,M.C.G.,False
2002_Round_5_Adelaide_vs_Port_Adelaide,2002,Round 5,2002-04-27 19:10:00,Saturday,Adelaide,Port Adelaide,82,90,Port Adelaide,8,49513,Football Park,False
2002_Round_5_St_Kilda_vs_Sydney,2002,Round 5,2002-04-27 19:10:00,Saturday,St Kilda,Sydney,56,56,Draw,0,21007,Docklands,False
2002_Round_5_Geelong_vs_Fremantle,2002,Round 5,2002-04-28 13:10:00,Sunday,Geelong,Fremantle,111,49,Geelong,62,20075,Kardinia Park,False
2002_Round_6_St_Kilda_vs_Collingwood,2002,Round 6,2002-05-03 19:45:00,Friday,St Kilda,Collingwood,28,111,Collingwood,83,46089,Docklands,False
2002_Round_6_Fremantle_vs_Essendon,2002,Round 6,2002-05-04 13:40:00,Saturday,Fremantle,Essendon,89,62,Fremantle,27,25319,Subiaco,False
2002_Round_6_Brisbane_Lions_vs_Geelong,2002,Round 6,2002-05-04 19:10:00,Saturday,Brisbane Lions,Geelong,146,89,Brisbane Lions,57,27015,Gabba,False
2002_Round_6_Carlton_vs_Western_Bulldogs,2002,Round 6,2002-05-04 19:10:00,Saturday,Carlton,Western Bulldogs,68,96,Western Bulldogs,28,29783,Docklands,False
2002_Round_6_Sydney_vs_Melbourne,2002,Round 6,2002-05-05 13:10:00,Sunday,Sydney,Melbourne,99,71,Sydney,28,23578,S.C.G.,False
2002_Round_6_Port_Adelaide_vs_West_Coast,2002,Round 6,2002-05-05 14:10:00,Sunday,Port Adelaide,West Coast,133,79,Port Adelaide,54,27056,Football Park,False
2002_Round_6_Richmond_vs_Adelaide,2002,Round 6,2002-05-05 14:10:00,Sunday,Richmond,Adelaide,73,105,Adelaide,32,23355,Docklands,False
2002_Round_7_Essendon_vs_Carlton,2002,Round 7,2002-05-10 19:45:00,Friday,Essendon,Carlton,87,62,Essendon,25,55633,M.C.G.,False
2002_Round_7_Hawthorn_vs_Geelong,2002,Round 7,2002-05-11 14:10:00,Saturday,Hawthorn,Geelong,130,78,Hawthorn,52,38709,M.C.G.,False
2002_Round_7_Adelaide_vs_Fremantle,2002,Round 7,2002-05-11 19:10:00,Saturday,Adelaide,Fremantle,118,89,Adelaide,29,44058,Football Park,False
2002_Round_7_Richmond_vs_Sydney,2002,Round 7,2002-05-11 19:10:00,Saturday,Richmond,Sydney,88,82,Richmond,6,29303,Docklands,False
2002_Round_7_Brisbane_Lions_vs_Port_Adelaide,2002,Round 7,2002-05-12 13:10:00,Sunday,Brisbane Lions,Port Adelaide,129,72,Brisbane Lions,57,24538,Gabba,False
2002_Round_7_Melbourne_vs_St_Kilda,2002,Round 7,2002-05-12 14:10:00,Sunday,Melbourne,St Kilda,105,102,Melbourne,3,20892,M.C.G.,False
2002_Round_7_Western_Bulldogs_vs_Collingwood,2002,Round 7,2002-05-12 14:10:00,Sunday,Western Bulldogs,Collingwood,63,73,Collingwood,10,34400,Docklands,False
2002_Round_8_Hawthorn_vs_Carlton,2002,Round 8,2002-05-17 19:45:00,Friday,Hawthorn,Carlton,89,80,Hawthorn,9,39142,M.C.G.,False
2002_Round_8_Port_Adelaide_vs_Geelong,2002,Round 8,2002-05-18 14:10:00,Saturday,Port Adelaide,Geelong,129,54,Port Adelaide,75,18193,Football Park,False
2002_Round_8_Richmond_vs_West_Coast,2002,Round 8,2002-05-18 14:10:00,Saturday,Richmond,West Coast,94,73,Richmond,21,22647,M.C.G.,False
2002_Round_8_Fremantle_vs_Melbourne,2002,Round 8,2002-05-18 17:40:00,Saturday,Fremantle,Melbourne,94,89,Fremantle,5,25027,Subiaco,False
2002_Round_8_Collingwood_vs_Brisbane_Lions,2002,Round 8,2002-05-18 19:10:00,Saturday,Collingwood,Brisbane Lions,114,111,Collingwood,3,46279,Docklands,False
2002_Round_8_Western_Bulldogs_vs_Sydney,2002,Round 8,2002-05-19 13:10:00,Sunday,Western Bulldogs,Sydney,159,90,Western Bulldogs,69,20934,S.C.G.,False
2002_Round_8_Essendon_vs_St_Kilda,2002,Round 8,2002-05-19 14:10:00,Sunday,Essendon,St Kilda,171,72,Essendon,99,34262,Docklands,False
2002_Round_9_Port_Adelaide_vs_Collingwood,2002,Round 9,2002-05-24 20:10:00,Friday,Port Adelaide,Collingwood,91,86,Port Adelaide,5,35834,Football Park,False
2002_Round_9_Geelong_vs_Western_Bulldogs,2002,Round 9,2002-05-25 14:10:00,Saturday,Geelong,Western Bulldogs,105,117,Western Bulldogs,12,22033,Kardinia Park,False
2002_Round_9_St_Kilda_vs_Richmond,2002,Round 9,2002-05-25 19:10:00,Saturday,St Kilda,Richmond,72,63,St Kilda,9,30336,Docklands,False
2002_Round_9_Sydney_vs_Essendon,2002,Round 9,2002-05-25 19:10:00,Saturday,Sydney,Essendon,83,85,Essendon,2,54129,Stadium Australia,False
2002_Round_9_Brisbane_Lions_vs_Fremantle,2002,Round 9,2002-05-26 13:10:00,Sunday,Brisbane Lions,Fremantle,109,79,Brisbane Lions,30,21709,Gabba,False
2002_Round_9_West_Coast_vs_Hawthorn,2002,Round 9,2002-05-26 13:40:00,Sunday,West Coast,Hawthorn,126,88,West Coast,38,38646,Subiaco,False
2002_Round_9_Carlton_vs_Adelaide,2002,Round 9,2002-05-26 14:10:00,Sunday,Carlton,Adelaide,75,131,Adelaide,56,19305,Princes Park,False
2002_Round_10_Geelong_vs_Melbourne,2002,Round 10,2002-06-01 14:10:00,Saturday,Geelong,Melbourne,89,63,Geelong,26,20031,Kardinia Park,False
2002_Round_10_Richmond_vs_Western_Bulldogs,2002,Round 10,2002-06-01 14:10:00,Saturday,Richmond,Western Bulldogs,98,117,Western Bulldogs,19,31586,M.C.G.,False
2002_Round_10_Adelaide_vs_Brisbane_Lions,2002,Round 10,2002-06-01 19:10:00,Saturday,Adelaide,Brisbane Lions,101,94,Adelaide,7,47279,Football Park,False
2002_Round_10_Collingwood_vs_Sydney,2002,Round 10,2002-06-01 19:10:00,Saturday,Collingwood,Sydney,95,84,Collingwood,11,45269,Docklands,False
2002_Round_10_Hawthorn_vs_Port_Adelaide,2002,Round 10,2002-06-02 13:10:00,Sunday,Hawthorn,Port Adelaide,77,117,Port Adelaide,40,18112,York Park,False
2002_Round_10_Fremantle_vs_Carlton,2002,Round 10,2002-06-02 13:40:00,Sunday,Fremantle,Carlton,96,68,Fremantle,28,27277,Subiaco,False
2002_Round_10_St_Kilda_vs_West_Coast,2002,Round 10,2002-06-02 14:10:00,Sunday,St Kilda,West Coast,127,77,St Kilda,50,18876,Docklands,False
2002_Round_11_Adelaide_vs_Hawthorn,2002,Round 11,2002-06-08 14:10:00,Saturday,Adelaide,Hawthorn,102,58,Adelaide,44,42162,Football Park,False
2002_Round_11_West_Coast_vs_Sydney,2002,Round 11,2002-06-08 17:40:00,Saturday,West Coast,Sydney,102,89,West Coast,13,35014,Subiaco,False
2002_Round_11_Essendon_vs_Port_Adelaide,2002,Round 11,2002-06-08 19:10:00,Saturday,Essendon,Port Adelaide,49,108,Port Adelaide,59,40044,Docklands,False
2002_Round_11_Brisbane_Lions_vs_St_Kilda,2002,Round 11,2002-06-09 13:10:00,Sunday,Brisbane Lions,St Kilda,113,52,Brisbane Lions,61,23157,Gabba,False
2002_Round_11_Geelong_vs_Carlton,2002,Round 11,2002-06-09 14:10:00,Sunday,Geelong,Carlton,100,96,Geelong,4,37294,Docklands,False
2002_Round_11_Western_Bulldogs_vs_Fremantle,2002,Round 11,2002-06-09 14:10:00,Sunday,Western Bulldogs,Fremantle,145,80,Western Bulldogs,65,11539,Princes Park,False
2002_Round_11_Melbourne_vs_Collingwood,2002,Round 11,2002-06-10 14:10:00,Monday,Melbourne,Collingwood,75,126,Collingwood,51,65860,M.C.G.,False
2002_Round_12_Essendon_vs_Hawthorn,2002,Round 12,2002-06-14 19:45:00,Friday,Essendon,Hawthorn,72,65,Essendon,7,40470,M.C.G.,False
2002_Round_12_Carlton_vs_West_Coast,2002,Round 12,2002-06-15 14:10:00,Saturday,Carlton,West Coast,88,89,West Coast,1,16353,Princes Park,False
2002_Round_12_Sydney_vs_Geelong,2002,Round 12,2002-06-15 19:10:00,Saturday,Sydney,Geelong,99,101,Geelong,2,21767,S.C.G.,False
2002_Round_12_Fremantle_vs_Collingwood,2002,Round 12,2002-06-16 12:40:00,Sunday,Fremantle,Collingwood,90,79,Fremantle,11,33088,Subiaco,False
2002_Round_12_Western_Bulldogs_vs_St_Kilda,2002,Round 12,2002-06-21 19:45:00,Friday,Western Bulldogs,St Kilda,133,86,Western Bulldogs,47,29453,Docklands,False
2002_Round_12_Melbourne_vs_Adelaide,2002,Round 12,2002-06-22 14:10:00,Saturday,Melbourne,Adelaide,98,73,Melbourne,25,12210,Princes Park,False
2002_Round_12_Port_Adelaide_vs_Richmond,2002,Round 12,2002-06-23 12:40:00,Sunday,Port Adelaide,Richmond,154,70,Port Adelaide,84,25770,Football Park,False
2002_Round_13_Essendon_vs_Melbourne,2002,Round 13,2002-06-28 19:45:00,Friday,Essendon,Melbourne,120,108,Essendon,12,41817,Docklands,False
2002_Round_13_Port_Adelaide_vs_Western_Bulldogs,2002,Round 13,2002-06-29 14:10:00,Saturday,Port Adelaide,Western Bulldogs,161,115,Port Adelaide,46,24751,Football Park,False
2002_Round_13_Richmond_vs_Geelong,2002,Round 13,2002-06-29 14:10:00,Saturday,Richmond,Geelong,54,96,Geelong,42,30197,M.C.G.,False
2002_Round_13_Brisbane_Lions_vs_Carlton,2002,Round 13,2002-06-29 19:10:00,Saturday,Brisbane Lions,Carlton,124,109,Brisbane Lions,15,27324,Gabba,False
2002_Round_13_Sydney_vs_Fremantle,2002,Round 13,2002-06-30 13:10:00,Sunday,Sydney,Fremantle,139,62,Sydney,77,16844,S.C.G.,False
2002_Round_13_West_Coast_vs_Adelaide,2002,Round 13,2002-06-30 13:40:00,Sunday,West Coast,Adelaide,135,117,West Coast,18,34937,Subiaco,False
2002_Round_13_St_Kilda_vs_Hawthorn,2002,Round 13,2002-06-30 14:10:00,Sunday,St Kilda,Hawthorn,78,87,Hawthorn,9,28928,Docklands,False
2002_Round_14_Carlton_vs_Richmond,2002,Round 14,2002-07-05 19:45:00,Friday,Carlton,Richmond,86,85,Carlton,1,36941,M.C.G.,False
2002_Round_14_Geelong_vs_West_Coast,2002,Round 14,2002-07-06 14:10:00,Saturday,Geelong,West Coast,65,33,Geelong,32,18608,Kardinia Park,False
2002_Round_14_Hawthorn_vs_Sydney,2002,Round 14,2002-07-06 14:10:00,Saturday,Hawthorn,Sydney,74,64,Hawthorn,10,25079,M.C.G.,False
2002_Round_14_Fremantle_vs_Port_Adelaide,2002,Round 14,2002-07-06 17:40:00,Saturday,Fremantle,Port Adelaide,63,147,Port Adelaide,84,24193,Subiaco,False
2002_Round_14_Western_Bulldogs_vs_Essendon,2002,Round 14,2002-07-06 19:10:00,Saturday,Western Bulldogs,Essendon,118,118,Draw,0,44864,Docklands,False
2002_Round_14_Melbourne_vs_Brisbane_Lions,2002,Round 14,2002-07-07 13:10:00,Sunday,Melbourne,Brisbane Lions,131,110,Melbourne,21,25166,Gabba,False
2002_Round_14_Adelaide_vs_Collingwood,2002,Round 14,2002-07-07 14:40:00,Sunday,Adelaide,Collingwood,116,138,Collingwood,22,46368,Football Park,False
2002_Round_15_Hawthorn_vs_Western_Bulldogs,2002,Round 15,2002-07-12 19:45:00,Friday,Hawthorn,Western Bulldogs,116,93,Hawthorn,23,35434,Docklands,False
2002_Round_15_Collingwood_vs_Geelong,2002,Round 15,2002-07-13 14:10:00,Saturday,Collingwood,Geelong,99,127,Geelong,28,65331,M.C.G.,False
2002_Round_15_Adelaide_vs_St_Kilda,2002,Round 15,2002-07-13 19:10:00,Saturday,Adelaide,St Kilda,99,81,Adelaide,18,29895,Football Park,False
2002_Round_15_Richmond_vs_Brisbane_Lions,2002,Round 15,2002-07-13 19:10:00,Saturday,Richmond,Brisbane Lions,55,118,Brisbane Lions,63,22642,Docklands,False
2002_Round_15_Sydney_vs_Port_Adelaide,2002,Round 15,2002-07-14 13:10:00,Sunday,Sydney,Port Adelaide,92,94,Port Adelaide,2,18974,S.C.G.,False
2002_Round_15_West_Coast_vs_Essendon,2002,Round 15,2002-07-14 13:40:00,Sunday,West Coast,Essendon,90,63,West Coast,27,37600,Subiaco,False
2002_Round_15_Carlton_vs_Melbourne,2002,Round 15,2002-07-14 14:10:00,Sunday,Carlton,Melbourne,95,139,Melbourne,44,37915,Docklands,False
2002_Round_16_Collingwood_vs_Richmond,2002,Round 16,2002-07-19 19:45:00,Friday,Collingwood,Richmond,89,49,Collingwood,40,48620,M.C.G.,False
2002_Round_16_Melbourne_vs_Hawthorn,2002,Round 16,2002-07-20 14:10:00,Saturday,Melbourne,Hawthorn,67,93,Hawthorn,26,37442,M.C.G.,False
2002_Round_16_Fremantle_vs_West_Coast,2002,Round 16,2002-07-20 17:40:00,Saturday,Fremantle,West Coast,100,70,Fremantle,30,41779,Subiaco,False
2002_Round_16_Essendon_vs_Geelong,2002,Round 16,2002-07-20 19:10:00,Saturday,Essendon,Geelong,56,95,Geelong,39,47778,Docklands,False
2002_Round_16_Brisbane_Lions_vs_Sydney,2002,Round 16,2002-07-21 13:10:00,Sunday,Brisbane Lions,Sydney,117,79,Brisbane Lions,38,25720,Gabba,False
2002_Round_16_Adelaide_vs_Western_Bulldogs,2002,Round 16,2002-07-21 14:10:00,Sunday,Adelaide,Western Bulldogs,138,95,Adelaide,43,41247,Football Park,False
2002_Round_16_Carlton_vs_St_Kilda,2002,Round 16,2002-07-21 14:10:00,Sunday,Carlton,St Kilda,97,140,St Kilda,43,33813,Docklands,False
2002_Round_17_Richmond_vs_Essendon,2002,Round 17,2002-07-26 19:45:00,Friday,Richmond,Essendon,53,54,Essendon,1,39650,M.C.G.,False
2002_Round_17_West_Coast_vs_Collingwood,2002,Round 17,2002-07-27 13:40:00,Saturday,West Coast,Collingwood,114,56,West Coast,58,38877,Subiaco,False
2002_Round_17_Hawthorn_vs_Brisbane_Lions,2002,Round 17,2002-07-27 14:10:00,Saturday,Hawthorn,Brisbane Lions,68,124,Brisbane Lions,56,35202,M.C.G.,False
2002_Round_17_Port_Adelaide_vs_Melbourne,2002,Round 17,2002-07-27 19:10:00,Saturday,Port Adelaide,Melbourne,116,112,Port Adelaide,4,25283,Football Park,False
2002_Round_17_Sydney_vs_Carlton,2002,Round 17,2002-07-27 19:20:00,Saturday,Sydney,Carlton,92,69,Sydney,23,34404,Stadium Australia,False
2002_Round_17_Geelong_vs_Adelaide,2002,Round 17,2002-07-28 13:10:00,Sunday,Geelong,Adelaide,90,93,Adelaide,3,24325,Kardinia Park,False
2002_Round_17_St_Kilda_vs_Fremantle,2002,Round 17,2002-07-28 14:10:00,Sunday,St Kilda,Fremantle,118,79,St Kilda,39,8078,Princes Park,False
2002_Round_18_Collingwood_vs_Carlton,2002,Round 18,2002-08-02 19:45:00,Friday,Collingwood,Carlton,141,33,Collingwood,108,54233,M.C.G.,False
2002_Round_18_Fremantle_vs_Hawthorn,2002,Round 18,2002-08-03 13:40:00,Saturday,Fremantle,Hawthorn,96,35,Fremantle,61,24332,Subiaco,False
2002_Round_18_Essendon_vs_Brisbane_Lions,2002,Round 18,2002-08-03 19:10:00,Saturday,Essendon,Brisbane Lions,71,108,Brisbane Lions,37,43036,Docklands,False
2002_Round_18_Port_Adelaide_vs_St_Kilda,2002,Round 18,2002-08-03 19:10:00,Saturday,Port Adelaide,St Kilda,105,63,Port Adelaide,42,22885,Football Park,False
2002_Round_18_Sydney_vs_Adelaide,2002,Round 18,2002-08-04 13:10:00,Sunday,Sydney,Adelaide,98,116,Adelaide,18,18766,S.C.G.,False
2002_Round_18_Melbourne_vs_Richmond,2002,Round 18,2002-08-04 14:10:00,Sunday,Melbourne,Richmond,94,99,Richmond,5,28815,M.C.G.,False
2002_Round_18_Western_Bulldogs_vs_West_Coast,2002,Round 18,2002-08-04 14:10:00,Sunday,Western Bulldogs,West Coast,142,91,Western Bulldogs,51,11809,Princes Park,False
2002_Round_19_Hawthorn_vs_Collingwood,2002,Round 19,2002-08-09 19:45:00,Friday,Hawthorn,Collingwood,105,97,Hawthorn,8,53750,M.C.G.,False
2002_Round_19_Carlton_vs_Port_Adelaide,2002,Round 19,2002-08-10 14:10:00,Saturday,Carlton,Port Adelaide,45,54,Port Adelaide,9,14115,Princes Park,False
2002_Round_19_Richmond_vs_Fremantle,2002,Round 19,2002-08-10 14:10:00,Saturday,Richmond,Fremantle,122,72,Richmond,50,19519,M.C.G.,False
2002_Round_19_Brisbane_Lions_vs_Western_Bulldogs,2002,Round 19,2002-08-10 19:10:00,Saturday,Brisbane Lions,Western Bulldogs,105,67,Brisbane Lions,38,27443,Gabba,False
2002_Round_19_Adelaide_vs_Essendon,2002,Round 19,2002-08-11 12:40:00,Sunday,Adelaide,Essendon,124,76,Adelaide,48,43720,Football Park,False
2002_Round_19_West_Coast_vs_Melbourne,2002,Round 19,2002-08-11 13:40:00,Sunday,West Coast,Melbourne,100,106,Melbourne,6,36195,Subiaco,False
2002_Round_19_St_Kilda_vs_Geelong,2002,Round 19,2002-08-11 15:15:00,Sunday,St Kilda,Geelong,101,102,Geelong,1,25552,Docklands,False
2002_Round_20_Richmond_vs_Hawthorn,2002,Round 20,2002-08-16 19:45:00,Friday,Richmond,Hawthorn,107,93,Richmond,14,39391,M.C.G.,False
2002_Round_20_Fremantle_vs_Geelong,2002,Round 20,2002-08-17 13:40:00,Saturday,Fremantle,Geelong,117,72,Fremantle,45,22610,Subiaco,False
2002_Round_20_Brisbane_Lions_vs_West_Coast,2002,Round 20,2002-08-17 19:10:00,Saturday,Brisbane Lions,West Coast,136,89,Brisbane Lions,47,29436,Gabba,False
2002_Round_20_Essendon_vs_Collingwood,2002,Round 20,2002-08-17 19:10:00,Saturday,Essendon,Collingwood,126,71,Essendon,55,69613,M.C.G.,False
2002_Round_20_Sydney_vs_St_Kilda,2002,Round 20,2002-08-18 13:10:00,Sunday,Sydney,St Kilda,87,80,Sydney,7,16079,S.C.G.,False
2002_Round_20_Melbourne_vs_Western_Bulldogs,2002,Round 20,2002-08-18 14:10:00,Sunday,Melbourne,Western Bulldogs,107,95,Melbourne,12,29225,M.C.G.,False
2002_Round_20_Port_Adelaide_vs_Adelaide,2002,Round 20,2002-08-18 14:10:00,Sunday,Port Adelaide,Adelaide,84,76,Port Adelaide,8,50275,Football Park,False
2002_Round_21_Geelong_vs_Brisbane_Lions,2002,Round 21,2002-08-24 14:10:00,Saturday,Geelong,Brisbane Lions,55,110,Brisbane Lions,55,24003,Kardinia Park,False
2002_Round_21_Melbourne_vs_Sydney,2002,Round 21,2002-08-24 14:10:00,Saturday,Melbourne,Sydney,77,145,Sydney,68,27146,M.C.G.,False
2002_Round_21_West_Coast_vs_Port_Adelaide,2002,Round 21,2002-08-24 17:40:00,Saturday,West Coast,Port Adelaide,65,103,Port Adelaide,38,36502,Subiaco,False
2002_Round_21_Western_Bulldogs_vs_Carlton,2002,Round 21,2002-08-24 19:10:00,Saturday,Western Bulldogs,Carlton,97,99,Carlton,2,22938,Docklands,False
2002_Round_21_Adelaide_vs_Richmond,2002,Round 21,2002-08-25 12:40:00,Sunday,Adelaide,Richmond,87,65,Adelaide,22,42878,Football Park,False
2002_Round_21_Collingwood_vs_St_Kilda,2002,Round 21,2002-08-25 14:10:00,Sunday,Collingwood,St Kilda,77,66,Collingwood,11,42056,M.C.G.,False
2002_Round_21_Essendon_vs_Fremantle,2002,Round 21,2002-08-25 14:10:00,Sunday,Essendon,Fremantle,93,72,Essendon,21,32667,Docklands,False
2002_Round_22_Geelong_vs_Hawthorn,2002,Round 22,2002-08-30 19:45:00,Friday,Geelong,Hawthorn,57,75,Hawthorn,18,41600,Docklands,False
2002_Round_22_Collingwood_vs_Western_Bulldogs,2002,Round 22,2002-08-31 14:10:00,Saturday,Collingwood,Western Bulldogs,73,114,Western Bulldogs,41,43894,M.C.G.,False
2002_Round_22_Port_Adelaide_vs_Brisbane_Lions,2002,Round 22,2002-08-31 14:10:00,Saturday,Port Adelaide,Brisbane Lions,90,84,Port Adelaide,6,46439,Football Park,False
2002_Round_22_St_Kilda_vs_Melbourne,2002,Round 22,2002-08-31 19:10:00,Saturday,St Kilda,Melbourne,117,135,Melbourne,18,34185,Docklands,False
2002_Round_22_Sydney_vs_Richmond,2002,Round 22,2002-08-31 19:10:00,Saturday,Sydney,Richmond,116,76,Sydney,40,40386,Stadium Australia,False
2002_Round_22_Fremantle_vs_Adelaide,2002,Round 22,2002-09-01 13:40:00,Sunday,Fremantle,Adelaide,80,120,Adelaide,40,21610,Subiaco,False
2002_Round_22_Carlton_vs_Essendon,2002,Round 22,2002-09-01 14:10:00,Sunday,Carlton,Essendon,37,92,Essendon,55,46649,M.C.G.,False
2002_Qualifying_Final_Port_Adelaide_vs_Collingwood,2002,Qualifying Final,2002-09-06 19:30:00,Friday,Port Adelaide,Collingwood,95,108,Collingwood,13,33131,Football Park,True
2002_Elimination_Final_Essendon_vs_West_Coast,2002,Elimination Final,2002-09-07 14:30:00,Saturday,Essendon,West Coast,111,78,Essendon,33,37475,Docklands,True
2002_Qualifying_Final_Brisbane_Lions_vs_Adelaide,2002,Qualifying Final,2002-09-07 19:30:00,Saturday,Brisbane Lions,Adelaide,115,44,Brisbane Lions,71,31854,Gabba,True
2002_Semi_Final_Port_Adelaide_vs_Essendon,2002,Semi Final,2002-09-13 19:30:00,Friday,Port Adelaide,Essendon,83,59,Port Adelaide,24,27661,Football Park,True
2002_Semi_Final_Melbourne_vs_Adelaide,2002,Semi Final,2002-09-14 19:30:00,Saturday,Melbourne,Adelaide,118,130,Adelaide,12,51533,M.C.G.,True
2002_Preliminary_Final_Adelaide_vs_Collingwood,2002,Preliminary Final,2002-09-21 14:30:00,Saturday,Adelaide,Collingwood,63,91,Collingwood,28,88960,M.C.G.,True
2002_Preliminary_Final_Brisbane_Lions_vs_Port_Adelaide,2002,Preliminary Final,2002-09-21 19:30:00,Saturday,Brisbane Lions,Port Adelaide,138,82,Brisbane Lions,56,33047,Gabba,True
2002_Grand_Final_Brisbane_Lions_vs_Collingwood,2002,Grand Final,2002-09-28 14:30:00,Saturday,Brisbane Lions,Collingwood,75,66,Brisbane Lions,9,91817,M.C.G.,True
2003_Round_1_Collingwood_vs_Richmond,2003,Round 1,2003-03-28 19:40:00,Friday,Collingwood,Richmond,94,66,Collingwood,28,61058,M.C.G.,False
2003_Round_1_West_Coast_vs_Port_Adelaide,2003,Round 1,2003-03-29 13:10:00,Saturday,West Coast,Port Adelaide,122,74,West Coast,48,35083,Subiaco,False
2003_Round_1_Brisbane_Lions_vs_Essendon,2003,Round 1,2003-03-29 19:10:00,Saturday,Brisbane Lions,Essendon,104,61,Brisbane Lions,43,36197,Gabba,False
2003_Round_1_Sydney_vs_Carlton,2003,Round 1,2003-03-29 19:20:00,Saturday,Sydney,Carlton,146,72,Sydney,74,30803,Stadium Australia,False
2003_Round_1_Adelaide_vs_Fremantle,2003,Round 1,2003-03-30 12:40:00,Sunday,Adelaide,Fremantle,145,89,Adelaide,56,45436,Football Park,False
2003_Round_1_Melbourne_vs_Hawthorn,2003,Round 1,2003-03-30 14:10:00,Sunday,Melbourne,Hawthorn,106,100,Melbourne,6,41888,M.C.G.,False
2003_Round_1_Western_Bulldogs_vs_Geelong,2003,Round 1,2003-03-30 14:10:00,Sunday,Western Bulldogs,Geelong,130,91,Western Bulldogs,39,27931,Docklands,False
2003_Round_2_Carlton_vs_Collingwood,2003,Round 2,2003-04-04 19:40:00,Friday,Carlton,Collingwood,91,107,Collingwood,16,51894,M.C.G.,False
2003_Round_2_Essendon_vs_Melbourne,2003,Round 2,2003-04-05 14:10:00,Saturday,Essendon,Melbourne,112,75,Essendon,37,43448,M.C.G.,False
2003_Round_2_St_Kilda_vs_Adelaide,2003,Round 2,2003-04-05 14:10:00,Saturday,St Kilda,Adelaide,99,91,St Kilda,8,19131,Docklands,False
2003_Round_2_Fremantle_vs_Sydney,2003,Round 2,2003-04-05 17:40:00,Saturday,Fremantle,Sydney,86,60,Fremantle,26,24887,Subiaco,False
2003_Round_2_Port_Adelaide_vs_Brisbane_Lions,2003,Round 2,2003-04-05 19:10:00,Saturday,Port Adelaide,Brisbane Lions,76,86,Brisbane Lions,10,27876,Football Park,False
2003_Round_2_Hawthorn_vs_West_Coast,2003,Round 2,2003-04-06 13:10:00,Sunday,Hawthorn,West Coast,91,89,Hawthorn,2,16217,York Park,False
2003_Round_2_Richmond_vs_Western_Bulldogs,2003,Round 2,2003-04-06 14:10:00,Sunday,Richmond,Western Bulldogs,111,89,Richmond,22,28847,Docklands,False
2003_Round_3_Essendon_vs_Carlton,2003,Round 3,2003-04-11 19:40:00,Friday,Essendon,Carlton,94,105,Carlton,11,44268,M.C.G.,False
2003_Round_3_West_Coast_vs_St_Kilda,2003,Round 3,2003-04-12 13:40:00,Saturday,West Coast,St Kilda,144,74,West Coast,70,32009,Subiaco,False
2003_Round_3_Collingwood_vs_Geelong,2003,Round 3,2003-04-12 14:10:00,Saturday,Collingwood,Geelong,116,69,Collingwood,47,43979,M.C.G.,False
2003_Round_3_Port_Adelaide_vs_Hawthorn,2003,Round 3,2003-04-12 19:10:00,Saturday,Port Adelaide,Hawthorn,128,71,Port Adelaide,57,24902,Football Park,False
2003_Round_3_Sydney_vs_Adelaide,2003,Round 3,2003-04-13 13:10:00,Sunday,Sydney,Adelaide,76,103,Adelaide,27,23651,S.C.G.,False
2003_Round_3_Melbourne_vs_Western_Bulldogs,2003,Round 3,2003-04-13 14:10:00,Sunday,Melbourne,Western Bulldogs,127,95,Melbourne,32,20790,Docklands,False
2003_Round_3_Richmond_vs_Fremantle,2003,Round 3,2003-04-13 14:10:00,Sunday,Richmond,Fremantle,94,46,Richmond,48,19677,M.C.G.,False
2003_Round_4_Brisbane_Lions_vs_Collingwood,2003,Round 4,2003-04-17 19:40:00,Thursday,Brisbane Lions,Collingwood,95,81,Brisbane Lions,14,36803,Gabba,False
2003_Round_4_Geelong_vs_Melbourne,2003,Round 4,2003-04-19 14:10:00,Saturday,Geelong,Melbourne,90,44,Geelong,46,23001,Kardinia Park,False
2003_Round_4_Hawthorn_vs_Sydney,2003,Round 4,2003-04-19 19:10:00,Saturday,Hawthorn,Sydney,110,68,Hawthorn,42,26359,M.C.G.,False
2003_Round_4_Western_Bulldogs_vs_Essendon,2003,Round 4,2003-04-19 19:10:00,Saturday,Western Bulldogs,Essendon,110,129,Essendon,19,35238,Docklands,False
2003_Round_4_Adelaide_vs_West_Coast,2003,Round 4,2003-04-20 12:40:00,Sunday,Adelaide,West Coast,106,73,Adelaide,33,43525,Football Park,False
2003_Round_4_Carlton_vs_Port_Adelaide,2003,Round 4,2003-04-20 14:10:00,Sunday,Carlton,Port Adelaide,84,114,Port Adelaide,30,22507,Princes Park,False
2003_Round_4_St_Kilda_vs_Richmond,2003,Round 4,2003-04-21 14:10:00,Monday,St Kilda,Richmond,81,107,Richmond,26,44382,Docklands,False
2003_Round_5_Essendon_vs_Collingwood,2003,Round 5,2003-04-25 14:45:00,Friday,Essendon,Collingwood,147,81,Essendon,66,62589,M.C.G.,False
2003_Round_5_Sydney_vs_Melbourne,2003,Round 5,2003-04-25 18:45:00,Friday,Sydney,Melbourne,109,85,Sydney,24,24286,S.C.G.,False
2003_Round_5_Hawthorn_vs_Richmond,2003,Round 5,2003-04-26 14:10:00,Saturday,Hawthorn,Richmond,95,115,Richmond,20,45140,M.C.G.,False
2003_Round_5_Adelaide_vs_Port_Adelaide,2003,Round 5,2003-04-26 19:10:00,Saturday,Adelaide,Port Adelaide,66,78,Port Adelaide,12,51140,Football Park,False
2003_Round_5_Brisbane_Lions_vs_Western_Bulldogs,2003,Round 5,2003-04-27 13:10:00,Sunday,Brisbane Lions,Western Bulldogs,106,79,Brisbane Lions,27,24341,Gabba,False
2003_Round_5_Fremantle_vs_West_Coast,2003,Round 5,2003-04-27 13:40:00,Sunday,Fremantle,West Coast,73,108,West Coast,35,41654,Subiaco,False
2003_Round_5_St_Kilda_vs_Geelong,2003,Round 5,2003-04-27 14:10:00,Sunday,St Kilda,Geelong,119,74,St Kilda,45,27240,Docklands,False
2003_Round_6_Carlton_vs_Hawthorn,2003,Round 6,2003-05-03 14:10:00,Saturday,Carlton,Hawthorn,63,74,Hawthorn,11,27725,Princes Park,False
2003_Round_6_Melbourne_vs_West_Coast,2003,Round 6,2003-05-03 14:10:00,Saturday,Melbourne,West Coast,94,127,West Coast,33,17534,M.C.G.,False
2003_Round_6_Collingwood_vs_Sydney,2003,Round 6,2003-05-03 19:10:00,Saturday,Collingwood,Sydney,89,109,Sydney,20,41874,Docklands,False
2003_Round_6_Port_Adelaide_vs_Richmond,2003,Round 6,2003-05-03 19:10:00,Saturday,Port Adelaide,Richmond,84,57,Port Adelaide,27,29608,Football Park,False
2003_Round_6_Geelong_vs_Brisbane_Lions,2003,Round 6,2003-05-04 12:40:00,Sunday,Geelong,Brisbane Lions,78,92,Brisbane Lions,14,21246,Kardinia Park,False
2003_Round_6_Fremantle_vs_Essendon,2003,Round 6,2003-05-04 13:20:00,Sunday,Fremantle,Essendon,131,100,Fremantle,31,28492,Subiaco,False
2003_Round_6_Western_Bulldogs_vs_St_Kilda,2003,Round 6,2003-05-04 14:10:00,Sunday,Western Bulldogs,St Kilda,85,100,St Kilda,15,27278,Docklands,False
2003_Round_7_West_Coast_vs_Geelong,2003,Round 7,2003-05-10 13:40:00,Saturday,West Coast,Geelong,113,97,West Coast,16,36268,Subiaco,False
2003_Round_7_Richmond_vs_Essendon,2003,Round 7,2003-05-10 14:10:00,Saturday,Richmond,Essendon,84,42,Richmond,42,52196,M.C.G.,False
2003_Round_7_Adelaide_vs_Collingwood,2003,Round 7,2003-05-10 19:10:00,Saturday,Adelaide,Collingwood,109,114,Collingwood,5,44706,Football Park,False
2003_Round_7_St_Kilda_vs_Carlton,2003,Round 7,2003-05-10 19:10:00,Saturday,St Kilda,Carlton,113,101,St Kilda,12,45122,Docklands,False
2003_Round_7_Sydney_vs_Brisbane_Lions,2003,Round 7,2003-05-11 13:10:00,Sunday,Sydney,Brisbane Lions,98,79,Sydney,19,23276,S.C.G.,False
2003_Round_7_Melbourne_vs_Port_Adelaide,2003,Round 7,2003-05-11 14:10:00,Sunday,Melbourne,Port Adelaide,111,84,Melbourne,27,12410,M.C.G.,False
2003_Round_7_Western_Bulldogs_vs_Fremantle,2003,Round 7,2003-05-11 14:10:00,Sunday,Western Bulldogs,Fremantle,72,155,Fremantle,83,12542,Docklands,False
2003_Round_8_Hawthorn_vs_Essendon,2003,Round 8,2003-05-16 19:40:00,Friday,Hawthorn,Essendon,53,106,Essendon,53,48006,M.C.G.,False
2003_Round_8_Collingwood_vs_West_Coast,2003,Round 8,2003-05-17 14:10:00,Saturday,Collingwood,West Coast,103,119,West Coast,16,39912,Docklands,False
2003_Round_8_Brisbane_Lions_vs_Adelaide,2003,Round 8,2003-05-17 19:10:00,Saturday,Brisbane Lions,Adelaide,107,89,Brisbane Lions,18,34469,Gabba,False
2003_Round_8_Richmond_vs_Melbourne,2003,Round 8,2003-05-17 19:10:00,Saturday,Richmond,Melbourne,112,103,Richmond,9,38063,M.C.G.,False
2003_Round_8_Sydney_vs_Geelong,2003,Round 8,2003-05-18 13:10:00,Sunday,Sydney,Geelong,112,73,Sydney,39,22483,S.C.G.,False
2003_Round_8_Fremantle_vs_St_Kilda,2003,Round 8,2003-05-18 13:40:00,Sunday,Fremantle,St Kilda,123,82,Fremantle,41,26723,Subiaco,False
2003_Round_8_Carlton_vs_Western_Bulldogs,2003,Round 8,2003-05-18 14:10:00,Sunday,Carlton,Western Bulldogs,107,100,Carlton,7,20602,Princes Park,False
2003_Round_9_Essendon_vs_Port_Adelaide,2003,Round 9,2003-05-23 19:40:00,Friday,Essendon,Port Adelaide,96,146,Port Adelaide,50,35390,Docklands,False
2003_Round_9_Carlton_vs_Brisbane_Lions,2003,Round 9,2003-05-24 14:10:00,Saturday,Carlton,Brisbane Lions,76,153,Brisbane Lions,77,24906,Princes Park,False
2003_Round_9_Melbourne_vs_Fremantle,2003,Round 9,2003-05-24 14:10:00,Saturday,Melbourne,Fremantle,71,101,Fremantle,30,17009,M.C.G.,False
2003_Round_9_West_Coast_vs_Richmond,2003,Round 9,2003-05-24 17:40:00,Saturday,West Coast,Richmond,124,72,West Coast,52,40313,Subiaco,False
2003_Round_9_Collingwood_vs_St_Kilda,2003,Round 9,2003-05-24 19:10:00,Saturday,Collingwood,St Kilda,149,84,Collingwood,65,46096,Docklands,False
2003_Round_9_Geelong_vs_Hawthorn,2003,Round 9,2003-05-25 14:10:00,Sunday,Geelong,Hawthorn,109,75,Geelong,34,28001,Docklands,False
2003_Round_9_Adelaide_vs_Western_Bulldogs,2003,Round 9,2003-05-25 14:40:00,Sunday,Adelaide,Western Bulldogs,109,93,Adelaide,16,44342,Football Park,False
2003_Round_10_Port_Adelaide_vs_Collingwood,2003,Round 10,2003-05-30 19:40:00,Friday,Port Adelaide,Collingwood,98,73,Port Adelaide,25,43321,Football Park,False
2003_Round_10_Fremantle_vs_Carlton,2003,Round 10,2003-05-31 13:40:00,Saturday,Fremantle,Carlton,127,99,Fremantle,28,33250,Subiaco,False
2003_Round_10_Melbourne_vs_Brisbane_Lions,2003,Round 10,2003-05-31 19:10:00,Saturday,Melbourne,Brisbane Lions,63,123,Brisbane Lions,60,29634,Gabba,False
2003_Round_10_Richmond_vs_Sydney,2003,Round 10,2003-05-31 19:10:00,Saturday,Richmond,Sydney,72,104,Sydney,32,34569,M.C.G.,False
2003_Round_10_Geelong_vs_Adelaide,2003,Round 10,2003-06-01 13:10:00,Sunday,Geelong,Adelaide,59,76,Adelaide,17,19608,Kardinia Park,False
2003_Round_10_Essendon_vs_West_Coast,2003,Round 10,2003-06-01 14:10:00,Sunday,Essendon,West Coast,128,106,Essendon,22,32715,Docklands,False
2003_Round_10_St_Kilda_vs_Hawthorn,2003,Round 10,2003-06-01 14:10:00,Sunday,St Kilda,Hawthorn,118,90,St Kilda,28,25745,M.C.G.,False
2003_Round_11_Hawthorn_vs_Adelaide,2003,Round 11,2003-06-07 14:10:00,Saturday,Hawthorn,Adelaide,75,70,Hawthorn,5,25841,M.C.G.,False
2003_Round_11_St_Kilda_vs_Brisbane_Lions,2003,Round 11,2003-06-07 19:10:00,Saturday,St Kilda,Brisbane Lions,90,85,St Kilda,5,30313,Docklands,False
2003_Round_11_Sydney_vs_Essendon,2003,Round 11,2003-06-07 19:20:00,Saturday,Sydney,Essendon,133,79,Sydney,54,45917,Stadium Australia,False
2003_Round_11_Port_Adelaide_vs_Fremantle,2003,Round 11,2003-06-08 12:40:00,Sunday,Port Adelaide,Fremantle,112,63,Port Adelaide,49,30745,Football Park,False
2003_Round_11_West_Coast_vs_Western_Bulldogs,2003,Round 11,2003-06-08 13:40:00,Sunday,West Coast,Western Bulldogs,124,124,Draw,0,38540,Subiaco,False
2003_Round_11_Geelong_vs_Carlton,2003,Round 11,2003-06-08 14:10:00,Sunday,Geelong,Carlton,115,75,Geelong,40,43587,Docklands,False
2003_Round_11_Melbourne_vs_Collingwood,2003,Round 11,2003-06-09 14:10:00,Monday,Melbourne,Collingwood,77,133,Collingwood,56,60010,M.C.G.,False
2003_Round_12_St_Kilda_vs_Port_Adelaide,2003,Round 12,2003-06-14 13:10:00,Saturday,St Kilda,Port Adelaide,57,99,Port Adelaide,42,17763,York Park,False
2003_Round_12_Richmond_vs_Carlton,2003,Round 12,2003-06-14 14:10:00,Saturday,Richmond,Carlton,86,93,Carlton,7,36557,M.C.G.,False
2003_Round_12_Fremantle_vs_Geelong,2003,Round 12,2003-06-14 17:40:00,Saturday,Fremantle,Geelong,88,72,Fremantle,16,30127,Subiaco,False
2003_Round_12_Western_Bulldogs_vs_Sydney,2003,Round 12,2003-06-14 19:10:00,Saturday,Western Bulldogs,Sydney,63,127,Sydney,64,21742,S.C.G.,False
2003_Round_12_Brisbane_Lions_vs_West_Coast,2003,Round 12,2003-06-15 13:10:00,Sunday,Brisbane Lions,West Coast,91,160,West Coast,69,31185,Gabba,False
2003_Round_12_Adelaide_vs_Melbourne,2003,Round 12,2003-06-15 14:10:00,Sunday,Adelaide,Melbourne,138,65,Adelaide,73,40178,Football Park,False
2003_Round_12_Collingwood_vs_Hawthorn,2003,Round 12,2003-06-15 14:10:00,Sunday,Collingwood,Hawthorn,51,84,Hawthorn,33,47365,M.C.G.,False
2003_Round_13_Essendon_vs_Geelong,2003,Round 13,2003-06-27 19:40:00,Friday,Essendon,Geelong,129,93,Essendon,36,48374,Docklands,False
2003_Round_13_Melbourne_vs_St_Kilda,2003,Round 13,2003-06-28 14:10:00,Saturday,Melbourne,St Kilda,136,94,Melbourne,42,29339,M.C.G.,False
2003_Round_13_Port_Adelaide_vs_Sydney,2003,Round 13,2003-06-28 14:10:00,Saturday,Port Adelaide,Sydney,99,60,Port Adelaide,39,24272,Football Park,False
2003_Round_13_Brisbane_Lions_vs_Richmond,2003,Round 13,2003-06-28 19:10:00,Saturday,Brisbane Lions,Richmond,104,61,Brisbane Lions,43,32623,Gabba,False
2003_Round_13_Western_Bulldogs_vs_Collingwood,2003,Round 13,2003-06-28 19:10:00,Saturday,Western Bulldogs,Collingwood,85,128,Collingwood,43,42952,Docklands,False
2003_Round_13_Hawthorn_vs_Fremantle,2003,Round 13,2003-06-29 13:10:00,Sunday,Hawthorn,Fremantle,98,68,Hawthorn,30,17212,York Park,False
2003_Round_13_Carlton_vs_Adelaide,2003,Round 13,2003-06-29 14:10:00,Sunday,Carlton,Adelaide,50,92,Adelaide,42,19242,Princes Park,False
2003_Round_14_St_Kilda_vs_Essendon,2003,Round 14,2003-07-04 19:40:00,Friday,St Kilda,Essendon,51,119,Essendon,68,49148,Docklands,False
2003_Round_14_Fremantle_vs_Brisbane_Lions,2003,Round 14,2003-07-05 13:40:00,Saturday,Fremantle,Brisbane Lions,75,72,Fremantle,3,28450,Subiaco,False
2003_Round_14_Hawthorn_vs_Western_Bulldogs,2003,Round 14,2003-07-05 14:10:00,Saturday,Hawthorn,Western Bulldogs,154,83,Hawthorn,71,31390,M.C.G.,False
2003_Round_14_Adelaide_vs_Richmond,2003,Round 14,2003-07-05 19:10:00,Saturday,Adelaide,Richmond,72,44,Adelaide,28,44809,Football Park,False
2003_Round_14_Sydney_vs_West_Coast,2003,Round 14,2003-07-06 13:10:00,Sunday,Sydney,West Coast,92,84,Sydney,8,31121,S.C.G.,False
2003_Round_14_Carlton_vs_Melbourne,2003,Round 14,2003-07-06 14:10:00,Sunday,Carlton,Melbourne,90,97,Melbourne,7,24289,Princes Park,False
2003_Round_14_Geelong_vs_Port_Adelaide,2003,Round 14,2003-07-06 14:10:00,Sunday,Geelong,Port Adelaide,70,69,Geelong,1,19770,Kardinia Park,False
2003_Round_15_Adelaide_vs_Essendon,2003,Round 15,2003-07-11 19:40:00,Friday,Adelaide,Essendon,90,49,Adelaide,41,41758,Football Park,False
2003_Round_15_Collingwood_vs_Fremantle,2003,Round 15,2003-07-12 14:10:00,Saturday,Collingwood,Fremantle,99,58,Collingwood,41,40964,M.C.G.,False
2003_Round_15_Richmond_vs_Geelong,2003,Round 15,2003-07-12 14:10:00,Saturday,Richmond,Geelong,97,101,Geelong,4,38546,Docklands,False
2003_Round_15_West_Coast_vs_Carlton,2003,Round 15,2003-07-12 17:40:00,Saturday,West Coast,Carlton,187,71,West Coast,116,39129,Subiaco,False
2003_Round_15_Sydney_vs_St_Kilda,2003,Round 15,2003-07-12 19:10:00,Saturday,Sydney,St Kilda,112,61,Sydney,51,27550,S.C.G.,False
2003_Round_15_Brisbane_Lions_vs_Hawthorn,2003,Round 15,2003-07-13 13:10:00,Sunday,Brisbane Lions,Hawthorn,93,81,Brisbane Lions,12,29684,Gabba,False
2003_Round_15_Western_Bulldogs_vs_Port_Adelaide,2003,Round 15,2003-07-13 14:10:00,Sunday,Western Bulldogs,Port Adelaide,93,108,Port Adelaide,15,14784,Docklands,False
2003_Round_16_Richmond_vs_Collingwood,2003,Round 16,2003-07-18 19:40:00,Friday,Richmond,Collingwood,62,131,Collingwood,69,54655,M.C.G.,False
2003_Round_16_Carlton_vs_Sydney,2003,Round 16,2003-07-19 14:10:00,Saturday,Carlton,Sydney,84,115,Sydney,31,21463,Princes Park,False
2003_Round_16_Hawthorn_vs_Melbourne,2003,Round 16,2003-07-19 14:10:00,Saturday,Hawthorn,Melbourne,113,106,Hawthorn,7,32029,M.C.G.,False
2003_Round_16_Essendon_vs_Brisbane_Lions,2003,Round 16,2003-07-19 19:10:00,Saturday,Essendon,Brisbane Lions,94,86,Essendon,8,47744,Docklands,False
2003_Round_16_Port_Adelaide_vs_West_Coast,2003,Round 16,2003-07-19 19:10:00,Saturday,Port Adelaide,West Coast,114,50,Port Adelaide,64,37624,Football Park,False
2003_Round_16_Geelong_vs_Western_Bulldogs,2003,Round 16,2003-07-20 13:10:00,Sunday,Geelong,Western Bulldogs,81,99,Western Bulldogs,18,22067,Kardinia Park,False
2003_Round_16_Fremantle_vs_Adelaide,2003,Round 16,2003-07-20 13:40:00,Sunday,Fremantle,Adelaide,91,90,Fremantle,1,31225,Subiaco,False
2003_Round_17_West_Coast_vs_Hawthorn,2003,Round 17,2003-07-25 18:40:00,Friday,West Coast,Hawthorn,98,42,West Coast,56,40127,Subiaco,False
2003_Round_17_Melbourne_vs_Essendon,2003,Round 17,2003-07-26 14:10:00,Saturday,Melbourne,Essendon,71,88,Essendon,17,33368,M.C.G.,False
2003_Round_17_Brisbane_Lions_vs_Port_Adelaide,2003,Round 17,2003-07-26 19:10:00,Saturday,Brisbane Lions,Port Adelaide,103,104,Port Adelaide,1,32043,Gabba,False
2003_Round_17_Western_Bulldogs_vs_Richmond,2003,Round 17,2003-07-26 19:10:00,Saturday,Western Bulldogs,Richmond,95,155,Richmond,60,25204,Docklands,False
2003_Round_17_Sydney_vs_Fremantle,2003,Round 17,2003-07-27 13:10:00,Sunday,Sydney,Fremantle,111,97,Sydney,14,30228,S.C.G.,False
2003_Round_17_Adelaide_vs_St_Kilda,2003,Round 17,2003-07-27 14:10:00,Sunday,Adelaide,St Kilda,143,86,Adelaide,57,44667,Football Park,False
2003_Round_17_Collingwood_vs_Carlton,2003,Round 17,2003-07-27 14:10:00,Sunday,Collingwood,Carlton,135,62,Collingwood,73,54500,M.C.G.,False
2003_Round_18_Western_Bulldogs_vs_Melbourne,2003,Round 18,2003-08-01 19:40:00,Friday,Western Bulldogs,Melbourne,101,80,Western Bulldogs,21,20714,Docklands,False
2003_Round_18_Fremantle_vs_Richmond,2003,Round 18,2003-08-02 13:40:00,Saturday,Fremantle,Richmond,104,81,Fremantle,23,31725,Subiaco,False
2003_Round_18_Carlton_vs_Essendon,2003,Round 18,2003-08-02 14:10:00,Saturday,Carlton,Essendon,56,90,Essendon,34,40697,M.C.G.,False
2003_Round_18_Geelong_vs_Collingwood,2003,Round 18,2003-08-02 19:10:00,Saturday,Geelong,Collingwood,73,97,Collingwood,24,45887,Docklands,False
2003_Round_18_Adelaide_vs_Sydney,2003,Round 18,2003-08-03 12:40:00,Sunday,Adelaide,Sydney,97,93,Adelaide,4,46945,Football Park,False
2003_Round_18_Hawthorn_vs_Port_Adelaide,2003,Round 18,2003-08-03 14:10:00,Sunday,Hawthorn,Port Adelaide,80,84,Port Adelaide,4,21415,M.C.G.,False
2003_Round_18_St_Kilda_vs_West_Coast,2003,Round 18,2003-08-03 14:10:00,Sunday,St Kilda,West Coast,128,67,St Kilda,61,21531,Docklands,False
2003_Round_19_Melbourne_vs_Geelong,2003,Round 19,2003-08-08 19:40:00,Friday,Melbourne,Geelong,45,84,Geelong,39,22508,M.C.G.,False
2003_Round_19_West_Coast_vs_Adelaide,2003,Round 19,2003-08-09 13:40:00,Saturday,West Coast,Adelaide,67,91,Adelaide,24,39681,Subiaco,False
2003_Round_19_Collingwood_vs_Brisbane_Lions,2003,Round 19,2003-08-09 14:10:00,Saturday,Collingwood,Brisbane Lions,62,101,Brisbane Lions,39,61868,M.C.G.,False
2003_Round_19_Richmond_vs_St_Kilda,2003,Round 19,2003-08-09 19:10:00,Saturday,Richmond,St Kilda,50,130,St Kilda,80,41514,Docklands,False
2003_Round_19_Sydney_vs_Hawthorn,2003,Round 19,2003-08-09 19:10:00,Saturday,Sydney,Hawthorn,93,110,Hawthorn,17,33473,S.C.G.,False
2003_Round_19_Port_Adelaide_vs_Carlton,2003,Round 19,2003-08-10 12:40:00,Sunday,Port Adelaide,Carlton,125,81,Port Adelaide,44,31083,Football Park,False
2003_Round_19_Essendon_vs_Western_Bulldogs,2003,Round 19,2003-08-10 14:10:00,Sunday,Essendon,Western Bulldogs,147,80,Essendon,67,36138,Docklands,False
2003_Round_20_Collingwood_vs_Adelaide,2003,Round 20,2003-08-15 19:40:00,Friday,Collingwood,Adelaide,108,71,Collingwood,37,45367,Docklands,False
2003_Round_20_Carlton_vs_St_Kilda,2003,Round 20,2003-08-16 14:10:00,Saturday,Carlton,St Kilda,75,166,St Kilda,91,22361,Princes Park,False
2003_Round_20_Geelong_vs_West_Coast,2003,Round 20,2003-08-16 14:10:00,Saturday,Geelong,West Coast,63,63,Draw,0,19202,Kardinia Park,False
2003_Round_20_Port_Adelaide_vs_Melbourne,2003,Round 20,2003-08-16 19:10:00,Saturday,Port Adelaide,Melbourne,112,98,Port Adelaide,14,28032,Football Park,False
2003_Round_20_Brisbane_Lions_vs_Sydney,2003,Round 20,2003-08-17 13:10:00,Sunday,Brisbane Lions,Sydney,76,90,Sydney,14,32988,Gabba,False
2003_Round_20_Fremantle_vs_Western_Bulldogs,2003,Round 20,2003-08-17 13:40:00,Sunday,Fremantle,Western Bulldogs,133,77,Fremantle,56,35518,Subiaco,False
2003_Round_20_Essendon_vs_Richmond,2003,Round 20,2003-08-17 14:10:00,Sunday,Essendon,Richmond,92,53,Essendon,39,40846,M.C.G.,False
2003_Round_21_Hawthorn_vs_Carlton,2003,Round 21,2003-08-22 19:40:00,Friday,Hawthorn,Carlton,138,64,Hawthorn,74,30406,M.C.G.,False
2003_Round_21_Essendon_vs_Fremantle,2003,Round 21,2003-08-23 14:10:00,Saturday,Essendon,Fremantle,133,73,Essendon,60,42256,Docklands,False
2003_Round_21_Brisbane_Lions_vs_Geelong,2003,Round 21,2003-08-23 19:10:00,Saturday,Brisbane Lions,Geelong,123,86,Brisbane Lions,37,30515,Gabba,False
2003_Round_21_Sydney_vs_Collingwood,2003,Round 21,2003-08-23 19:20:00,Saturday,Sydney,Collingwood,81,99,Collingwood,18,72393,Stadium Australia,False
2003_Round_21_St_Kilda_vs_Western_Bulldogs,2003,Round 21,2003-08-24 13:10:00,Sunday,St Kilda,Western Bulldogs,95,30,St Kilda,65,15637,York Park,False
2003_Round_21_West_Coast_vs_Melbourne,2003,Round 21,2003-08-24 13:40:00,Sunday,West Coast,Melbourne,143,91,West Coast,52,38029,Subiaco,False
2003_Round_21_Richmond_vs_Port_Adelaide,2003,Round 21,2003-08-24 14:10:00,Sunday,Richmond,Port Adelaide,104,124,Port Adelaide,20,15920,Docklands,False
2003_Round_22_Collingwood_vs_Essendon,2003,Round 22,2003-08-29 19:40:00,Friday,Collingwood,Essendon,83,67,Collingwood,16,68381,M.C.G.,False
2003_Round_22_Geelong_vs_St_Kilda,2003,Round 22,2003-08-30 14:10:00,Saturday,Geelong,St Kilda,84,65,Geelong,19,20728,Kardinia Park,False
2003_Round_22_Melbourne_vs_Sydney,2003,Round 22,2003-08-30 14:10:00,Saturday,Melbourne,Sydney,60,94,Sydney,34,22969,M.C.G.,False
2003_Round_22_West_Coast_vs_Fremantle,2003,Round 22,2003-08-30 17:40:00,Saturday,West Coast,Fremantle,82,96,Fremantle,14,43027,Subiaco,False
2003_Round_22_Western_Bulldogs_vs_Brisbane_Lions,2003,Round 22,2003-08-30 19:10:00,Saturday,Western Bulldogs,Brisbane Lions,86,170,Brisbane Lions,84,22361,Docklands,False
2003_Round_22_Port_Adelaide_vs_Adelaide,2003,Round 22,2003-08-31 12:40:00,Sunday,Port Adelaide,Adelaide,94,78,Port Adelaide,16,48131,Football Park,False
2003_Round_22_Richmond_vs_Hawthorn,2003,Round 22,2003-08-31 14:10:00,Sunday,Richmond,Hawthorn,74,78,Hawthorn,4,31389,M.C.G.,False
2003_Elimination_Final_Fremantle_vs_Essendon,2003,Elimination Final,2003-09-05 18:40:00,Friday,Fremantle,Essendon,57,101,Essendon,44,42770,Subiaco,True
2003_Elimination_Final_Adelaide_vs_West_Coast,2003,Elimination Final,2003-09-06 14:30:00,Saturday,Adelaide,West Coast,113,57,Adelaide,56,38641,Football Park,True
2003_Qualifying_Final_Collingwood_vs_Brisbane_Lions,2003,Qualifying Final,2003-09-06 19:30:00,Saturday,Collingwood,Brisbane Lions,66,51,Collingwood,15,66092,M.C.G.,True
2003_Qualifying_Final_Port_Adelaide_vs_Sydney,2003,Qualifying Final,2003-09-07 14:30:00,Sunday,Port Adelaide,Sydney,88,100,Sydney,12,33968,Football Park,True
2003_Semi_Final_Brisbane_Lions_vs_Adelaide,2003,Semi Final,2003-09-12 19:30:00,Friday,Brisbane Lions,Adelaide,124,82,Brisbane Lions,42,32432,Gabba,True
2003_Semi_Final_Port_Adelaide_vs_Essendon,2003,Semi Final,2003-09-13 19:30:00,Saturday,Port Adelaide,Essendon,83,44,Port Adelaide,39,36557,Football Park,True
2003_Preliminary_Final_Collingwood_vs_Port_Adelaide,2003,Preliminary Final,2003-09-20 14:30:00,Saturday,Collingwood,Port Adelaide,112,68,Collingwood,44,77405,M.C.G.,True
2003_Preliminary_Final_Sydney_vs_Brisbane_Lions,2003,Preliminary Final,2003-09-20 19:30:00,Saturday,Sydney,Brisbane Lions,56,100,Brisbane Lions,44,71019,Stadium Australia,True
2003_Grand_Final_Collingwood_vs_Brisbane_Lions,2003,Grand Final,2003-09-27 14:30:00,Saturday,Collingwood,Brisbane Lions,84,134,Brisbane Lions,50,79451,M.C.G.,True
2004_Round_1_Richmond_vs_Collingwood,2004,Round 1,2004-03-26 19:45:00,Friday,Richmond,Collingwood,97,57,Richmond,40,55622,M.C.G.,False
2004_Round_1_Fremantle_vs_Carlton,2004,Round 1,2004-03-27 13:15:00,Saturday,Fremantle,Carlton,107,60,Fremantle,47,34177,Subiaco,False
2004_Round_1_Hawthorn_vs_Melbourne,2004,Round 1,2004-03-27 14:15:00,Saturday,Hawthorn,Melbourne,119,70,Hawthorn,49,38351,M.C.G.,False
2004_Round_1_Brisbane_Lions_vs_Sydney,2004,Round 1,2004-03-27 19:15:00,Saturday,Brisbane Lions,Sydney,80,78,Brisbane Lions,2,34028,Gabba,False
2004_Round_1_St_Kilda_vs_Geelong,2004,Round 1,2004-03-27 19:15:00,Saturday,St Kilda,Geelong,122,61,St Kilda,61,35042,Docklands,False
2004_Round_1_Port_Adelaide_vs_Essendon,2004,Round 1,2004-03-28 12:45:00,Sunday,Port Adelaide,Essendon,158,62,Port Adelaide,96,28413,Football Park,False
2004_Round_1_Western_Bulldogs_vs_West_Coast,2004,Round 1,2004-03-28 14:15:00,Sunday,Western Bulldogs,West Coast,137,144,West Coast,7,18841,Docklands,False
2004_Round_2_Melbourne_vs_Richmond,2004,Round 2,2004-04-02 19:40:00,Friday,Melbourne,Richmond,135,76,Melbourne,59,33406,M.C.G.,False
2004_Round_2_Adelaide_vs_Brisbane_Lions,2004,Round 2,2004-04-03 14:10:00,Saturday,Adelaide,Brisbane Lions,83,104,Brisbane Lions,21,41095,Football Park,False
2004_Round_2_Collingwood_vs_Western_Bulldogs,2004,Round 2,2004-04-03 14:10:00,Saturday,Collingwood,Western Bulldogs,106,97,Collingwood,9,40044,M.C.G.,False
2004_Round_2_West_Coast_vs_Port_Adelaide,2004,Round 2,2004-04-03 17:40:00,Saturday,West Coast,Port Adelaide,115,118,Port Adelaide,3,39760,Subiaco,False
2004_Round_2_Essendon_vs_St_Kilda,2004,Round 2,2004-04-03 19:10:00,Saturday,Essendon,St Kilda,60,94,St Kilda,34,44876,Docklands,False
2004_Round_2_Sydney_vs_Fremantle,2004,Round 2,2004-04-04 13:10:00,Sunday,Sydney,Fremantle,102,71,Sydney,31,21366,S.C.G.,False
2004_Round_2_Carlton_vs_Geelong,2004,Round 2,2004-04-04 14:10:00,Sunday,Carlton,Geelong,104,50,Carlton,54,25037,Princes Park,False
2004_Round_3_Brisbane_Lions_vs_Collingwood,2004,Round 3,2004-04-08 19:40:00,Thursday,Brisbane Lions,Collingwood,137,77,Brisbane Lions,60,36467,Gabba,False
2004_Round_3_Essendon_vs_West_Coast,2004,Round 3,2004-04-10 19:10:00,Saturday,Essendon,West Coast,137,131,Essendon,6,33195,Docklands,False
2004_Round_3_Sydney_vs_Geelong,2004,Round 3,2004-04-10 19:10:00,Saturday,Sydney,Geelong,73,67,Sydney,6,25451,S.C.G.,False
2004_Round_3_Port_Adelaide_vs_Hawthorn,2004,Round 3,2004-04-11 12:40:00,Sunday,Port Adelaide,Hawthorn,171,90,Port Adelaide,81,27421,Football Park,False
2004_Round_3_Fremantle_vs_Adelaide,2004,Round 3,2004-04-11 14:10:00,Sunday,Fremantle,Adelaide,73,64,Fremantle,9,32575,Subiaco,False
2004_Round_3_Western_Bulldogs_vs_Melbourne,2004,Round 3,2004-04-11 14:10:00,Sunday,Western Bulldogs,Melbourne,87,97,Melbourne,10,27767,M.C.G.,False
2004_Round_3_St_Kilda_vs_Richmond,2004,Round 3,2004-04-12 14:10:00,Monday,St Kilda,Richmond,114,69,St Kilda,45,43468,Docklands,False
2004_Round_4_Carlton_vs_Essendon,2004,Round 4,2004-04-16 19:40:00,Friday,Carlton,Essendon,80,117,Essendon,37,60864,M.C.G.,False
2004_Round_4_Melbourne_vs_Port_Adelaide,2004,Round 4,2004-04-17 14:10:00,Saturday,Melbourne,Port Adelaide,124,71,Melbourne,53,20093,M.C.G.,False
2004_Round_4_West_Coast_vs_Brisbane_Lions,2004,Round 4,2004-04-17 14:10:00,Saturday,West Coast,Brisbane Lions,79,76,West Coast,3,39666,Subiaco,False
2004_Round_4_Adelaide_vs_St_Kilda,2004,Round 4,2004-04-17 19:10:00,Saturday,Adelaide,St Kilda,98,113,St Kilda,15,42219,Football Park,False
2004_Round_4_Geelong_vs_Richmond,2004,Round 4,2004-04-17 19:10:00,Saturday,Geelong,Richmond,127,78,Geelong,49,31375,Docklands,False
2004_Round_4_Collingwood_vs_Fremantle,2004,Round 4,2004-04-18 14:10:00,Sunday,Collingwood,Fremantle,54,88,Fremantle,34,34416,Docklands,False
2004_Round_4_Hawthorn_vs_Western_Bulldogs,2004,Round 4,2004-04-18 14:10:00,Sunday,Hawthorn,Western Bulldogs,97,109,Western Bulldogs,12,24959,M.C.G.,False
2004_Round_5_Richmond_vs_Adelaide,2004,Round 5,2004-04-23 19:45:00,Friday,Richmond,Adelaide,59,134,Adelaide,75,25267,Docklands,False
2004_Round_5_Carlton_vs_West_Coast,2004,Round 5,2004-04-24 14:10:00,Saturday,Carlton,West Coast,92,43,Carlton,49,18018,Princes Park,False
2004_Round_5_Brisbane_Lions_vs_Hawthorn,2004,Round 5,2004-04-24 19:10:00,Saturday,Brisbane Lions,Hawthorn,110,62,Brisbane Lions,48,34526,Gabba,False
2004_Round_5_Sydney_vs_Melbourne,2004,Round 5,2004-04-24 19:20:00,Saturday,Sydney,Melbourne,99,111,Melbourne,12,33127,Stadium Australia,False
2004_Round_5_Collingwood_vs_Essendon,2004,Round 5,2004-04-25 13:15:00,Sunday,Collingwood,Essendon,79,112,Essendon,33,57294,M.C.G.,False
2004_Round_5_Fremantle_vs_Geelong,2004,Round 5,2004-04-25 14:15:00,Sunday,Fremantle,Geelong,117,91,Fremantle,26,35021,Subiaco,False
2004_Round_5_Port_Adelaide_vs_Western_Bulldogs,2004,Round 5,2004-04-25 14:45:00,Sunday,Port Adelaide,Western Bulldogs,119,64,Port Adelaide,55,26839,Football Park,False
2004_Round_6_Richmond_vs_Hawthorn,2004,Round 6,2004-04-30 19:40:00,Friday,Richmond,Hawthorn,84,83,Richmond,1,37947,Docklands,False
2004_Round_6_Essendon_vs_Sydney,2004,Round 6,2004-05-01 14:10:00,Saturday,Essendon,Sydney,108,98,Essendon,10,38946,M.C.G.,False
2004_Round_6_West_Coast_vs_Fremantle,2004,Round 6,2004-05-01 17:40:00,Saturday,West Coast,Fremantle,73,83,Fremantle,10,42135,Subiaco,False
2004_Round_6_St_Kilda_vs_Brisbane_Lions,2004,Round 6,2004-05-01 19:10:00,Saturday,St Kilda,Brisbane Lions,92,91,St Kilda,1,52539,Docklands,False
2004_Round_6_Geelong_vs_Adelaide,2004,Round 6,2004-05-02 13:10:00,Sunday,Geelong,Adelaide,101,58,Geelong,43,18224,Kardinia Park,False
2004_Round_6_Melbourne_vs_Carlton,2004,Round 6,2004-05-02 14:10:00,Sunday,Melbourne,Carlton,160,55,Melbourne,105,38799,M.C.G.,False
2004_Round_6_Port_Adelaide_vs_Collingwood,2004,Round 6,2004-05-02 14:45:00,Sunday,Port Adelaide,Collingwood,101,84,Port Adelaide,17,31174,Football Park,False
2004_Round_7_Western_Bulldogs_vs_Essendon,2004,Round 7,2004-05-07 19:40:00,Friday,Western Bulldogs,Essendon,95,121,Essendon,26,45119,Docklands,False
2004_Round_7_Carlton_vs_Collingwood,2004,Round 7,2004-05-08 14:10:00,Saturday,Carlton,Collingwood,89,80,Carlton,9,56617,M.C.G.,False
2004_Round_7_Fremantle_vs_St_Kilda,2004,Round 7,2004-05-08 14:10:00,Saturday,Fremantle,St Kilda,72,95,St Kilda,23,39931,Subiaco,False
2004_Round_7_Port_Adelaide_vs_Adelaide,2004,Round 7,2004-05-08 19:10:00,Saturday,Port Adelaide,Adelaide,87,119,Adelaide,32,44733,Football Park,False
2004_Round_7_Sydney_vs_Richmond,2004,Round 7,2004-05-09 13:10:00,Sunday,Sydney,Richmond,54,67,Richmond,13,23014,S.C.G.,False
2004_Round_7_Melbourne_vs_West_Coast,2004,Round 7,2004-05-09 14:10:00,Sunday,Melbourne,West Coast,122,73,Melbourne,49,21145,M.C.G.,False
2004_Round_7_Hawthorn_vs_Geelong,2004,Round 7,2004-05-09 17:10:00,Sunday,Hawthorn,Geelong,52,108,Geelong,56,28612,Docklands,False
2004_Round_8_Adelaide_vs_Essendon,2004,Round 8,2004-05-14 20:10:00,Friday,Adelaide,Essendon,84,135,Essendon,51,46309,Football Park,False
2004_Round_8_Richmond_vs_Western_Bulldogs,2004,Round 8,2004-05-15 14:10:00,Saturday,Richmond,Western Bulldogs,105,82,Richmond,23,33960,M.C.G.,False
2004_Round_8_West_Coast_vs_Sydney,2004,Round 8,2004-05-15 14:10:00,Saturday,West Coast,Sydney,124,97,West Coast,27,38870,Subiaco,False
2004_Round_8_Brisbane_Lions_vs_Carlton,2004,Round 8,2004-05-15 19:10:00,Saturday,Brisbane Lions,Carlton,140,102,Brisbane Lions,38,34368,Gabba,False
2004_Round_8_St_Kilda_vs_Collingwood,2004,Round 8,2004-05-15 19:10:00,Saturday,St Kilda,Collingwood,138,91,St Kilda,47,47898,Docklands,False
2004_Round_8_Hawthorn_vs_Fremantle,2004,Round 8,2004-05-16 13:10:00,Sunday,Hawthorn,Fremantle,70,61,Hawthorn,9,14554,York Park,False
2004_Round_8_Geelong_vs_Melbourne,2004,Round 8,2004-05-16 14:10:00,Sunday,Geelong,Melbourne,101,87,Geelong,14,21157,Kardinia Park,False
2004_Round_9_Collingwood_vs_Adelaide,2004,Round 9,2004-05-21 19:40:00,Friday,Collingwood,Adelaide,68,65,Collingwood,3,37881,Docklands,False
2004_Round_9_Fremantle_vs_Brisbane_Lions,2004,Round 9,2004-05-22 14:10:00,Saturday,Fremantle,Brisbane Lions,137,78,Fremantle,59,32575,Subiaco,False
2004_Round_9_Geelong_vs_Essendon,2004,Round 9,2004-05-22 19:10:00,Saturday,Geelong,Essendon,120,97,Geelong,23,51400,Docklands,False
2004_Round_9_Port_Adelaide_vs_Richmond,2004,Round 9,2004-05-22 19:10:00,Saturday,Port Adelaide,Richmond,128,50,Port Adelaide,78,25761,Football Park,False
2004_Round_9_Sydney_vs_Hawthorn,2004,Round 9,2004-05-23 13:10:00,Sunday,Sydney,Hawthorn,80,79,Sydney,1,25127,S.C.G.,False
2004_Round_9_Carlton_vs_Western_Bulldogs,2004,Round 9,2004-05-23 14:10:00,Sunday,Carlton,Western Bulldogs,79,104,Western Bulldogs,25,26041,Princes Park,False
2004_Round_9_St_Kilda_vs_West_Coast,2004,Round 9,2004-05-23 14:10:00,Sunday,St Kilda,West Coast,169,68,St Kilda,101,30478,Docklands,False
2004_Round_10_Essendon_vs_Fremantle,2004,Round 10,2004-05-28 19:40:00,Friday,Essendon,Fremantle,115,85,Essendon,30,38411,Docklands,False
2004_Round_10_Hawthorn_vs_Adelaide,2004,Round 10,2004-05-29 14:10:00,Saturday,Hawthorn,Adelaide,47,133,Adelaide,86,22942,M.C.G.,False
2004_Round_10_West_Coast_vs_Richmond,2004,Round 10,2004-05-29 14:10:00,Saturday,West Coast,Richmond,100,63,West Coast,37,38517,Subiaco,False
2004_Round_10_Western_Bulldogs_vs_Sydney,2004,Round 10,2004-05-29 19:10:00,Saturday,Western Bulldogs,Sydney,67,93,Sydney,26,23479,S.C.G.,False
2004_Round_10_Melbourne_vs_Brisbane_Lions,2004,Round 10,2004-05-30 13:10:00,Sunday,Melbourne,Brisbane Lions,83,123,Brisbane Lions,40,32902,Gabba,False
2004_Round_10_Carlton_vs_St_Kilda,2004,Round 10,2004-05-30 14:10:00,Sunday,Carlton,St Kilda,88,196,St Kilda,108,37136,Docklands,False
2004_Round_10_Port_Adelaide_vs_Geelong,2004,Round 10,2004-05-30 14:10:00,Sunday,Port Adelaide,Geelong,116,112,Port Adelaide,4,29177,Football Park,False
2004_Round_11_Collingwood_vs_West_Coast,2004,Round 11,2004-06-04 19:40:00,Friday,Collingwood,West Coast,93,75,Collingwood,18,44401,Docklands,False
2004_Round_11_Adelaide_vs_Carlton,2004,Round 11,2004-06-05 14:10:00,Saturday,Adelaide,Carlton,87,91,Carlton,4,41617,Football Park,False
2004_Round_11_Hawthorn_vs_Essendon,2004,Round 11,2004-06-05 14:10:00,Saturday,Hawthorn,Essendon,80,154,Essendon,74,42682,M.C.G.,False
2004_Round_11_Brisbane_Lions_vs_Port_Adelaide,2004,Round 11,2004-06-05 19:10:00,Saturday,Brisbane Lions,Port Adelaide,123,86,Brisbane Lions,37,34241,Gabba,False
2004_Round_11_Sydney_vs_St_Kilda,2004,Round 11,2004-06-06 13:10:00,Sunday,Sydney,St Kilda,112,76,Sydney,36,36039,S.C.G.,False
2004_Round_11_Fremantle_vs_Melbourne,2004,Round 11,2004-06-06 14:10:00,Sunday,Fremantle,Melbourne,62,93,Melbourne,31,33125,Subiaco,False
2004_Round_11_Western_Bulldogs_vs_Geelong,2004,Round 11,2004-06-06 14:10:00,Sunday,Western Bulldogs,Geelong,67,113,Geelong,46,31811,Docklands,False
2004_Round_12_Carlton_vs_Hawthorn,2004,Round 12,2004-06-11 19:40:00,Friday,Carlton,Hawthorn,100,88,Carlton,12,47302,Docklands,False
2004_Round_12_Western_Bulldogs_vs_St_Kilda,2004,Round 12,2004-06-12 14:10:00,Saturday,Western Bulldogs,St Kilda,103,80,Western Bulldogs,23,28306,M.C.G.,False
2004_Round_12_West_Coast_vs_Adelaide,2004,Round 12,2004-06-12 17:40:00,Saturday,West Coast,Adelaide,108,76,West Coast,32,37580,Subiaco,False
2004_Round_12_Essendon_vs_Brisbane_Lions,2004,Round 12,2004-06-12 19:10:00,Saturday,Essendon,Brisbane Lions,96,162,Brisbane Lions,66,50003,Docklands,False
2004_Round_12_Port_Adelaide_vs_Sydney,2004,Round 12,2004-06-13 12:40:00,Sunday,Port Adelaide,Sydney,132,60,Port Adelaide,72,28032,Football Park,False
2004_Round_12_Richmond_vs_Fremantle,2004,Round 12,2004-06-13 14:10:00,Sunday,Richmond,Fremantle,71,81,Fremantle,10,18666,M.C.G.,False
2004_Round_12_Melbourne_vs_Collingwood,2004,Round 12,2004-06-14 14:10:00,Monday,Melbourne,Collingwood,82,73,Melbourne,9,56988,M.C.G.,False
2004_Round_13_St_Kilda_vs_Hawthorn,2004,Round 13,2004-06-18 19:40:00,Friday,St Kilda,Hawthorn,127,61,St Kilda,66,36925,Docklands,False
2004_Round_13_Geelong_vs_Brisbane_Lions,2004,Round 13,2004-06-19 14:10:00,Saturday,Geelong,Brisbane Lions,92,65,Geelong,27,17648,Kardinia Park,False
2004_Round_13_Fremantle_vs_Port_Adelaide,2004,Round 13,2004-06-19 17:40:00,Saturday,Fremantle,Port Adelaide,102,112,Port Adelaide,10,36507,Subiaco,False
2004_Round_13_Richmond_vs_Carlton,2004,Round 13,2004-06-19 19:10:00,Saturday,Richmond,Carlton,93,124,Carlton,31,46618,Docklands,False
2004_Round_13_Adelaide_vs_Western_Bulldogs,2004,Round 13,2004-06-20 14:10:00,Sunday,Adelaide,Western Bulldogs,133,101,Adelaide,32,36774,Football Park,False
2004_Round_13_Essendon_vs_Melbourne,2004,Round 13,2004-06-20 14:10:00,Sunday,Essendon,Melbourne,69,95,Melbourne,26,47314,M.C.G.,False
2004_Round_13_Sydney_vs_Collingwood,2004,Round 13,2004-06-26 19:20:00,Saturday,Sydney,Collingwood,85,79,Sydney,6,50091,Stadium Australia,False
2004_Round_14_Carlton_vs_Sydney,2004,Round 14,2004-07-03 14:10:00,Saturday,Carlton,Sydney,84,95,Sydney,11,26172,Princes Park,False
2004_Round_14_Collingwood_vs_Hawthorn,2004,Round 14,2004-07-03 14:10:00,Saturday,Collingwood,Hawthorn,140,75,Collingwood,65,44329,M.C.G.,False
2004_Round_14_West_Coast_vs_Geelong,2004,Round 14,2004-07-03 17:40:00,Saturday,West Coast,Geelong,51,49,West Coast,2,36668,Subiaco,False
2004_Round_14_Brisbane_Lions_vs_Richmond,2004,Round 14,2004-07-03 19:10:00,Saturday,Brisbane Lions,Richmond,114,96,Brisbane Lions,18,32744,Gabba,False
2004_Round_14_St_Kilda_vs_Port_Adelaide,2004,Round 14,2004-07-04 13:10:00,Sunday,St Kilda,Port Adelaide,47,93,Port Adelaide,46,19223,York Park,False
2004_Round_14_Adelaide_vs_Melbourne,2004,Round 14,2004-07-04 14:10:00,Sunday,Adelaide,Melbourne,145,73,Adelaide,72,39288,Football Park,False
2004_Round_14_Western_Bulldogs_vs_Fremantle,2004,Round 14,2004-07-04 14:10:00,Sunday,Western Bulldogs,Fremantle,76,117,Fremantle,41,18734,Docklands,False
2004_Round_15_Collingwood_vs_Geelong,2004,Round 15,2004-07-09 19:40:00,Friday,Collingwood,Geelong,65,94,Geelong,29,50627,Docklands,False
2004_Round_15_Hawthorn_vs_West_Coast,2004,Round 15,2004-07-10 13:10:00,Saturday,Hawthorn,West Coast,82,86,West Coast,4,15581,York Park,False
2004_Round_15_Richmond_vs_Essendon,2004,Round 15,2004-07-10 14:10:00,Saturday,Richmond,Essendon,77,155,Essendon,78,48286,M.C.G.,False
2004_Round_15_Sydney_vs_Adelaide,2004,Round 15,2004-07-10 19:15:00,Saturday,Sydney,Adelaide,58,45,Sydney,13,28493,S.C.G.,False
2004_Round_15_Brisbane_Lions_vs_Western_Bulldogs,2004,Round 15,2004-07-11 13:10:00,Sunday,Brisbane Lions,Western Bulldogs,136,68,Brisbane Lions,68,29295,Gabba,False
2004_Round_15_Melbourne_vs_St_Kilda,2004,Round 15,2004-07-11 14:10:00,Sunday,Melbourne,St Kilda,146,89,Melbourne,57,54409,M.C.G.,False
2004_Round_15_Port_Adelaide_vs_Carlton,2004,Round 15,2004-07-11 14:10:00,Sunday,Port Adelaide,Carlton,123,40,Port Adelaide,83,30109,Football Park,False
2004_Round_16_West_Coast_vs_Essendon,2004,Round 16,2004-07-16 18:40:00,Friday,West Coast,Essendon,117,73,West Coast,44,40674,Subiaco,False
2004_Round_16_Richmond_vs_St_Kilda,2004,Round 16,2004-07-17 14:10:00,Saturday,Richmond,St Kilda,61,105,St Kilda,44,34631,Docklands,False
2004_Round_16_Adelaide_vs_Fremantle,2004,Round 16,2004-07-17 19:10:00,Saturday,Adelaide,Fremantle,80,92,Fremantle,12,34855,Football Park,False
2004_Round_16_Collingwood_vs_Brisbane_Lions,2004,Round 16,2004-07-17 19:10:00,Saturday,Collingwood,Brisbane Lions,73,109,Brisbane Lions,36,34326,M.C.G.,False
2004_Round_16_Geelong_vs_Sydney,2004,Round 16,2004-07-18 13:10:00,Sunday,Geelong,Sydney,77,62,Geelong,15,20515,Kardinia Park,False
2004_Round_16_Hawthorn_vs_Port_Adelaide,2004,Round 16,2004-07-18 14:10:00,Sunday,Hawthorn,Port Adelaide,53,105,Port Adelaide,52,11682,M.C.G.,False
2004_Round_16_Melbourne_vs_Western_Bulldogs,2004,Round 16,2004-07-18 14:10:00,Sunday,Melbourne,Western Bulldogs,93,55,Melbourne,38,25107,Docklands,False
2004_Round_17_St_Kilda_vs_Essendon,2004,Round 17,2004-07-23 19:40:00,Friday,St Kilda,Essendon,127,92,St Kilda,35,50392,Docklands,False
2004_Round_17_Fremantle_vs_Sydney,2004,Round 17,2004-07-24 14:10:00,Saturday,Fremantle,Sydney,118,91,Fremantle,27,35037,Subiaco,False
2004_Round_17_Brisbane_Lions_vs_Adelaide,2004,Round 17,2004-07-24 19:10:00,Saturday,Brisbane Lions,Adelaide,189,48,Brisbane Lions,141,33443,Gabba,False
2004_Round_17_Western_Bulldogs_vs_Collingwood,2004,Round 17,2004-07-24 19:10:00,Saturday,Western Bulldogs,Collingwood,66,115,Collingwood,49,32675,Docklands,False
2004_Round_17_Port_Adelaide_vs_West_Coast,2004,Round 17,2004-07-25 12:40:00,Sunday,Port Adelaide,West Coast,102,76,Port Adelaide,26,26286,Football Park,False
2004_Round_17_Geelong_vs_Carlton,2004,Round 17,2004-07-25 14:10:00,Sunday,Geelong,Carlton,131,74,Geelong,57,43210,Docklands,False
2004_Round_17_Richmond_vs_Melbourne,2004,Round 17,2004-07-25 14:10:00,Sunday,Richmond,Melbourne,70,126,Melbourne,56,25211,M.C.G.,False
2004_Round_18_Carlton_vs_Fremantle,2004,Round 18,2004-07-31 14:10:00,Saturday,Carlton,Fremantle,63,111,Fremantle,48,17092,Princes Park,False
2004_Round_18_Collingwood_vs_Richmond,2004,Round 18,2004-07-31 14:10:00,Saturday,Collingwood,Richmond,103,98,Collingwood,5,39933,M.C.G.,False
2004_Round_18_Essendon_vs_Port_Adelaide,2004,Round 18,2004-07-31 19:10:00,Saturday,Essendon,Port Adelaide,119,79,Essendon,40,35711,Docklands,False
2004_Round_18_Sydney_vs_Brisbane_Lions,2004,Round 18,2004-07-31 19:10:00,Saturday,Sydney,Brisbane Lions,83,51,Sydney,32,34926,S.C.G.,False
2004_Round_18_Geelong_vs_St_Kilda,2004,Round 18,2004-08-01 13:10:00,Sunday,Geelong,St Kilda,101,94,Geelong,7,21673,Kardinia Park,False
2004_Round_18_Melbourne_vs_Hawthorn,2004,Round 18,2004-08-01 14:10:00,Sunday,Melbourne,Hawthorn,107,63,Melbourne,44,28392,M.C.G.,False
2004_Round_18_West_Coast_vs_Western_Bulldogs,2004,Round 18,2004-08-01 14:10:00,Sunday,West Coast,Western Bulldogs,106,57,West Coast,49,36028,Subiaco,False
2004_Round_19_Fremantle_vs_Collingwood,2004,Round 19,2004-08-06 18:40:00,Friday,Fremantle,Collingwood,73,106,Collingwood,33,40901,Subiaco,False
2004_Round_19_St_Kilda_vs_Adelaide,2004,Round 19,2004-08-07 13:10:00,Saturday,St Kilda,Adelaide,91,68,St Kilda,23,17101,York Park,False
2004_Round_19_Essendon_vs_Carlton,2004,Round 19,2004-08-07 14:10:00,Saturday,Essendon,Carlton,57,74,Carlton,17,45083,M.C.G.,False
2004_Round_19_Western_Bulldogs_vs_Hawthorn,2004,Round 19,2004-08-07 19:10:00,Saturday,Western Bulldogs,Hawthorn,109,120,Hawthorn,11,22330,Docklands,False
2004_Round_19_Brisbane_Lions_vs_West_Coast,2004,Round 19,2004-08-08 13:10:00,Sunday,Brisbane Lions,West Coast,73,87,West Coast,14,31754,Gabba,False
2004_Round_19_Port_Adelaide_vs_Melbourne,2004,Round 19,2004-08-08 14:10:00,Sunday,Port Adelaide,Melbourne,125,52,Port Adelaide,73,30702,Football Park,False
2004_Round_19_Richmond_vs_Geelong,2004,Round 19,2004-08-08 14:10:00,Sunday,Richmond,Geelong,83,114,Geelong,31,33176,M.C.G.,False
2004_Round_20_Essendon_vs_Collingwood,2004,Round 20,2004-08-13 19:40:00,Friday,Essendon,Collingwood,121,87,Essendon,34,52983,M.C.G.,False
2004_Round_20_Geelong_vs_Fremantle,2004,Round 20,2004-08-14 14:10:00,Saturday,Geelong,Fremantle,75,25,Geelong,50,15209,Kardinia Park,False
2004_Round_20_Hawthorn_vs_Brisbane_Lions,2004,Round 20,2004-08-14 14:10:00,Saturday,Hawthorn,Brisbane Lions,43,66,Brisbane Lions,23,17159,M.C.G.,False
2004_Round_20_Melbourne_vs_Sydney,2004,Round 20,2004-08-14 19:10:00,Saturday,Melbourne,Sydney,46,67,Sydney,21,34991,Docklands,False
2004_Round_20_Western_Bulldogs_vs_Port_Adelaide,2004,Round 20,2004-08-14 19:10:00,Saturday,Western Bulldogs,Port Adelaide,61,147,Port Adelaide,86,13271,Marrara Oval,False
2004_Round_20_Adelaide_vs_Richmond,2004,Round 20,2004-08-15 12:40:00,Sunday,Adelaide,Richmond,138,86,Adelaide,52,35896,Football Park,False
2004_Round_20_West_Coast_vs_Carlton,2004,Round 20,2004-08-15 14:10:00,Sunday,West Coast,Carlton,111,49,West Coast,62,39631,Subiaco,False
2004_Round_21_Collingwood_vs_Port_Adelaide,2004,Round 21,2004-08-20 19:40:00,Friday,Collingwood,Port Adelaide,70,107,Port Adelaide,37,27226,M.C.G.,False
2004_Round_21_Adelaide_vs_Geelong,2004,Round 21,2004-08-21 14:10:00,Saturday,Adelaide,Geelong,109,87,Adelaide,22,37576,Football Park,False
2004_Round_21_Carlton_vs_Melbourne,2004,Round 21,2004-08-21 14:10:00,Saturday,Carlton,Melbourne,93,62,Carlton,31,22254,Princes Park,False
2004_Round_21_Sydney_vs_Essendon,2004,Round 21,2004-08-21 19:20:00,Saturday,Sydney,Essendon,110,90,Sydney,20,46440,Stadium Australia,False
2004_Round_21_Brisbane_Lions_vs_St_Kilda,2004,Round 21,2004-08-22 13:10:00,Sunday,Brisbane Lions,St Kilda,130,85,Brisbane Lions,45,35823,Gabba,False
2004_Round_21_Fremantle_vs_West_Coast,2004,Round 21,2004-08-22 14:10:00,Sunday,Fremantle,West Coast,45,93,West Coast,48,41907,Subiaco,False
2004_Round_21_Hawthorn_vs_Richmond,2004,Round 21,2004-08-22 14:10:00,Sunday,Hawthorn,Richmond,109,86,Hawthorn,23,27007,M.C.G.,False
2004_Round_22_Collingwood_vs_Carlton,2004,Round 22,2004-08-27 19:40:00,Friday,Collingwood,Carlton,107,108,Carlton,1,60898,M.C.G.,False
2004_Round_22_Richmond_vs_Sydney,2004,Round 22,2004-08-28 14:10:00,Saturday,Richmond,Sydney,44,108,Sydney,64,29777,M.C.G.,False
2004_Round_22_West_Coast_vs_Melbourne,2004,Round 22,2004-08-28 14:10:00,Saturday,West Coast,Melbourne,107,67,West Coast,40,39882,Subiaco,False
2004_Round_22_St_Kilda_vs_Fremantle,2004,Round 22,2004-08-28 19:10:00,Saturday,St Kilda,Fremantle,112,83,St Kilda,29,35329,Docklands,False
2004_Round_22_Adelaide_vs_Port_Adelaide,2004,Round 22,2004-08-29 12:40:00,Sunday,Adelaide,Port Adelaide,60,85,Port Adelaide,25,45473,Football Park,False
2004_Round_22_Essendon_vs_Western_Bulldogs,2004,Round 22,2004-08-29 14:10:00,Sunday,Essendon,Western Bulldogs,113,96,Essendon,17,39894,Docklands,False
2004_Round_22_Geelong_vs_Hawthorn,2004,Round 22,2004-08-29 14:10:00,Sunday,Geelong,Hawthorn,123,58,Geelong,65,21192,Kardinia Park,False
2004_Qualifying_Final_Brisbane_Lions_vs_St_Kilda,2004,Qualifying Final,2004-09-03 19:30:00,Friday,Brisbane Lions,St Kilda,149,69,Brisbane Lions,80,33582,Gabba,True
2004_Elimination_Final_Melbourne_vs_Essendon,2004,Elimination Final,2004-09-04 14:30:00,Saturday,Melbourne,Essendon,99,104,Essendon,5,60903,M.C.G.,True
2004_Elimination_Final_Sydney_vs_West_Coast,2004,Elimination Final,2004-09-04 19:30:00,Saturday,Sydney,West Coast,75,34,Sydney,41,40282,Stadium Australia,True
2004_Qualifying_Final_Port_Adelaide_vs_Geelong,2004,Qualifying Final,2004-09-05 14:00:00,Sunday,Port Adelaide,Geelong,117,62,Port Adelaide,55,39250,Football Park,True
2004_Semi_Final_St_Kilda_vs_Sydney,2004,Semi Final,2004-09-10 19:30:00,Friday,St Kilda,Sydney,107,56,St Kilda,51,50671,M.C.G.,True
2004_Semi_Final_Geelong_vs_Essendon,2004,Semi Final,2004-09-11 19:30:00,Saturday,Geelong,Essendon,74,64,Geelong,10,53356,M.C.G.,True
2004_Preliminary_Final_Port_Adelaide_vs_St_Kilda,2004,Preliminary Final,2004-09-17 19:30:00,Friday,Port Adelaide,St Kilda,94,88,Port Adelaide,6,46978,Football Park,True
2004_Preliminary_Final_Brisbane_Lions_vs_Geelong,2004,Preliminary Final,2004-09-18 19:30:00,Saturday,Brisbane Lions,Geelong,84,75,Brisbane Lions,9,55768,M.C.G.,True
2004_Grand_Final_Port_Adelaide_vs_Brisbane_Lions,2004,Grand Final,2004-09-25 14:30:00,Saturday,Port Adelaide,Brisbane Lions,113,73,Port Adelaide,40,77671,M.C.G.,True
2005_Round_1_Brisbane_Lions_vs_St_Kilda,2005,Round 1,2005-03-24 19:45:00,Thursday,Brisbane Lions,St Kilda,116,93,Brisbane Lions,23,33369,Gabba,False
2005_Round_1_Fremantle_vs_Port_Adelaide,2005,Round 1,2005-03-26 17:45:00,Saturday,Fremantle,Port Adelaide,88,53,Fremantle,35,33704,Subiaco,False
2005_Round_1_Melbourne_vs_Essendon,2005,Round 1,2005-03-26 19:20:00,Saturday,Melbourne,Essendon,103,57,Melbourne,46,47849,M.C.G.,False
2005_Round_1_Sydney_vs_Hawthorn,2005,Round 1,2005-03-27 13:15:00,Sunday,Sydney,Hawthorn,118,55,Sydney,63,27274,S.C.G.,False
2005_Round_1_Richmond_vs_Geelong,2005,Round 1,2005-03-27 14:15:00,Sunday,Richmond,Geelong,98,160,Geelong,62,48251,M.C.G.,False
2005_Round_1_Adelaide_vs_West_Coast,2005,Round 1,2005-03-27 14:45:00,Sunday,Adelaide,West Coast,53,64,West Coast,11,39055,Football Park,False
2005_Round_1_Collingwood_vs_Western_Bulldogs,2005,Round 1,2005-03-28 14:15:00,Monday,Collingwood,Western Bulldogs,80,112,Western Bulldogs,32,53259,M.C.G.,False
2005_Round_2_Carlton_vs_Essendon,2005,Round 2,2005-04-01 19:40:00,Friday,Carlton,Essendon,110,106,Carlton,4,56446,M.C.G.,False
2005_Round_2_Western_Bulldogs_vs_Melbourne,2005,Round 2,2005-04-02 14:10:00,Saturday,Western Bulldogs,Melbourne,111,137,Melbourne,26,26307,Docklands,False
2005_Round_2_West_Coast_vs_Geelong,2005,Round 2,2005-04-02 17:40:00,Saturday,West Coast,Geelong,84,62,West Coast,22,39578,Subiaco,False
2005_Round_2_Port_Adelaide_vs_Brisbane_Lions,2005,Round 2,2005-04-02 19:10:00,Saturday,Port Adelaide,Brisbane Lions,75,73,Port Adelaide,2,34892,Football Park,False
2005_Round_2_St_Kilda_vs_Fremantle,2005,Round 2,2005-04-03 13:10:00,Sunday,St Kilda,Fremantle,59,58,St Kilda,1,12465,York Park,False
2005_Round_2_Collingwood_vs_Adelaide,2005,Round 2,2005-04-03 14:10:00,Sunday,Collingwood,Adelaide,75,81,Adelaide,6,31464,Docklands,False
2005_Round_2_Hawthorn_vs_Richmond,2005,Round 2,2005-04-03 14:10:00,Sunday,Hawthorn,Richmond,89,103,Richmond,14,33409,M.C.G.,False
2005_Round_3_Melbourne_vs_Geelong,2005,Round 3,2005-04-08 19:40:00,Friday,Melbourne,Geelong,114,66,Melbourne,48,51793,M.C.G.,False
2005_Round_3_Carlton_vs_Collingwood,2005,Round 3,2005-04-09 14:10:00,Saturday,Carlton,Collingwood,108,128,Collingwood,20,61608,M.C.G.,False
2005_Round_3_Fremantle_vs_West_Coast,2005,Round 3,2005-04-09 17:40:00,Saturday,Fremantle,West Coast,80,88,West Coast,8,42027,Subiaco,False
2005_Round_3_Brisbane_Lions_vs_Sydney,2005,Round 3,2005-04-09 19:10:00,Saturday,Brisbane Lions,Sydney,81,87,Sydney,6,33960,Gabba,False
2005_Round_3_Adelaide_vs_Port_Adelaide,2005,Round 3,2005-04-10 12:40:00,Sunday,Adelaide,Port Adelaide,124,56,Adelaide,68,44807,Football Park,False
2005_Round_3_Essendon_vs_Hawthorn,2005,Round 3,2005-04-10 14:10:00,Sunday,Essendon,Hawthorn,77,75,Essendon,2,44971,M.C.G.,False
2005_Round_3_Western_Bulldogs_vs_Richmond,2005,Round 3,2005-04-10 14:10:00,Sunday,Western Bulldogs,Richmond,84,88,Richmond,4,30871,Docklands,False
2005_Round_4_Hawthorn_vs_Brisbane_Lions,2005,Round 4,2005-04-16 14:10:00,Saturday,Hawthorn,Brisbane Lions,115,69,Hawthorn,46,27778,M.C.G.,False
2005_Round_4_West_Coast_vs_Western_Bulldogs,2005,Round 4,2005-04-16 14:10:00,Saturday,West Coast,Western Bulldogs,143,107,West Coast,36,39124,Subiaco,False
2005_Round_4_Geelong_vs_Essendon,2005,Round 4,2005-04-16 19:10:00,Saturday,Geelong,Essendon,131,75,Geelong,56,48653,Docklands,False
2005_Round_4_Port_Adelaide_vs_Carlton,2005,Round 4,2005-04-16 19:10:00,Saturday,Port Adelaide,Carlton,109,109,Draw,0,33519,Football Park,False
2005_Round_4_Sydney_vs_Adelaide,2005,Round 4,2005-04-17 13:10:00,Sunday,Sydney,Adelaide,79,120,Adelaide,41,30478,S.C.G.,False
2005_Round_4_Richmond_vs_Fremantle,2005,Round 4,2005-04-17 14:10:00,Sunday,Richmond,Fremantle,100,52,Richmond,48,24242,M.C.G.,False
2005_Round_4_St_Kilda_vs_Melbourne,2005,Round 4,2005-04-17 14:10:00,Sunday,St Kilda,Melbourne,151,104,St Kilda,47,40004,Docklands,False
2005_Round_5_Port_Adelaide_vs_Geelong,2005,Round 5,2005-04-22 20:10:00,Friday,Port Adelaide,Geelong,95,99,Geelong,4,33405,Football Park,False
2005_Round_5_Fremantle_vs_Carlton,2005,Round 5,2005-04-23 14:15:00,Saturday,Fremantle,Carlton,103,84,Fremantle,19,36056,Subiaco,False
2005_Round_5_Western_Bulldogs_vs_Adelaide,2005,Round 5,2005-04-23 19:15:00,Saturday,Western Bulldogs,Adelaide,140,109,Western Bulldogs,31,27900,Docklands,False
2005_Round_5_Sydney_vs_Melbourne,2005,Round 5,2005-04-23 19:20:00,Saturday,Sydney,Melbourne,60,94,Melbourne,34,29099,S.C.G.,False
2005_Round_5_Brisbane_Lions_vs_West_Coast,2005,Round 5,2005-04-24 13:15:00,Sunday,Brisbane Lions,West Coast,84,157,West Coast,73,33007,Gabba,False
2005_Round_5_St_Kilda_vs_Richmond,2005,Round 5,2005-04-24 17:15:00,Sunday,St Kilda,Richmond,147,79,St Kilda,68,49580,Docklands,False
2005_Round_5_Essendon_vs_Collingwood,2005,Round 5,2005-04-25 14:15:00,Monday,Essendon,Collingwood,83,69,Essendon,14,70033,M.C.G.,False
2005_Round_6_Carlton_vs_Hawthorn,2005,Round 6,2005-04-29 19:40:00,Friday,Carlton,Hawthorn,89,83,Carlton,6,49018,Docklands,False
2005_Round_6_Melbourne_vs_Fremantle,2005,Round 6,2005-04-30 14:10:00,Saturday,Melbourne,Fremantle,129,143,Fremantle,14,21963,M.C.G.,False
2005_Round_6_West_Coast_vs_Sydney,2005,Round 6,2005-04-30 17:40:00,Saturday,West Coast,Sydney,104,59,West Coast,45,39687,Subiaco,False
2005_Round_6_Essendon_vs_Brisbane_Lions,2005,Round 6,2005-04-30 19:10:00,Saturday,Essendon,Brisbane Lions,88,136,Brisbane Lions,48,44055,Docklands,False
2005_Round_6_Geelong_vs_Western_Bulldogs,2005,Round 6,2005-05-01 13:10:00,Sunday,Geelong,Western Bulldogs,108,73,Geelong,35,23019,Kardinia Park,False
2005_Round_6_Collingwood_vs_St_Kilda,2005,Round 6,2005-05-01 14:10:00,Sunday,Collingwood,St Kilda,71,109,St Kilda,38,44122,M.C.G.,False
2005_Round_6_Richmond_vs_Port_Adelaide,2005,Round 6,2005-05-01 14:10:00,Sunday,Richmond,Port Adelaide,123,67,Richmond,56,21301,Docklands,False
2005_Round_7_Melbourne_vs_Adelaide,2005,Round 7,2005-05-06 19:40:00,Friday,Melbourne,Adelaide,78,54,Melbourne,24,39475,M.C.G.,False
2005_Round_7_Geelong_vs_St_Kilda,2005,Round 7,2005-05-07 14:10:00,Saturday,Geelong,St Kilda,119,101,Geelong,18,44814,Docklands,False
2005_Round_7_Richmond_vs_Carlton,2005,Round 7,2005-05-07 14:10:00,Saturday,Richmond,Carlton,151,66,Richmond,85,52234,M.C.G.,False
2005_Round_7_Brisbane_Lions_vs_Western_Bulldogs,2005,Round 7,2005-05-07 19:10:00,Saturday,Brisbane Lions,Western Bulldogs,87,110,Western Bulldogs,23,30639,Gabba,False
2005_Round_7_Sydney_vs_Essendon,2005,Round 7,2005-05-07 19:10:00,Saturday,Sydney,Essendon,94,88,Sydney,6,31668,Stadium Australia,False
2005_Round_7_Hawthorn_vs_West_Coast,2005,Round 7,2005-05-08 13:10:00,Sunday,Hawthorn,West Coast,77,96,West Coast,19,16933,York Park,False
2005_Round_7_Fremantle_vs_Collingwood,2005,Round 7,2005-05-08 14:40:00,Sunday,Fremantle,Collingwood,180,68,Fremantle,112,36491,Subiaco,False
2005_Round_8_Carlton_vs_Geelong,2005,Round 8,2005-05-13 19:40:00,Friday,Carlton,Geelong,73,143,Geelong,70,45758,Docklands,False
2005_Round_8_Hawthorn_vs_Melbourne,2005,Round 8,2005-05-14 14:10:00,Saturday,Hawthorn,Melbourne,128,89,Hawthorn,39,38587,M.C.G.,False
2005_Round_8_West_Coast_vs_St_Kilda,2005,Round 8,2005-05-14 14:10:00,Saturday,West Coast,St Kilda,88,52,West Coast,36,41177,Subiaco,False
2005_Round_8_Adelaide_vs_Brisbane_Lions,2005,Round 8,2005-05-14 19:10:00,Saturday,Adelaide,Brisbane Lions,63,72,Brisbane Lions,9,42357,Football Park,False
2005_Round_8_Sydney_vs_Port_Adelaide,2005,Round 8,2005-05-15 13:10:00,Sunday,Sydney,Port Adelaide,69,45,Sydney,24,24226,S.C.G.,False
2005_Round_8_Collingwood_vs_Richmond,2005,Round 8,2005-05-15 14:10:00,Sunday,Collingwood,Richmond,58,93,Richmond,35,54330,M.C.G.,False
2005_Round_8_Essendon_vs_Fremantle,2005,Round 8,2005-05-15 14:10:00,Sunday,Essendon,Fremantle,117,82,Essendon,35,30383,Docklands,False
2005_Round_9_St_Kilda_vs_Adelaide,2005,Round 9,2005-05-20 19:40:00,Friday,St Kilda,Adelaide,57,103,Adelaide,46,35100,Docklands,False
2005_Round_9_Carlton_vs_Melbourne,2005,Round 9,2005-05-21 14:10:00,Saturday,Carlton,Melbourne,92,110,Melbourne,18,30052,Princes Park,False
2005_Round_9_Collingwood_vs_West_Coast,2005,Round 9,2005-05-21 14:10:00,Saturday,Collingwood,West Coast,118,95,Collingwood,23,31105,M.C.G.,False
2005_Round_9_Brisbane_Lions_vs_Richmond,2005,Round 9,2005-05-21 19:10:00,Saturday,Brisbane Lions,Richmond,83,87,Richmond,4,33684,Gabba,False
2005_Round_9_Port_Adelaide_vs_Essendon,2005,Round 9,2005-05-21 19:10:00,Saturday,Port Adelaide,Essendon,85,66,Port Adelaide,19,33648,Football Park,False
2005_Round_9_Western_Bulldogs_vs_Sydney,2005,Round 9,2005-05-22 13:10:00,Sunday,Western Bulldogs,Sydney,76,89,Sydney,13,22358,S.C.G.,False
2005_Round_9_Fremantle_vs_Hawthorn,2005,Round 9,2005-05-22 14:40:00,Sunday,Fremantle,Hawthorn,70,124,Hawthorn,54,35393,Subiaco,False
2005_Round_10_Melbourne_vs_Richmond,2005,Round 10,2005-05-27 19:40:00,Friday,Melbourne,Richmond,131,74,Melbourne,57,44263,Docklands,False
2005_Round_10_Geelong_vs_Fremantle,2005,Round 10,2005-05-28 14:10:00,Saturday,Geelong,Fremantle,82,91,Fremantle,9,20869,Kardinia Park,False
2005_Round_10_Hawthorn_vs_Collingwood,2005,Round 10,2005-05-28 14:10:00,Saturday,Hawthorn,Collingwood,80,108,Collingwood,28,49927,M.C.G.,False
2005_Round_10_St_Kilda_vs_Sydney,2005,Round 10,2005-05-28 19:10:00,Saturday,St Kilda,Sydney,101,58,St Kilda,43,37014,Docklands,False
2005_Round_10_Adelaide_vs_Carlton,2005,Round 10,2005-05-29 12:40:00,Sunday,Adelaide,Carlton,71,57,Adelaide,14,43277,Football Park,False
2005_Round_10_Essendon_vs_Western_Bulldogs,2005,Round 10,2005-05-29 14:10:00,Sunday,Essendon,Western Bulldogs,137,110,Essendon,27,40454,Docklands,False
2005_Round_10_West_Coast_vs_Port_Adelaide,2005,Round 10,2005-05-29 14:40:00,Sunday,West Coast,Port Adelaide,179,62,West Coast,117,40188,Subiaco,False
2005_Round_11_Collingwood_vs_Geelong,2005,Round 11,2005-06-03 19:40:00,Friday,Collingwood,Geelong,121,96,Collingwood,25,48261,Docklands,False
2005_Round_11_Carlton_vs_Sydney,2005,Round 11,2005-06-04 14:10:00,Saturday,Carlton,Sydney,91,116,Sydney,25,30973,Docklands,False
2005_Round_11_Richmond_vs_West_Coast,2005,Round 11,2005-06-04 14:10:00,Saturday,Richmond,West Coast,103,105,West Coast,2,31704,M.C.G.,False
2005_Round_11_Fremantle_vs_Brisbane_Lions,2005,Round 11,2005-06-04 17:40:00,Saturday,Fremantle,Brisbane Lions,67,106,Brisbane Lions,39,34143,Subiaco,False
2005_Round_11_Adelaide_vs_Essendon,2005,Round 11,2005-06-04 19:10:00,Saturday,Adelaide,Essendon,151,63,Adelaide,88,43486,Football Park,False
2005_Round_11_St_Kilda_vs_Port_Adelaide,2005,Round 11,2005-06-05 13:10:00,Sunday,St Kilda,Port Adelaide,81,104,Port Adelaide,23,17402,York Park,False
2005_Round_11_Western_Bulldogs_vs_Hawthorn,2005,Round 11,2005-06-05 14:10:00,Sunday,Western Bulldogs,Hawthorn,111,89,Western Bulldogs,22,29240,Docklands,False
2005_Round_12_West_Coast_vs_Essendon,2005,Round 12,2005-06-10 18:40:00,Friday,West Coast,Essendon,106,82,West Coast,24,38558,Subiaco,False
2005_Round_12_Hawthorn_vs_St_Kilda,2005,Round 12,2005-06-11 14:10:00,Saturday,Hawthorn,St Kilda,54,100,St Kilda,46,33905,M.C.G.,False
2005_Round_12_Carlton_vs_Brisbane_Lions,2005,Round 12,2005-06-11 19:10:00,Saturday,Carlton,Brisbane Lions,82,140,Brisbane Lions,58,37880,Docklands,False
2005_Round_12_Port_Adelaide_vs_Western_Bulldogs,2005,Round 12,2005-06-11 19:10:00,Saturday,Port Adelaide,Western Bulldogs,118,103,Port Adelaide,15,27079,Football Park,False
2005_Round_12_Sydney_vs_Fremantle,2005,Round 12,2005-06-12 13:10:00,Sunday,Sydney,Fremantle,109,71,Sydney,38,24933,S.C.G.,False
2005_Round_12_Geelong_vs_Adelaide,2005,Round 12,2005-06-12 14:10:00,Sunday,Geelong,Adelaide,61,57,Geelong,4,23506,Kardinia Park,False
2005_Round_12_Melbourne_vs_Collingwood,2005,Round 12,2005-06-13 14:10:00,Monday,Melbourne,Collingwood,117,72,Melbourne,45,65347,M.C.G.,False
2005_Round_13_Port_Adelaide_vs_Hawthorn,2005,Round 13,2005-06-17 20:10:00,Friday,Port Adelaide,Hawthorn,188,71,Port Adelaide,117,30212,Football Park,False
2005_Round_13_Melbourne_vs_West_Coast,2005,Round 13,2005-06-18 14:10:00,Saturday,Melbourne,West Coast,90,105,West Coast,15,35653,M.C.G.,False
2005_Round_13_Richmond_vs_Adelaide,2005,Round 13,2005-06-18 19:10:00,Saturday,Richmond,Adelaide,62,132,Adelaide,70,27092,Docklands,False
2005_Round_13_Western_Bulldogs_vs_Carlton,2005,Round 13,2005-06-18 19:10:00,Saturday,Western Bulldogs,Carlton,116,70,Western Bulldogs,46,13037,Marrara Oval,False
2005_Round_13_Brisbane_Lions_vs_Geelong,2005,Round 13,2005-06-19 13:10:00,Sunday,Brisbane Lions,Geelong,116,47,Brisbane Lions,69,31307,Gabba,False
2005_Round_13_Essendon_vs_St_Kilda,2005,Round 13,2005-06-24 19:40:00,Friday,Essendon,St Kilda,119,104,Essendon,15,48342,Docklands,False
2005_Round_13_Sydney_vs_Collingwood,2005,Round 13,2005-06-25 19:15:00,Saturday,Sydney,Collingwood,77,76,Sydney,1,44387,Stadium Australia,False
2005_Round_14_Collingwood_vs_Port_Adelaide,2005,Round 14,2005-07-01 19:40:00,Friday,Collingwood,Port Adelaide,102,71,Collingwood,31,35844,Docklands,False
2005_Round_14_Richmond_vs_Sydney,2005,Round 14,2005-07-02 14:10:00,Saturday,Richmond,Sydney,85,84,Richmond,1,34572,M.C.G.,False
2005_Round_14_West_Coast_vs_Carlton,2005,Round 14,2005-07-02 14:10:00,Saturday,West Coast,Carlton,139,62,West Coast,77,39928,Subiaco,False
2005_Round_14_Melbourne_vs_Brisbane_Lions,2005,Round 14,2005-07-02 19:10:00,Saturday,Melbourne,Brisbane Lions,92,166,Brisbane Lions,74,31259,Gabba,False
2005_Round_14_Adelaide_vs_Fremantle,2005,Round 14,2005-07-03 12:40:00,Sunday,Adelaide,Fremantle,94,88,Adelaide,6,41794,Football Park,False
2005_Round_14_Geelong_vs_Hawthorn,2005,Round 14,2005-07-03 14:10:00,Sunday,Geelong,Hawthorn,113,58,Geelong,55,36667,Docklands,False
2005_Round_14_Western_Bulldogs_vs_St_Kilda,2005,Round 14,2005-07-03 14:10:00,Sunday,Western Bulldogs,St Kilda,98,116,St Kilda,18,33622,M.C.G.,False
2005_Round_15_Port_Adelaide_vs_Melbourne,2005,Round 15,2005-07-09 14:10:00,Saturday,Port Adelaide,Melbourne,137,75,Port Adelaide,62,28040,Football Park,False
2005_Round_15_Richmond_vs_Essendon,2005,Round 15,2005-07-09 14:10:00,Saturday,Richmond,Essendon,92,66,Richmond,26,49975,M.C.G.,False
2005_Round_15_Brisbane_Lions_vs_Collingwood,2005,Round 15,2005-07-09 19:10:00,Saturday,Brisbane Lions,Collingwood,133,55,Brisbane Lions,78,37224,Gabba,False
2005_Round_15_Sydney_vs_Geelong,2005,Round 15,2005-07-09 19:10:00,Saturday,Sydney,Geelong,105,51,Sydney,54,28185,S.C.G.,False
2005_Round_15_Hawthorn_vs_Adelaide,2005,Round 15,2005-07-10 13:10:00,Sunday,Hawthorn,Adelaide,68,78,Adelaide,10,16287,York Park,False
2005_Round_15_St_Kilda_vs_Carlton,2005,Round 15,2005-07-10 14:10:00,Sunday,St Kilda,Carlton,153,73,St Kilda,80,39181,Docklands,False
2005_Round_15_Fremantle_vs_Western_Bulldogs,2005,Round 15,2005-07-10 14:40:00,Sunday,Fremantle,Western Bulldogs,145,92,Fremantle,53,30991,Subiaco,False
2005_Round_16_Collingwood_vs_Essendon,2005,Round 16,2005-07-15 19:40:00,Friday,Collingwood,Essendon,105,131,Essendon,26,52507,M.C.G.,False
2005_Round_16_Geelong_vs_Port_Adelaide,2005,Round 16,2005-07-16 14:10:00,Saturday,Geelong,Port Adelaide,126,47,Geelong,79,19362,Kardinia Park,False
2005_Round_16_Richmond_vs_St_Kilda,2005,Round 16,2005-07-16 14:10:00,Saturday,Richmond,St Kilda,37,106,St Kilda,69,40043,M.C.G.,False
2005_Round_16_West_Coast_vs_Brisbane_Lions,2005,Round 16,2005-07-16 17:40:00,Saturday,West Coast,Brisbane Lions,111,88,West Coast,23,41524,Subiaco,False
2005_Round_16_Melbourne_vs_Sydney,2005,Round 16,2005-07-16 19:10:00,Saturday,Melbourne,Sydney,78,104,Sydney,26,28749,Docklands,False
2005_Round_16_Adelaide_vs_Western_Bulldogs,2005,Round 16,2005-07-17 12:40:00,Sunday,Adelaide,Western Bulldogs,109,35,Adelaide,74,40264,Football Park,False
2005_Round_16_Carlton_vs_Fremantle,2005,Round 16,2005-07-17 14:10:00,Sunday,Carlton,Fremantle,117,152,Fremantle,35,16076,M.C.G.,False
2005_Round_17_St_Kilda_vs_Collingwood,2005,Round 17,2005-07-22 19:40:00,Friday,St Kilda,Collingwood,143,70,St Kilda,73,45576,Docklands,False
2005_Round_17_Hawthorn_vs_Carlton,2005,Round 17,2005-07-23 14:10:00,Saturday,Hawthorn,Carlton,127,103,Hawthorn,24,31459,M.C.G.,False
2005_Round_17_Western_Bulldogs_vs_Geelong,2005,Round 17,2005-07-23 14:10:00,Saturday,Western Bulldogs,Geelong,133,98,Western Bulldogs,35,29351,Docklands,False
2005_Round_17_Brisbane_Lions_vs_Essendon,2005,Round 17,2005-07-23 19:10:00,Saturday,Brisbane Lions,Essendon,114,101,Brisbane Lions,13,36077,Gabba,False
2005_Round_17_Port_Adelaide_vs_Richmond,2005,Round 17,2005-07-23 19:10:00,Saturday,Port Adelaide,Richmond,96,83,Port Adelaide,13,27455,Football Park,False
2005_Round_17_Sydney_vs_West_Coast,2005,Round 17,2005-07-24 13:10:00,Sunday,Sydney,West Coast,88,67,Sydney,21,37071,S.C.G.,False
2005_Round_17_Fremantle_vs_Melbourne,2005,Round 17,2005-07-24 14:40:00,Sunday,Fremantle,Melbourne,101,76,Fremantle,25,31028,Subiaco,False
2005_Round_18_Essendon_vs_Geelong,2005,Round 18,2005-07-29 19:40:00,Friday,Essendon,Geelong,107,94,Essendon,13,47122,Docklands,False
2005_Round_18_Melbourne_vs_St_Kilda,2005,Round 18,2005-07-30 14:10:00,Saturday,Melbourne,St Kilda,88,176,St Kilda,88,39584,M.C.G.,False
2005_Round_18_West_Coast_vs_Hawthorn,2005,Round 18,2005-07-30 14:10:00,Saturday,West Coast,Hawthorn,97,49,West Coast,48,39412,Subiaco,False
2005_Round_18_Adelaide_vs_Sydney,2005,Round 18,2005-07-30 19:10:00,Saturday,Adelaide,Sydney,54,47,Adelaide,7,45629,Football Park,False
2005_Round_18_Western_Bulldogs_vs_Brisbane_Lions,2005,Round 18,2005-07-30 19:10:00,Saturday,Western Bulldogs,Brisbane Lions,151,123,Western Bulldogs,28,29200,Docklands,False
2005_Round_18_Carlton_vs_Richmond,2005,Round 18,2005-07-31 14:10:00,Sunday,Carlton,Richmond,141,106,Carlton,35,34925,Docklands,False
2005_Round_18_Collingwood_vs_Fremantle,2005,Round 18,2005-07-31 14:10:00,Sunday,Collingwood,Fremantle,85,98,Fremantle,13,26586,M.C.G.,False
2005_Round_19_St_Kilda_vs_Geelong,2005,Round 19,2005-08-05 19:40:00,Friday,St Kilda,Geelong,96,55,St Kilda,41,46848,Docklands,False
2005_Round_19_Adelaide_vs_Melbourne,2005,Round 19,2005-08-06 14:10:00,Saturday,Adelaide,Melbourne,100,46,Adelaide,54,42843,Football Park,False
2005_Round_19_Western_Bulldogs_vs_West_Coast,2005,Round 19,2005-08-06 14:10:00,Saturday,Western Bulldogs,West Coast,140,97,Western Bulldogs,43,27693,M.C.G.,False
2005_Round_19_Fremantle_vs_Richmond,2005,Round 19,2005-08-06 17:40:00,Saturday,Fremantle,Richmond,93,66,Fremantle,27,36026,Subiaco,False
2005_Round_19_Essendon_vs_Sydney,2005,Round 19,2005-08-06 19:10:00,Saturday,Essendon,Sydney,98,118,Sydney,20,41629,Docklands,False
2005_Round_19_Brisbane_Lions_vs_Hawthorn,2005,Round 19,2005-08-07 13:10:00,Sunday,Brisbane Lions,Hawthorn,121,80,Brisbane Lions,41,31946,Gabba,False
2005_Round_19_Carlton_vs_Port_Adelaide,2005,Round 19,2005-08-07 14:10:00,Sunday,Carlton,Port Adelaide,109,123,Port Adelaide,14,16371,M.C.G.,False
2005_Round_20_West_Coast_vs_Fremantle,2005,Round 20,2005-08-12 18:40:00,Friday,West Coast,Fremantle,128,80,West Coast,48,40720,Subiaco,False
2005_Round_20_Geelong_vs_Melbourne,2005,Round 20,2005-08-13 14:10:00,Saturday,Geelong,Melbourne,99,100,Melbourne,1,20148,Kardinia Park,False
2005_Round_20_Collingwood_vs_Carlton,2005,Round 20,2005-08-13 19:10:00,Saturday,Collingwood,Carlton,94,129,Carlton,35,48287,M.C.G.,False
2005_Round_20_Port_Adelaide_vs_Adelaide,2005,Round 20,2005-08-13 19:10:00,Saturday,Port Adelaide,Adelaide,81,88,Adelaide,7,45199,Football Park,False
2005_Round_20_Sydney_vs_Brisbane_Lions,2005,Round 20,2005-08-14 13:10:00,Sunday,Sydney,Brisbane Lions,124,40,Sydney,84,43512,Stadium Australia,False
2005_Round_20_Hawthorn_vs_Essendon,2005,Round 20,2005-08-14 14:10:00,Sunday,Hawthorn,Essendon,117,104,Hawthorn,13,32053,M.C.G.,False
2005_Round_20_Richmond_vs_Western_Bulldogs,2005,Round 20,2005-08-14 14:10:00,Sunday,Richmond,Western Bulldogs,107,119,Western Bulldogs,12,33482,Docklands,False
2005_Round_21_Fremantle_vs_St_Kilda,2005,Round 21,2005-08-19 18:40:00,Friday,Fremantle,St Kilda,80,75,Fremantle,5,38057,Subiaco,False
2005_Round_21_Adelaide_vs_Collingwood,2005,Round 21,2005-08-20 14:10:00,Saturday,Adelaide,Collingwood,151,41,Adelaide,110,40372,Football Park,False
2005_Round_21_Geelong_vs_West_Coast,2005,Round 21,2005-08-20 14:10:00,Saturday,Geelong,West Coast,109,33,Geelong,76,20372,Kardinia Park,False
2005_Round_21_Brisbane_Lions_vs_Port_Adelaide,2005,Round 21,2005-08-20 19:10:00,Saturday,Brisbane Lions,Port Adelaide,51,81,Port Adelaide,30,35221,Gabba,False
2005_Round_21_Melbourne_vs_Western_Bulldogs,2005,Round 21,2005-08-20 19:10:00,Saturday,Melbourne,Western Bulldogs,109,105,Melbourne,4,32621,M.C.G.,False
2005_Round_21_Essendon_vs_Carlton,2005,Round 21,2005-08-21 14:10:00,Sunday,Essendon,Carlton,182,83,Essendon,99,37481,M.C.G.,False
2005_Round_21_Richmond_vs_Hawthorn,2005,Round 21,2005-08-21 14:10:00,Sunday,Richmond,Hawthorn,137,133,Richmond,4,30906,Docklands,False
2005_Round_22_Western_Bulldogs_vs_Collingwood,2005,Round 22,2005-08-26 19:40:00,Friday,Western Bulldogs,Collingwood,141,100,Western Bulldogs,41,41947,Docklands,False
2005_Round_22_Hawthorn_vs_Sydney,2005,Round 22,2005-08-27 14:10:00,Saturday,Hawthorn,Sydney,75,129,Sydney,54,31891,M.C.G.,False
2005_Round_22_West_Coast_vs_Adelaide,2005,Round 22,2005-08-27 14:10:00,Saturday,West Coast,Adelaide,74,82,Adelaide,8,43044,Subiaco,False
2005_Round_22_Port_Adelaide_vs_Fremantle,2005,Round 22,2005-08-27 19:10:00,Saturday,Port Adelaide,Fremantle,120,75,Port Adelaide,45,41518,Football Park,False
2005_Round_22_St_Kilda_vs_Brisbane_Lions,2005,Round 22,2005-08-27 19:10:00,Saturday,St Kilda,Brisbane Lions,186,47,St Kilda,139,46105,Docklands,False
2005_Round_22_Geelong_vs_Richmond,2005,Round 22,2005-08-28 13:10:00,Sunday,Geelong,Richmond,69,68,Geelong,1,24096,Kardinia Park,False
2005_Round_22_Essendon_vs_Melbourne,2005,Round 22,2005-08-28 14:10:00,Sunday,Essendon,Melbourne,85,95,Melbourne,10,55016,M.C.G.,False
2005_Qualifying_Final_West_Coast_vs_Sydney,2005,Qualifying Final,2005-09-02 18:30:00,Friday,West Coast,Sydney,69,65,West Coast,4,43302,Subiaco,True
2005_Elimination_Final_Geelong_vs_Melbourne,2005,Elimination Final,2005-09-03 14:30:00,Saturday,Geelong,Melbourne,116,61,Geelong,55,65018,M.C.G.,True
2005_Qualifying_Final_Adelaide_vs_St_Kilda,2005,Qualifying Final,2005-09-03 19:00:00,Saturday,Adelaide,St Kilda,57,65,St Kilda,8,48768,Football Park,True
2005_Semi_Final_Sydney_vs_Geelong,2005,Semi Final,2005-09-09 20:00:00,Friday,Sydney,Geelong,56,53,Sydney,3,39079,S.C.G.,True
2005_Semi_Final_Adelaide_vs_Port_Adelaide,2005,Semi Final,2005-09-10 19:00:00,Saturday,Adelaide,Port Adelaide,123,40,Adelaide,83,50521,Football Park,True
2005_Preliminary_Final_St_Kilda_vs_Sydney,2005,Preliminary Final,2005-09-16 20:00:00,Friday,St Kilda,Sydney,65,96,Sydney,31,73344,M.C.G.,True
2005_Preliminary_Final_West_Coast_vs_Adelaide,2005,Preliminary Final,2005-09-17 13:00:00,Saturday,West Coast,Adelaide,93,77,West Coast,16,43009,Subiaco,True
2005_Grand_Final_West_Coast_vs_Sydney,2005,Grand Final,2005-09-24 14:35:00,Saturday,West Coast,Sydney,54,58,Sydney,4,91828,M.C.G.,True
2006_Round_1_West_Coast_vs_St_Kilda,2006,Round 1,2006-03-30 17:45:00,Thursday,West Coast,St Kilda,84,66,West Coast,18,40036,Subiaco,False
2006_Round_1_Western_Bulldogs_vs_Richmond,2006,Round 1,2006-03-31 19:40:00,Friday,Western Bulldogs,Richmond,167,52,Western Bulldogs,115,43532,Docklands,False
2006_Round_1_Geelong_vs_Brisbane_Lions,2006,Round 1,2006-04-01 14:10:00,Saturday,Geelong,Brisbane Lions,115,38,Geelong,77,23029,Kardinia Park,False
2006_Round_1_Essendon_vs_Sydney,2006,Round 1,2006-04-01 19:10:00,Saturday,Essendon,Sydney,108,81,Essendon,27,45355,Docklands,False
2006_Round_1_Hawthorn_vs_Fremantle,2006,Round 1,2006-04-02 13:10:00,Sunday,Hawthorn,Fremantle,109,87,Hawthorn,22,13862,York Park,False
2006_Round_1_Melbourne_vs_Carlton,2006,Round 1,2006-04-02 17:10:00,Sunday,Melbourne,Carlton,72,93,Carlton,21,31139,Docklands,False
2006_Round_1_Collingwood_vs_Adelaide,2006,Round 1,2006-04-03 19:10:00,Monday,Collingwood,Adelaide,77,111,Adelaide,34,35434,Docklands,False
2006_Round_2_Richmond_vs_St_Kilda,2006,Round 2,2006-04-07 19:40:00,Friday,Richmond,St Kilda,77,88,St Kilda,11,40740,Docklands,False
2006_Round_2_Western_Bulldogs_vs_Melbourne,2006,Round 2,2006-04-08 14:10:00,Saturday,Western Bulldogs,Melbourne,137,90,Western Bulldogs,47,28478,Docklands,False
2006_Round_2_Fremantle_vs_Carlton,2006,Round 2,2006-04-08 17:40:00,Saturday,Fremantle,Carlton,101,86,Fremantle,15,34553,Subiaco,False
2006_Round_2_Brisbane_Lions_vs_Essendon,2006,Round 2,2006-04-08 19:10:00,Saturday,Brisbane Lions,Essendon,115,97,Brisbane Lions,18,34357,Gabba,False
2006_Round_2_Sydney_vs_Port_Adelaide,2006,Round 2,2006-04-09 13:10:00,Sunday,Sydney,Port Adelaide,80,106,Port Adelaide,26,33551,S.C.G.,False
2006_Round_2_Hawthorn_vs_Collingwood,2006,Round 2,2006-04-09 14:10:00,Sunday,Hawthorn,Collingwood,84,119,Collingwood,35,43296,Docklands,False
2006_Round_2_Adelaide_vs_West_Coast,2006,Round 2,2006-04-09 14:40:00,Sunday,Adelaide,West Coast,88,90,West Coast,2,43206,Football Park,False
2006_Round_3_St_Kilda_vs_Brisbane_Lions,2006,Round 3,2006-04-13 19:40:00,Thursday,St Kilda,Brisbane Lions,124,87,St Kilda,37,35760,Docklands,False
2006_Round_3_Geelong_vs_Hawthorn,2006,Round 3,2006-04-15 14:10:00,Saturday,Geelong,Hawthorn,49,101,Hawthorn,52,24026,Kardinia Park,False
2006_Round_3_West_Coast_vs_Richmond,2006,Round 3,2006-04-15 17:40:00,Saturday,West Coast,Richmond,136,90,West Coast,46,39436,Subiaco,False
2006_Round_3_Carlton_vs_Sydney,2006,Round 3,2006-04-15 19:10:00,Saturday,Carlton,Sydney,74,81,Sydney,7,36930,Docklands,False
2006_Round_3_Melbourne_vs_Adelaide,2006,Round 3,2006-04-16 13:10:00,Sunday,Melbourne,Adelaide,97,102,Adelaide,5,8258,Carrara,False
2006_Round_3_Essendon_vs_Western_Bulldogs,2006,Round 3,2006-04-16 14:10:00,Sunday,Essendon,Western Bulldogs,93,104,Western Bulldogs,11,43947,Docklands,False
2006_Round_3_Port_Adelaide_vs_Fremantle,2006,Round 3,2006-04-16 16:10:00,Sunday,Port Adelaide,Fremantle,79,110,Fremantle,31,25042,Football Park,False
2006_Round_4_Carlton_vs_Hawthorn,2006,Round 4,2006-04-21 19:45:00,Friday,Carlton,Hawthorn,68,100,Hawthorn,32,45102,Docklands,False
2006_Round_4_Western_Bulldogs_vs_Geelong,2006,Round 4,2006-04-22 14:15:00,Saturday,Western Bulldogs,Geelong,98,97,Western Bulldogs,1,45922,Docklands,False
2006_Round_4_Fremantle_vs_Adelaide,2006,Round 4,2006-04-22 17:45:00,Saturday,Fremantle,Adelaide,59,70,Adelaide,11,35090,Subiaco,False
2006_Round_4_Brisbane_Lions_vs_Richmond,2006,Round 4,2006-04-22 19:15:00,Saturday,Brisbane Lions,Richmond,82,96,Richmond,14,30266,Gabba,False
2006_Round_4_Sydney_vs_Melbourne,2006,Round 4,2006-04-23 13:15:00,Sunday,Sydney,Melbourne,92,97,Melbourne,5,29167,S.C.G.,False
2006_Round_4_Port_Adelaide_vs_St_Kilda,2006,Round 4,2006-04-24 19:15:00,Monday,Port Adelaide,St Kilda,122,118,Port Adelaide,4,32188,Football Park,False
2006_Round_4_Collingwood_vs_Essendon,2006,Round 4,2006-04-25 14:40:00,Tuesday,Collingwood,Essendon,106,89,Collingwood,17,91234,M.C.G.,False
2006_Round_5_Richmond_vs_Carlton,2006,Round 5,2006-04-28 19:40:00,Friday,Richmond,Carlton,92,84,Richmond,8,54815,M.C.G.,False
2006_Round_5_Adelaide_vs_Western_Bulldogs,2006,Round 5,2006-04-29 14:40:00,Saturday,Adelaide,Western Bulldogs,132,55,Adelaide,77,41057,Football Park,False
2006_Round_5_West_Coast_vs_Brisbane_Lions,2006,Round 5,2006-04-29 17:40:00,Saturday,West Coast,Brisbane Lions,122,63,West Coast,59,40519,Subiaco,False
2006_Round_5_Sydney_vs_Geelong,2006,Round 5,2006-04-29 19:10:00,Saturday,Sydney,Geelong,107,85,Sydney,22,37032,Stadium Australia,False
2006_Round_5_St_Kilda_vs_Fremantle,2006,Round 5,2006-04-30 13:10:00,Sunday,St Kilda,Fremantle,93,94,Fremantle,1,15282,York Park,False
2006_Round_5_Collingwood_vs_Port_Adelaide,2006,Round 5,2006-04-30 14:10:00,Sunday,Collingwood,Port Adelaide,120,79,Collingwood,41,32276,Docklands,False
2006_Round_5_Hawthorn_vs_Essendon,2006,Round 5,2006-04-30 14:10:00,Sunday,Hawthorn,Essendon,84,83,Hawthorn,1,40179,M.C.G.,False
2006_Round_6_Melbourne_vs_Geelong,2006,Round 6,2006-05-05 19:40:00,Friday,Melbourne,Geelong,87,81,Melbourne,6,36041,M.C.G.,False
2006_Round_6_Fremantle_vs_West_Coast,2006,Round 6,2006-05-06 14:10:00,Saturday,Fremantle,West Coast,88,83,Fremantle,5,42213,Subiaco,False
2006_Round_6_St_Kilda_vs_Western_Bulldogs,2006,Round 6,2006-05-06 14:10:00,Saturday,St Kilda,Western Bulldogs,92,78,St Kilda,14,42760,Docklands,False
2006_Round_6_Adelaide_vs_Port_Adelaide,2006,Round 6,2006-05-06 19:10:00,Saturday,Adelaide,Port Adelaide,103,53,Adelaide,50,42723,Football Park,False
2006_Round_6_Essendon_vs_Richmond,2006,Round 6,2006-05-06 19:45:00,Saturday,Essendon,Richmond,95,97,Richmond,2,58439,M.C.G.,False
2006_Round_6_Brisbane_Lions_vs_Sydney,2006,Round 6,2006-05-07 13:10:00,Sunday,Brisbane Lions,Sydney,70,102,Sydney,32,29872,Gabba,False
2006_Round_6_Carlton_vs_Collingwood,2006,Round 6,2006-05-07 14:10:00,Sunday,Carlton,Collingwood,66,138,Collingwood,72,59675,M.C.G.,False
2006_Round_7_St_Kilda_vs_Geelong,2006,Round 7,2006-05-12 19:40:00,Friday,St Kilda,Geelong,64,82,Geelong,18,48313,Docklands,False
2006_Round_7_Melbourne_vs_Fremantle,2006,Round 7,2006-05-13 14:10:00,Saturday,Melbourne,Fremantle,117,58,Melbourne,59,23368,M.C.G.,False
2006_Round_7_Richmond_vs_Sydney,2006,Round 7,2006-05-13 14:10:00,Saturday,Richmond,Sydney,62,180,Sydney,118,36477,Docklands,False
2006_Round_7_West_Coast_vs_Collingwood,2006,Round 7,2006-05-13 17:40:00,Saturday,West Coast,Collingwood,112,98,West Coast,14,42033,Subiaco,False
2006_Round_7_Hawthorn_vs_Brisbane_Lions,2006,Round 7,2006-05-13 19:10:00,Saturday,Hawthorn,Brisbane Lions,66,106,Brisbane Lions,40,12315,Carrara,False
2006_Round_7_Port_Adelaide_vs_Western_Bulldogs,2006,Round 7,2006-05-14 12:40:00,Sunday,Port Adelaide,Western Bulldogs,90,166,Western Bulldogs,76,20233,Football Park,False
2006_Round_7_Carlton_vs_Essendon,2006,Round 7,2006-05-14 14:10:00,Sunday,Carlton,Essendon,111,78,Carlton,33,32976,M.C.G.,False
2006_Round_8_Hawthorn_vs_Melbourne,2006,Round 8,2006-05-19 19:40:00,Friday,Hawthorn,Melbourne,61,136,Melbourne,75,42985,M.C.G.,False
2006_Round_8_Richmond_vs_Adelaide,2006,Round 8,2006-05-20 14:10:00,Saturday,Richmond,Adelaide,69,66,Richmond,3,24461,Docklands,False
2006_Round_8_Collingwood_vs_Geelong,2006,Round 8,2006-05-20 19:10:00,Saturday,Collingwood,Geelong,146,44,Collingwood,102,69819,M.C.G.,False
2006_Round_8_Western_Bulldogs_vs_Sydney,2006,Round 8,2006-05-20 19:10:00,Saturday,Western Bulldogs,Sydney,90,116,Sydney,26,31756,S.C.G.,False
2006_Round_8_Port_Adelaide_vs_Brisbane_Lions,2006,Round 8,2006-05-21 12:40:00,Sunday,Port Adelaide,Brisbane Lions,78,147,Brisbane Lions,69,21970,Football Park,False
2006_Round_8_Carlton_vs_St_Kilda,2006,Round 8,2006-05-21 14:10:00,Sunday,Carlton,St Kilda,34,126,St Kilda,92,39908,M.C.G.,False
2006_Round_8_Essendon_vs_West_Coast,2006,Round 8,2006-05-21 14:10:00,Sunday,Essendon,West Coast,92,113,West Coast,21,31434,Docklands,False
2006_Round_9_Collingwood_vs_Western_Bulldogs,2006,Round 9,2006-05-26 19:40:00,Friday,Collingwood,Western Bulldogs,139,105,Collingwood,34,67920,M.C.G.,False
2006_Round_9_Geelong_vs_Richmond,2006,Round 9,2006-05-27 14:10:00,Saturday,Geelong,Richmond,90,110,Richmond,20,23386,Kardinia Park,False
2006_Round_9_Adelaide_vs_Carlton,2006,Round 9,2006-05-27 14:40:00,Saturday,Adelaide,Carlton,124,60,Adelaide,64,41157,Football Park,False
2006_Round_9_Essendon_vs_Port_Adelaide,2006,Round 9,2006-05-27 19:10:00,Saturday,Essendon,Port Adelaide,69,129,Port Adelaide,60,29232,Docklands,False
2006_Round_9_Hawthorn_vs_Sydney,2006,Round 9,2006-05-27 19:10:00,Saturday,Hawthorn,Sydney,54,119,Sydney,65,28766,M.C.G.,False
2006_Round_9_Brisbane_Lions_vs_Fremantle,2006,Round 9,2006-05-28 13:10:00,Sunday,Brisbane Lions,Fremantle,141,73,Brisbane Lions,68,29999,Gabba,False
2006_Round_9_West_Coast_vs_Melbourne,2006,Round 9,2006-05-28 14:40:00,Sunday,West Coast,Melbourne,97,75,West Coast,22,41032,Subiaco,False
2006_Round_10_Adelaide_vs_Essendon,2006,Round 10,2006-06-02 20:10:00,Friday,Adelaide,Essendon,188,50,Adelaide,138,42025,Football Park,False
2006_Round_10_Geelong_vs_West_Coast,2006,Round 10,2006-06-03 14:10:00,Saturday,Geelong,West Coast,98,101,West Coast,3,20428,Kardinia Park,False
2006_Round_10_Western_Bulldogs_vs_Hawthorn,2006,Round 10,2006-06-03 14:10:00,Saturday,Western Bulldogs,Hawthorn,109,88,Western Bulldogs,21,29960,Docklands,False
2006_Round_10_Fremantle_vs_Richmond,2006,Round 10,2006-06-03 17:40:00,Saturday,Fremantle,Richmond,100,89,Fremantle,11,36032,Subiaco,False
2006_Round_10_Collingwood_vs_Brisbane_Lions,2006,Round 10,2006-06-03 19:10:00,Saturday,Collingwood,Brisbane Lions,109,83,Collingwood,26,54820,M.C.G.,False
2006_Round_10_Carlton_vs_Port_Adelaide,2006,Round 10,2006-06-04 14:10:00,Sunday,Carlton,Port Adelaide,84,118,Port Adelaide,34,18665,Docklands,False
2006_Round_10_Melbourne_vs_St_Kilda,2006,Round 10,2006-06-04 14:10:00,Sunday,Melbourne,St Kilda,103,90,Melbourne,13,41665,M.C.G.,False
2006_Round_11_Geelong_vs_Essendon,2006,Round 11,2006-06-09 19:40:00,Friday,Geelong,Essendon,130,88,Geelong,42,43600,Docklands,False
2006_Round_11_Brisbane_Lions_vs_Adelaide,2006,Round 11,2006-06-10 19:10:00,Saturday,Brisbane Lions,Adelaide,60,75,Adelaide,15,27516,Gabba,False
2006_Round_11_Sydney_vs_St_Kilda,2006,Round 11,2006-06-10 19:10:00,Saturday,Sydney,St Kilda,50,52,St Kilda,2,31146,S.C.G.,False
2006_Round_11_Port_Adelaide_vs_Hawthorn,2006,Round 11,2006-06-11 12:40:00,Sunday,Port Adelaide,Hawthorn,145,49,Port Adelaide,96,24511,Football Park,False
2006_Round_11_Western_Bulldogs_vs_Fremantle,2006,Round 11,2006-06-11 14:10:00,Sunday,Western Bulldogs,Fremantle,100,86,Western Bulldogs,14,23805,Docklands,False
2006_Round_11_West_Coast_vs_Carlton,2006,Round 11,2006-06-11 14:40:00,Sunday,West Coast,Carlton,111,101,West Coast,10,40090,Subiaco,False
2006_Round_11_Melbourne_vs_Collingwood,2006,Round 11,2006-06-12 14:10:00,Monday,Melbourne,Collingwood,141,94,Melbourne,47,78773,M.C.G.,False
2006_Round_12_St_Kilda_vs_Adelaide,2006,Round 12,2006-06-16 19:40:00,Friday,St Kilda,Adelaide,60,123,Adelaide,63,34170,Docklands,False
2006_Round_12_Fremantle_vs_Geelong,2006,Round 12,2006-06-17 14:10:00,Saturday,Fremantle,Geelong,52,118,Geelong,66,34236,Subiaco,False
2006_Round_12_Brisbane_Lions_vs_Western_Bulldogs,2006,Round 12,2006-06-17 19:10:00,Saturday,Brisbane Lions,Western Bulldogs,103,145,Western Bulldogs,42,27745,Gabba,False
2006_Round_12_Port_Adelaide_vs_West_Coast,2006,Round 12,2006-06-17 19:10:00,Saturday,Port Adelaide,West Coast,97,60,Port Adelaide,37,28125,Football Park,False
2006_Round_12_Hawthorn_vs_Richmond,2006,Round 12,2006-06-18 13:10:00,Sunday,Hawthorn,Richmond,105,64,Hawthorn,41,20971,York Park,False
2006_Round_12_Essendon_vs_Melbourne,2006,Round 12,2006-06-18 14:10:00,Sunday,Essendon,Melbourne,75,111,Melbourne,36,35019,Docklands,False
2006_Round_12_Sydney_vs_Collingwood,2006,Round 12,2006-06-24 19:15:00,Saturday,Sydney,Collingwood,82,95,Collingwood,13,60307,Stadium Australia,False
2006_Round_13_Melbourne_vs_Port_Adelaide,2006,Round 13,2006-07-01 14:10:00,Saturday,Melbourne,Port Adelaide,120,82,Melbourne,38,24283,M.C.G.,False
2006_Round_13_St_Kilda_vs_Hawthorn,2006,Round 13,2006-07-01 14:10:00,Saturday,St Kilda,Hawthorn,125,55,St Kilda,70,33869,Docklands,False
2006_Round_13_Brisbane_Lions_vs_Carlton,2006,Round 13,2006-07-01 19:10:00,Saturday,Brisbane Lions,Carlton,71,56,Brisbane Lions,15,29516,Gabba,False
2006_Round_13_Sydney_vs_Fremantle,2006,Round 13,2006-07-01 19:10:00,Saturday,Sydney,Fremantle,91,58,Sydney,33,24114,S.C.G.,False
2006_Round_13_Adelaide_vs_Geelong,2006,Round 13,2006-07-02 12:40:00,Sunday,Adelaide,Geelong,147,55,Adelaide,92,41752,Football Park,False
2006_Round_13_Richmond_vs_Collingwood,2006,Round 13,2006-07-02 14:10:00,Sunday,Richmond,Collingwood,92,45,Richmond,47,63016,M.C.G.,False
2006_Round_13_West_Coast_vs_Western_Bulldogs,2006,Round 13,2006-07-02 14:40:00,Sunday,West Coast,Western Bulldogs,64,73,Western Bulldogs,9,40375,Subiaco,False
2006_Round_14_Fremantle_vs_Essendon,2006,Round 14,2006-07-07 18:40:00,Friday,Fremantle,Essendon,125,88,Fremantle,37,34608,Subiaco,False
2006_Round_14_Carlton_vs_Geelong,2006,Round 14,2006-07-08 14:10:00,Saturday,Carlton,Geelong,77,142,Geelong,65,32096,Docklands,False
2006_Round_14_Hawthorn_vs_West_Coast,2006,Round 14,2006-07-08 14:10:00,Saturday,Hawthorn,West Coast,104,114,West Coast,10,21989,M.C.G.,False
2006_Round_14_Melbourne_vs_Brisbane_Lions,2006,Round 14,2006-07-08 19:10:00,Saturday,Melbourne,Brisbane Lions,98,90,Melbourne,8,25541,Gabba,False
2006_Round_14_Port_Adelaide_vs_Richmond,2006,Round 14,2006-07-08 19:10:00,Saturday,Port Adelaide,Richmond,54,92,Richmond,38,25067,Football Park,False
2006_Round_14_Sydney_vs_Adelaide,2006,Round 14,2006-07-09 13:10:00,Sunday,Sydney,Adelaide,62,101,Adelaide,39,36104,S.C.G.,False
2006_Round_14_St_Kilda_vs_Collingwood,2006,Round 14,2006-07-09 14:10:00,Sunday,St Kilda,Collingwood,122,63,St Kilda,59,48564,Docklands,False
2006_Round_15_Richmond_vs_Melbourne,2006,Round 15,2006-07-14 19:40:00,Friday,Richmond,Melbourne,52,70,Melbourne,18,60086,M.C.G.,False
2006_Round_15_Essendon_vs_St_Kilda,2006,Round 15,2006-07-15 14:10:00,Saturday,Essendon,St Kilda,71,74,St Kilda,3,33082,M.C.G.,False
2006_Round_15_Adelaide_vs_Hawthorn,2006,Round 15,2006-07-15 14:40:00,Saturday,Adelaide,Hawthorn,109,73,Adelaide,36,37446,Football Park,False
2006_Round_15_West_Coast_vs_Sydney,2006,Round 15,2006-07-15 17:40:00,Saturday,West Coast,Sydney,67,65,West Coast,2,40688,Subiaco,False
2006_Round_15_Geelong_vs_Port_Adelaide,2006,Round 15,2006-07-16 13:10:00,Sunday,Geelong,Port Adelaide,68,58,Geelong,10,19149,Kardinia Park,False
2006_Round_15_Carlton_vs_Western_Bulldogs,2006,Round 15,2006-07-16 14:10:00,Sunday,Carlton,Western Bulldogs,80,110,Western Bulldogs,30,26418,Docklands,False
2006_Round_15_Collingwood_vs_Fremantle,2006,Round 15,2006-07-16 14:10:00,Sunday,Collingwood,Fremantle,104,119,Fremantle,15,30373,M.C.G.,False
2006_Round_16_Collingwood_vs_West_Coast,2006,Round 16,2006-07-22 14:10:00,Saturday,Collingwood,West Coast,127,90,Collingwood,37,38777,Docklands,False
2006_Round_16_Essendon_vs_Carlton,2006,Round 16,2006-07-22 14:10:00,Saturday,Essendon,Carlton,105,105,Draw,0,49181,M.C.G.,False
2006_Round_16_Brisbane_Lions_vs_Hawthorn,2006,Round 16,2006-07-22 19:10:00,Saturday,Brisbane Lions,Hawthorn,84,74,Brisbane Lions,10,26738,Gabba,False
2006_Round_16_Sydney_vs_Richmond,2006,Round 16,2006-07-22 19:10:00,Saturday,Sydney,Richmond,101,53,Sydney,48,28371,S.C.G.,False
2006_Round_16_St_Kilda_vs_Port_Adelaide,2006,Round 16,2006-07-23 13:10:00,Sunday,St Kilda,Port Adelaide,64,60,St Kilda,4,16588,York Park,False
2006_Round_16_Geelong_vs_Western_Bulldogs,2006,Round 16,2006-07-23 14:10:00,Sunday,Geelong,Western Bulldogs,90,89,Geelong,1,39417,Docklands,False
2006_Round_16_Fremantle_vs_Melbourne,2006,Round 16,2006-07-23 14:40:00,Sunday,Fremantle,Melbourne,96,67,Fremantle,29,36244,Subiaco,False
2006_Round_17_Collingwood_vs_Hawthorn,2006,Round 17,2006-07-28 19:40:00,Friday,Collingwood,Hawthorn,113,68,Collingwood,45,54306,M.C.G.,False
2006_Round_17_St_Kilda_vs_Richmond,2006,Round 17,2006-07-29 14:10:00,Saturday,St Kilda,Richmond,174,71,St Kilda,103,43250,M.C.G.,False
2006_Round_17_West_Coast_vs_Adelaide,2006,Round 17,2006-07-29 14:10:00,Saturday,West Coast,Adelaide,165,83,West Coast,82,40380,Subiaco,False
2006_Round_17_Essendon_vs_Brisbane_Lions,2006,Round 17,2006-07-29 19:10:00,Saturday,Essendon,Brisbane Lions,160,123,Essendon,37,32761,Docklands,False
2006_Round_17_Port_Adelaide_vs_Sydney,2006,Round 17,2006-07-29 19:10:00,Saturday,Port Adelaide,Sydney,50,77,Sydney,27,23183,Football Park,False
2006_Round_17_Carlton_vs_Fremantle,2006,Round 17,2006-07-30 14:10:00,Sunday,Carlton,Fremantle,89,107,Fremantle,18,17518,Docklands,False
2006_Round_17_Melbourne_vs_Western_Bulldogs,2006,Round 17,2006-07-30 14:10:00,Sunday,Melbourne,Western Bulldogs,119,68,Melbourne,51,36466,M.C.G.,False
2006_Round_18_St_Kilda_vs_West_Coast,2006,Round 18,2006-08-04 19:40:00,Friday,St Kilda,West Coast,59,98,West Coast,39,40177,Docklands,False
2006_Round_18_Carlton_vs_Melbourne,2006,Round 18,2006-08-05 14:10:00,Saturday,Carlton,Melbourne,80,73,Carlton,7,24113,Docklands,False
2006_Round_18_Richmond_vs_Western_Bulldogs,2006,Round 18,2006-08-05 14:10:00,Saturday,Richmond,Western Bulldogs,78,100,Western Bulldogs,22,36339,M.C.G.,False
2006_Round_18_Adelaide_vs_Collingwood,2006,Round 18,2006-08-05 19:10:00,Saturday,Adelaide,Collingwood,58,54,Adelaide,4,45658,Football Park,False
2006_Round_18_Sydney_vs_Essendon,2006,Round 18,2006-08-05 19:10:00,Saturday,Sydney,Essendon,116,73,Sydney,43,25465,S.C.G.,False
2006_Round_18_Brisbane_Lions_vs_Geelong,2006,Round 18,2006-08-06 13:10:00,Sunday,Brisbane Lions,Geelong,87,104,Geelong,17,28055,Gabba,False
2006_Round_18_Fremantle_vs_Hawthorn,2006,Round 18,2006-08-06 14:40:00,Sunday,Fremantle,Hawthorn,104,51,Fremantle,53,35017,Subiaco,False
2006_Round_19_Essendon_vs_Collingwood,2006,Round 19,2006-08-11 19:40:00,Friday,Essendon,Collingwood,74,61,Essendon,13,62940,M.C.G.,False
2006_Round_19_Melbourne_vs_Sydney,2006,Round 19,2006-08-12 14:10:00,Saturday,Melbourne,Sydney,63,95,Sydney,32,43794,M.C.G.,False
2006_Round_19_Richmond_vs_Brisbane_Lions,2006,Round 19,2006-08-12 19:10:00,Saturday,Richmond,Brisbane Lions,142,60,Richmond,82,27211,Docklands,False
2006_Round_19_Western_Bulldogs_vs_Port_Adelaide,2006,Round 19,2006-08-12 19:10:00,Saturday,Western Bulldogs,Port Adelaide,91,105,Port Adelaide,14,14100,Marrara Oval,False
2006_Round_19_Adelaide_vs_Fremantle,2006,Round 19,2006-08-13 12:40:00,Sunday,Adelaide,Fremantle,80,95,Fremantle,15,43127,Football Park,False
2006_Round_19_Geelong_vs_St_Kilda,2006,Round 19,2006-08-13 14:10:00,Sunday,Geelong,St Kilda,80,103,St Kilda,23,40986,Docklands,False
2006_Round_19_Hawthorn_vs_Carlton,2006,Round 19,2006-08-13 14:10:00,Sunday,Hawthorn,Carlton,113,90,Hawthorn,23,36817,M.C.G.,False
2006_Round_20_Port_Adelaide_vs_Collingwood,2006,Round 20,2006-08-18 20:10:00,Friday,Port Adelaide,Collingwood,87,89,Collingwood,2,30281,Football Park,False
2006_Round_20_Geelong_vs_Sydney,2006,Round 20,2006-08-19 14:10:00,Saturday,Geelong,Sydney,90,63,Geelong,27,21775,Kardinia Park,False
2006_Round_20_Western_Bulldogs_vs_Adelaide,2006,Round 20,2006-08-19 14:10:00,Saturday,Western Bulldogs,Adelaide,105,98,Western Bulldogs,7,29988,M.C.G.,False
2006_Round_20_Fremantle_vs_St_Kilda,2006,Round 20,2006-08-19 17:40:00,Saturday,Fremantle,St Kilda,114,56,Fremantle,58,39069,Subiaco,False
2006_Round_20_Essendon_vs_Hawthorn,2006,Round 20,2006-08-19 19:10:00,Saturday,Essendon,Hawthorn,106,124,Hawthorn,18,44275,Docklands,False
2006_Round_20_Brisbane_Lions_vs_West_Coast,2006,Round 20,2006-08-20 13:10:00,Sunday,Brisbane Lions,West Coast,52,114,West Coast,62,23764,Gabba,False
2006_Round_20_Carlton_vs_Richmond,2006,Round 20,2006-08-20 14:10:00,Sunday,Carlton,Richmond,95,140,Richmond,45,37094,Docklands,False
2006_Round_21_Western_Bulldogs_vs_St_Kilda,2006,Round 21,2006-08-25 19:40:00,Friday,Western Bulldogs,St Kilda,92,142,St Kilda,50,47120,Docklands,False
2006_Round_21_Geelong_vs_Melbourne,2006,Round 21,2006-08-26 14:10:00,Saturday,Geelong,Melbourne,94,94,Draw,0,23068,Kardinia Park,False
2006_Round_21_Richmond_vs_Essendon,2006,Round 21,2006-08-26 19:10:00,Saturday,Richmond,Essendon,129,113,Richmond,16,48710,M.C.G.,False
2006_Round_21_Sydney_vs_Brisbane_Lions,2006,Round 21,2006-08-26 19:10:00,Saturday,Sydney,Brisbane Lions,97,40,Sydney,57,37659,Stadium Australia,False
2006_Round_21_Port_Adelaide_vs_Adelaide,2006,Round 21,2006-08-27 12:40:00,Sunday,Port Adelaide,Adelaide,95,81,Port Adelaide,14,41549,Football Park,False
2006_Round_21_Collingwood_vs_Carlton,2006,Round 21,2006-08-27 14:10:00,Sunday,Collingwood,Carlton,156,112,Collingwood,44,57719,M.C.G.,False
2006_Round_21_West_Coast_vs_Fremantle,2006,Round 21,2006-08-27 14:40:00,Sunday,West Coast,Fremantle,61,118,Fremantle,57,43527,Subiaco,False
2006_Round_22_Western_Bulldogs_vs_Essendon,2006,Round 22,2006-09-01 19:40:00,Friday,Western Bulldogs,Essendon,147,125,Western Bulldogs,22,42956,Docklands,False
2006_Round_22_Richmond_vs_West_Coast,2006,Round 22,2006-09-02 14:10:00,Saturday,Richmond,West Coast,85,173,West Coast,88,35016,M.C.G.,False
2006_Round_22_Adelaide_vs_Melbourne,2006,Round 22,2006-09-02 14:40:00,Saturday,Adelaide,Melbourne,152,94,Adelaide,58,41364,Football Park,False
2006_Round_22_Fremantle_vs_Port_Adelaide,2006,Round 22,2006-09-02 17:40:00,Saturday,Fremantle,Port Adelaide,151,72,Fremantle,79,41121,Subiaco,False
2006_Round_22_Brisbane_Lions_vs_St_Kilda,2006,Round 22,2006-09-02 19:10:00,Saturday,Brisbane Lions,St Kilda,57,108,St Kilda,51,27101,Gabba,False
2006_Round_22_Sydney_vs_Carlton,2006,Round 22,2006-09-03 13:10:00,Sunday,Sydney,Carlton,136,44,Sydney,92,33943,S.C.G.,False
2006_Round_22_Hawthorn_vs_Geelong,2006,Round 22,2006-09-03 14:10:00,Sunday,Hawthorn,Geelong,133,72,Hawthorn,61,28188,Docklands,False
2006_Elimination_Final_St_Kilda_vs_Melbourne,2006,Elimination Final,2006-09-08 19:30:00,Friday,St Kilda,Melbourne,72,90,Melbourne,18,67528,M.C.G.,True
2006_Qualifying_Final_Adelaide_vs_Fremantle,2006,Qualifying Final,2006-09-09 14:30:00,Saturday,Adelaide,Fremantle,76,46,Adelaide,30,42208,Football Park,True
2006_Qualifying_Final_West_Coast_vs_Sydney,2006,Qualifying Final,2006-09-09 17:30:00,Saturday,West Coast,Sydney,84,85,Sydney,1,43116,Subiaco,True
2006_Elimination_Final_Collingwood_vs_Western_Bulldogs,2006,Elimination Final,2006-09-10 14:30:00,Sunday,Collingwood,Western Bulldogs,80,121,Western Bulldogs,41,84284,M.C.G.,True
2006_Semi_Final_Fremantle_vs_Melbourne,2006,Semi Final,2006-09-15 18:30:00,Friday,Fremantle,Melbourne,102,74,Fremantle,28,42505,Subiaco,True
2006_Semi_Final_West_Coast_vs_Western_Bulldogs,2006,Semi Final,2006-09-16 17:30:00,Saturday,West Coast,Western Bulldogs,113,39,West Coast,74,43219,Subiaco,True
2006_Preliminary_Final_Sydney_vs_Fremantle,2006,Preliminary Final,2006-09-22 20:00:00,Friday,Sydney,Fremantle,127,92,Sydney,35,61373,Stadium Australia,True
2006_Preliminary_Final_Adelaide_vs_West_Coast,2006,Preliminary Final,2006-09-23 15:00:00,Saturday,Adelaide,West Coast,75,85,West Coast,10,50514,Football Park,True
2006_Grand_Final_West_Coast_vs_Sydney,2006,Grand Final,2006-09-30 14:30:00,Saturday,West Coast,Sydney,85,84,West Coast,1,97431,M.C.G.,True
2007_Round_1_Melbourne_vs_St_Kilda,2007,Round 1,2007-03-30 19:40:00,Friday,Melbourne,St Kilda,62,93,St Kilda,31,49490,M.C.G.,False
2007_Round_1_Fremantle_vs_Port_Adelaide,2007,Round 1,2007-03-31 14:10:00,Saturday,Fremantle,Port Adelaide,105,121,Port Adelaide,16,37425,Subiaco,False
2007_Round_1_Brisbane_Lions_vs_Hawthorn,2007,Round 1,2007-03-31 19:15:00,Saturday,Brisbane Lions,Hawthorn,69,44,Brisbane Lions,25,27104,Gabba,False
2007_Round_1_Sydney_vs_West_Coast,2007,Round 1,2007-03-31 19:15:00,Saturday,Sydney,West Coast,73,74,West Coast,1,62586,Stadium Australia,False
2007_Round_1_Adelaide_vs_Essendon,2007,Round 1,2007-04-01 12:40:00,Sunday,Adelaide,Essendon,74,105,Essendon,31,43064,Football Park,False
2007_Round_1_Western_Bulldogs_vs_Geelong,2007,Round 1,2007-04-01 14:10:00,Sunday,Western Bulldogs,Geelong,113,93,Western Bulldogs,20,42626,Docklands,False
2007_Round_1_Carlton_vs_Richmond,2007,Round 1,2007-04-01 17:10:00,Sunday,Carlton,Richmond,115,98,Carlton,17,59847,M.C.G.,False
2007_Round_2_Brisbane_Lions_vs_St_Kilda,2007,Round 2,2007-04-05 19:40:00,Thursday,Brisbane Lions,St Kilda,102,50,Brisbane Lions,52,28266,Gabba,False
2007_Round_2_Richmond_vs_Sydney,2007,Round 2,2007-04-07 14:10:00,Saturday,Richmond,Sydney,72,88,Sydney,16,37985,M.C.G.,False
2007_Round_2_West_Coast_vs_Collingwood,2007,Round 2,2007-04-07 17:40:00,Saturday,West Coast,Collingwood,87,75,West Coast,12,40413,Subiaco,False
2007_Round_2_Geelong_vs_Carlton,2007,Round 2,2007-04-07 19:15:00,Saturday,Geelong,Carlton,162,84,Geelong,78,41113,Docklands,False
2007_Round_2_Essendon_vs_Fremantle,2007,Round 2,2007-04-08 14:10:00,Sunday,Essendon,Fremantle,122,112,Essendon,10,32623,Docklands,False
2007_Round_2_Western_Bulldogs_vs_Adelaide,2007,Round 2,2007-04-08 17:10:00,Sunday,Western Bulldogs,Adelaide,72,110,Adelaide,38,27199,M.C.G.,False
2007_Round_2_Hawthorn_vs_Melbourne,2007,Round 2,2007-04-09 14:10:00,Monday,Hawthorn,Melbourne,116,94,Hawthorn,22,43197,M.C.G.,False
2007_Round_3_Collingwood_vs_Richmond,2007,Round 3,2007-04-13 19:40:00,Friday,Collingwood,Richmond,115,90,Collingwood,25,70569,M.C.G.,False
2007_Round_3_Carlton_vs_Essendon,2007,Round 3,2007-04-14 14:10:00,Saturday,Carlton,Essendon,125,122,Carlton,3,64710,M.C.G.,False
2007_Round_3_Port_Adelaide_vs_Adelaide,2007,Round 3,2007-04-14 14:40:00,Saturday,Port Adelaide,Adelaide,63,87,Adelaide,24,36959,Football Park,False
2007_Round_3_Fremantle_vs_West_Coast,2007,Round 3,2007-04-14 17:40:00,Saturday,Fremantle,West Coast,70,101,West Coast,31,42051,Subiaco,False
2007_Round_3_St_Kilda_vs_Western_Bulldogs,2007,Round 3,2007-04-14 19:15:00,Saturday,St Kilda,Western Bulldogs,116,66,St Kilda,50,38474,Docklands,False
2007_Round_3_Sydney_vs_Brisbane_Lions,2007,Round 3,2007-04-15 13:10:00,Sunday,Sydney,Brisbane Lions,96,69,Sydney,27,24854,S.C.G.,False
2007_Round_3_Melbourne_vs_Geelong,2007,Round 3,2007-04-15 14:10:00,Sunday,Melbourne,Geelong,57,109,Geelong,52,38438,M.C.G.,False
2007_Round_4_Richmond_vs_Western_Bulldogs,2007,Round 4,2007-04-20 19:40:00,Friday,Richmond,Western Bulldogs,100,132,Western Bulldogs,32,36821,M.C.G.,False
2007_Round_4_Collingwood_vs_Port_Adelaide,2007,Round 4,2007-04-21 14:10:00,Saturday,Collingwood,Port Adelaide,66,84,Port Adelaide,18,35355,M.C.G.,False
2007_Round_4_St_Kilda_vs_Essendon,2007,Round 4,2007-04-21 14:10:00,Saturday,St Kilda,Essendon,68,99,Essendon,31,47605,Docklands,False
2007_Round_4_Adelaide_vs_Sydney,2007,Round 4,2007-04-21 19:10:00,Saturday,Adelaide,Sydney,61,44,Adelaide,17,43752,Football Park,False
2007_Round_4_Hawthorn_vs_Geelong,2007,Round 4,2007-04-22 13:10:00,Sunday,Hawthorn,Geelong,76,72,Hawthorn,4,17120,York Park,False
2007_Round_4_Melbourne_vs_Fremantle,2007,Round 4,2007-04-22 14:10:00,Sunday,Melbourne,Fremantle,92,137,Fremantle,45,16654,M.C.G.,False
2007_Round_4_West_Coast_vs_Carlton,2007,Round 4,2007-04-22 14:40:00,Sunday,West Coast,Carlton,100,39,West Coast,61,41016,Subiaco,False
2007_Round_5_Essendon_vs_Collingwood,2007,Round 5,2007-04-25 14:40:00,Wednesday,Essendon,Collingwood,79,95,Collingwood,16,90508,M.C.G.,False
2007_Round_5_Port_Adelaide_vs_St_Kilda,2007,Round 5,2007-04-27 19:15:00,Friday,Port Adelaide,St Kilda,96,43,Port Adelaide,53,24438,Football Park,False
2007_Round_5_Richmond_vs_West_Coast,2007,Round 5,2007-04-28 14:15:00,Saturday,Richmond,West Coast,76,99,West Coast,23,27326,M.C.G.,False
2007_Round_5_Carlton_vs_Brisbane_Lions,2007,Round 5,2007-04-28 19:15:00,Saturday,Carlton,Brisbane Lions,124,136,Brisbane Lions,12,33598,Docklands,False
2007_Round_5_Sydney_vs_Melbourne,2007,Round 5,2007-04-28 19:15:00,Saturday,Sydney,Melbourne,109,60,Sydney,49,23354,S.C.G.,False
2007_Round_5_Hawthorn_vs_Western_Bulldogs,2007,Round 5,2007-04-29 13:15:00,Sunday,Hawthorn,Western Bulldogs,93,110,Western Bulldogs,17,31982,M.C.G.,False
2007_Round_5_Fremantle_vs_Adelaide,2007,Round 5,2007-04-29 14:45:00,Sunday,Fremantle,Adelaide,58,57,Fremantle,1,37172,Subiaco,False
2007_Round_6_St_Kilda_vs_Carlton,2007,Round 6,2007-05-04 19:40:00,Friday,St Kilda,Carlton,125,82,St Kilda,43,45513,Docklands,False
2007_Round_6_Essendon_vs_Hawthorn,2007,Round 6,2007-05-05 14:10:00,Saturday,Essendon,Hawthorn,96,131,Hawthorn,35,52047,M.C.G.,False
2007_Round_6_West_Coast_vs_Western_Bulldogs,2007,Round 6,2007-05-05 14:10:00,Saturday,West Coast,Western Bulldogs,77,62,West Coast,15,40668,Subiaco,False
2007_Round_6_Adelaide_vs_Collingwood,2007,Round 6,2007-05-05 19:10:00,Saturday,Adelaide,Collingwood,62,86,Collingwood,24,43915,Football Park,False
2007_Round_6_Brisbane_Lions_vs_Fremantle,2007,Round 6,2007-05-06 13:10:00,Sunday,Brisbane Lions,Fremantle,120,75,Brisbane Lions,45,27175,Gabba,False
2007_Round_6_Melbourne_vs_Port_Adelaide,2007,Round 6,2007-05-06 14:10:00,Sunday,Melbourne,Port Adelaide,71,76,Port Adelaide,5,16266,M.C.G.,False
2007_Round_6_Richmond_vs_Geelong,2007,Round 6,2007-05-06 17:10:00,Sunday,Richmond,Geelong,65,222,Geelong,157,34584,Docklands,False
2007_Round_7_Collingwood_vs_Carlton,2007,Round 7,2007-05-12 14:10:00,Saturday,Collingwood,Carlton,119,95,Collingwood,24,77321,M.C.G.,False
2007_Round_7_Port_Adelaide_vs_Richmond,2007,Round 7,2007-05-12 14:40:00,Saturday,Port Adelaide,Richmond,115,75,Port Adelaide,40,26232,Football Park,False
2007_Round_7_Brisbane_Lions_vs_Adelaide,2007,Round 7,2007-05-12 19:15:00,Saturday,Brisbane Lions,Adelaide,69,100,Adelaide,31,26978,Gabba,False
2007_Round_7_St_Kilda_vs_Sydney,2007,Round 7,2007-05-12 19:15:00,Saturday,St Kilda,Sydney,97,71,St Kilda,26,37816,Docklands,False
2007_Round_7_Geelong_vs_West_Coast,2007,Round 7,2007-05-13 13:10:00,Sunday,Geelong,West Coast,109,70,Geelong,39,22014,Kardinia Park,False
2007_Round_7_Western_Bulldogs_vs_Melbourne,2007,Round 7,2007-05-13 14:10:00,Sunday,Western Bulldogs,Melbourne,112,106,Western Bulldogs,6,24584,Docklands,False
2007_Round_7_Fremantle_vs_Hawthorn,2007,Round 7,2007-05-13 14:40:00,Sunday,Fremantle,Hawthorn,96,80,Fremantle,16,36481,Subiaco,False
2007_Round_8_Adelaide_vs_Richmond,2007,Round 8,2007-05-18 19:10:00,Friday,Adelaide,Richmond,99,90,Adelaide,9,40742,Football Park,False
2007_Round_8_Essendon_vs_Brisbane_Lions,2007,Round 8,2007-05-19 14:10:00,Saturday,Essendon,Brisbane Lions,127,63,Essendon,64,35034,Docklands,False
2007_Round_8_Geelong_vs_Fremantle,2007,Round 8,2007-05-19 14:10:00,Saturday,Geelong,Fremantle,94,69,Geelong,25,20435,Kardinia Park,False
2007_Round_8_Hawthorn_vs_St_Kilda,2007,Round 8,2007-05-19 19:15:00,Saturday,Hawthorn,St Kilda,72,44,Hawthorn,28,36069,M.C.G.,False
2007_Round_8_Sydney_vs_Port_Adelaide,2007,Round 8,2007-05-20 13:10:00,Sunday,Sydney,Port Adelaide,118,87,Sydney,31,25423,S.C.G.,False
2007_Round_8_Western_Bulldogs_vs_Collingwood,2007,Round 8,2007-05-20 14:10:00,Sunday,Western Bulldogs,Collingwood,135,102,Western Bulldogs,33,46990,Docklands,False
2007_Round_8_West_Coast_vs_Melbourne,2007,Round 8,2007-05-20 14:40:00,Sunday,West Coast,Melbourne,137,60,West Coast,77,40068,Subiaco,False
2007_Round_9_Fremantle_vs_St_Kilda,2007,Round 9,2007-05-25 18:40:00,Friday,Fremantle,St Kilda,101,55,Fremantle,46,39034,Subiaco,False
2007_Round_9_Carlton_vs_Adelaide,2007,Round 9,2007-05-26 14:10:00,Saturday,Carlton,Adelaide,86,105,Adelaide,19,27504,Docklands,False
2007_Round_9_Hawthorn_vs_West_Coast,2007,Round 9,2007-05-26 14:10:00,Saturday,Hawthorn,West Coast,99,64,Hawthorn,35,18112,York Park,False
2007_Round_9_Brisbane_Lions_vs_Collingwood,2007,Round 9,2007-05-26 19:15:00,Saturday,Brisbane Lions,Collingwood,87,120,Collingwood,33,32225,Gabba,False
2007_Round_9_Richmond_vs_Essendon,2007,Round 9,2007-05-26 19:40:00,Saturday,Richmond,Essendon,84,92,Essendon,8,61837,M.C.G.,False
2007_Round_9_Western_Bulldogs_vs_Sydney,2007,Round 9,2007-05-27 13:10:00,Sunday,Western Bulldogs,Sydney,57,100,Sydney,43,14517,Manuka Oval,False
2007_Round_9_Port_Adelaide_vs_Geelong,2007,Round 9,2007-05-27 16:10:00,Sunday,Port Adelaide,Geelong,60,116,Geelong,56,26465,Football Park,False
2007_Round_10_Collingwood_vs_Fremantle,2007,Round 10,2007-06-01 19:40:00,Friday,Collingwood,Fremantle,103,94,Collingwood,9,44480,M.C.G.,False
2007_Round_10_Melbourne_vs_Adelaide,2007,Round 10,2007-06-02 14:10:00,Saturday,Melbourne,Adelaide,89,72,Melbourne,17,23657,M.C.G.,False
2007_Round_10_Richmond_vs_Brisbane_Lions,2007,Round 10,2007-06-02 19:15:00,Saturday,Richmond,Brisbane Lions,73,73,Draw,0,28093,Docklands,False
2007_Round_10_Sydney_vs_Essendon,2007,Round 10,2007-06-02 19:15:00,Saturday,Sydney,Essendon,73,74,Essendon,1,26647,S.C.G.,False
2007_Round_10_Port_Adelaide_vs_Hawthorn,2007,Round 10,2007-06-03 12:40:00,Sunday,Port Adelaide,Hawthorn,75,109,Hawthorn,34,23945,Football Park,False
2007_Round_10_Carlton_vs_Western_Bulldogs,2007,Round 10,2007-06-03 14:10:00,Sunday,Carlton,Western Bulldogs,138,128,Carlton,10,37535,M.C.G.,False
2007_Round_10_St_Kilda_vs_Geelong,2007,Round 10,2007-06-03 17:10:00,Sunday,St Kilda,Geelong,65,125,Geelong,60,42188,Docklands,False
2007_Round_11_Essendon_vs_West_Coast,2007,Round 11,2007-06-08 19:40:00,Friday,Essendon,West Coast,95,94,Essendon,1,48913,Docklands,False
2007_Round_11_Hawthorn_vs_Sydney,2007,Round 11,2007-06-09 14:10:00,Saturday,Hawthorn,Sydney,66,75,Sydney,9,48398,M.C.G.,False
2007_Round_11_Brisbane_Lions_vs_Western_Bulldogs,2007,Round 11,2007-06-09 19:15:00,Saturday,Brisbane Lions,Western Bulldogs,72,95,Western Bulldogs,23,29873,Gabba,False
2007_Round_11_Carlton_vs_Port_Adelaide,2007,Round 11,2007-06-09 19:15:00,Saturday,Carlton,Port Adelaide,141,102,Carlton,39,29678,Docklands,False
2007_Round_11_Adelaide_vs_Geelong,2007,Round 11,2007-06-10 12:40:00,Sunday,Adelaide,Geelong,62,69,Geelong,7,43108,Football Park,False
2007_Round_11_Fremantle_vs_Richmond,2007,Round 11,2007-06-10 14:40:00,Sunday,Fremantle,Richmond,123,102,Fremantle,21,37177,Subiaco,False
2007_Round_11_Melbourne_vs_Collingwood,2007,Round 11,2007-06-11 14:10:00,Monday,Melbourne,Collingwood,94,81,Melbourne,13,70660,M.C.G.,False
2007_Round_12_Carlton_vs_Hawthorn,2007,Round 12,2007-06-15 19:40:00,Friday,Carlton,Hawthorn,80,180,Hawthorn,100,53459,Docklands,False
2007_Round_12_Western_Bulldogs_vs_Fremantle,2007,Round 12,2007-06-16 19:10:00,Saturday,Western Bulldogs,Fremantle,141,115,Western Bulldogs,26,11449,Marrara Oval,False
2007_Round_12_Geelong_vs_Brisbane_Lions,2007,Round 12,2007-06-17 13:10:00,Sunday,Geelong,Brisbane Lions,85,35,Geelong,50,21212,Kardinia Park,False
2007_Round_12_Port_Adelaide_vs_Essendon,2007,Round 12,2007-06-17 16:10:00,Sunday,Port Adelaide,Essendon,126,95,Port Adelaide,31,25242,Football Park,False
2007_Round_12_Richmond_vs_Melbourne,2007,Round 12,2007-06-22 19:40:00,Friday,Richmond,Melbourne,124,75,Richmond,49,46161,M.C.G.,False
2007_Round_12_Sydney_vs_Collingwood,2007,Round 12,2007-06-23 19:15:00,Saturday,Sydney,Collingwood,57,76,Collingwood,19,64222,Stadium Australia,False
2007_Round_12_West_Coast_vs_St_Kilda,2007,Round 12,2007-06-24 14:40:00,Sunday,West Coast,St Kilda,76,99,St Kilda,23,39401,Subiaco,False
2007_Round_13_Essendon_vs_Melbourne,2007,Round 13,2007-06-29 19:40:00,Friday,Essendon,Melbourne,125,123,Essendon,2,47552,Docklands,False
2007_Round_13_Fremantle_vs_Carlton,2007,Round 13,2007-06-30 14:10:00,Saturday,Fremantle,Carlton,173,96,Fremantle,77,36307,Subiaco,False
2007_Round_13_Geelong_vs_Sydney,2007,Round 13,2007-06-30 14:10:00,Saturday,Geelong,Sydney,87,69,Geelong,18,23040,Kardinia Park,False
2007_Round_13_Brisbane_Lions_vs_Port_Adelaide,2007,Round 13,2007-06-30 19:15:00,Saturday,Brisbane Lions,Port Adelaide,105,112,Port Adelaide,7,22124,Gabba,False
2007_Round_13_St_Kilda_vs_Richmond,2007,Round 13,2007-06-30 19:15:00,Saturday,St Kilda,Richmond,117,100,St Kilda,17,38689,Docklands,False
2007_Round_13_Adelaide_vs_West_Coast,2007,Round 13,2007-07-01 12:40:00,Sunday,Adelaide,West Coast,74,95,West Coast,21,42127,Football Park,False
2007_Round_13_Collingwood_vs_Hawthorn,2007,Round 13,2007-07-01 17:10:00,Sunday,Collingwood,Hawthorn,87,95,Hawthorn,8,50248,Docklands,False
2007_Round_14_Essendon_vs_Geelong,2007,Round 14,2007-07-06 19:40:00,Friday,Essendon,Geelong,83,133,Geelong,50,51156,Docklands,False
2007_Round_14_Collingwood_vs_St_Kilda,2007,Round 14,2007-07-07 14:10:00,Saturday,Collingwood,St Kilda,89,80,Collingwood,9,57247,M.C.G.,False
2007_Round_14_Western_Bulldogs_vs_Port_Adelaide,2007,Round 14,2007-07-07 14:10:00,Saturday,Western Bulldogs,Port Adelaide,133,113,Western Bulldogs,20,22691,Docklands,False
2007_Round_14_West_Coast_vs_Brisbane_Lions,2007,Round 14,2007-07-07 17:40:00,Saturday,West Coast,Brisbane Lions,64,91,Brisbane Lions,27,40763,Subiaco,False
2007_Round_14_Adelaide_vs_Hawthorn,2007,Round 14,2007-07-07 19:10:00,Saturday,Adelaide,Hawthorn,102,31,Adelaide,71,34733,Football Park,False
2007_Round_14_Sydney_vs_Fremantle,2007,Round 14,2007-07-08 13:10:00,Sunday,Sydney,Fremantle,89,61,Sydney,28,25943,S.C.G.,False
2007_Round_14_Carlton_vs_Melbourne,2007,Round 14,2007-07-08 14:10:00,Sunday,Carlton,Melbourne,101,124,Melbourne,23,33085,M.C.G.,False
2007_Round_15_St_Kilda_vs_Adelaide,2007,Round 15,2007-07-13 19:40:00,Friday,St Kilda,Adelaide,82,80,St Kilda,2,32210,Docklands,False
2007_Round_15_Geelong_vs_Collingwood,2007,Round 15,2007-07-14 14:10:00,Saturday,Geelong,Collingwood,80,64,Geelong,16,85497,M.C.G.,False
2007_Round_15_Port_Adelaide_vs_West_Coast,2007,Round 15,2007-07-14 14:40:00,Saturday,Port Adelaide,West Coast,153,62,Port Adelaide,91,27879,Football Park,False
2007_Round_15_Essendon_vs_Western_Bulldogs,2007,Round 15,2007-07-14 19:15:00,Saturday,Essendon,Western Bulldogs,98,131,Western Bulldogs,33,45283,Docklands,False
2007_Round_15_Melbourne_vs_Brisbane_Lions,2007,Round 15,2007-07-14 19:15:00,Saturday,Melbourne,Brisbane Lions,82,126,Brisbane Lions,44,22708,Gabba,False
2007_Round_15_Sydney_vs_Carlton,2007,Round 15,2007-07-15 13:10:00,Sunday,Sydney,Carlton,162,100,Sydney,62,24858,S.C.G.,False
2007_Round_15_Hawthorn_vs_Richmond,2007,Round 15,2007-07-15 14:10:00,Sunday,Hawthorn,Richmond,129,76,Hawthorn,53,41770,M.C.G.,False
2007_Round_16_Geelong_vs_Western_Bulldogs,2007,Round 16,2007-07-20 19:40:00,Friday,Geelong,Western Bulldogs,138,63,Geelong,75,44688,Docklands,False
2007_Round_16_Collingwood_vs_Essendon,2007,Round 16,2007-07-21 14:10:00,Saturday,Collingwood,Essendon,122,93,Collingwood,29,65531,M.C.G.,False
2007_Round_16_Adelaide_vs_Fremantle,2007,Round 16,2007-07-21 14:40:00,Saturday,Adelaide,Fremantle,101,126,Fremantle,25,40190,Football Park,False
2007_Round_16_West_Coast_vs_Sydney,2007,Round 16,2007-07-21 17:40:00,Saturday,West Coast,Sydney,112,100,West Coast,12,40014,Subiaco,False
2007_Round_16_St_Kilda_vs_Hawthorn,2007,Round 16,2007-07-21 19:15:00,Saturday,St Kilda,Hawthorn,95,78,St Kilda,17,37847,Docklands,False
2007_Round_16_Brisbane_Lions_vs_Carlton,2007,Round 16,2007-07-22 13:10:00,Sunday,Brisbane Lions,Carlton,163,46,Brisbane Lions,117,27163,Gabba,False
2007_Round_16_Richmond_vs_Port_Adelaide,2007,Round 16,2007-07-22 14:10:00,Sunday,Richmond,Port Adelaide,100,155,Port Adelaide,55,22395,M.C.G.,False
2007_Round_17_Western_Bulldogs_vs_West_Coast,2007,Round 17,2007-07-27 19:40:00,Friday,Western Bulldogs,West Coast,71,158,West Coast,87,30900,Docklands,False
2007_Round_17_Carlton_vs_St_Kilda,2007,Round 17,2007-07-28 14:10:00,Saturday,Carlton,St Kilda,101,111,St Kilda,10,32327,Docklands,False
2007_Round_17_Fremantle_vs_Geelong,2007,Round 17,2007-07-28 14:10:00,Saturday,Fremantle,Geelong,72,140,Geelong,68,36741,Subiaco,False
2007_Round_17_Collingwood_vs_Brisbane_Lions,2007,Round 17,2007-07-28 19:15:00,Saturday,Collingwood,Brisbane Lions,56,149,Brisbane Lions,93,45096,M.C.G.,False
2007_Round_17_Sydney_vs_Richmond,2007,Round 17,2007-07-28 19:15:00,Saturday,Sydney,Richmond,138,72,Sydney,66,23199,S.C.G.,False
2007_Round_17_Essendon_vs_Adelaide,2007,Round 17,2007-07-29 14:10:00,Sunday,Essendon,Adelaide,117,105,Essendon,12,35010,Docklands,False
2007_Round_17_Port_Adelaide_vs_Melbourne,2007,Round 17,2007-07-29 16:10:00,Sunday,Port Adelaide,Melbourne,163,74,Port Adelaide,89,23485,Football Park,False
2007_Round_18_Western_Bulldogs_vs_St_Kilda,2007,Round 18,2007-08-03 19:40:00,Friday,Western Bulldogs,St Kilda,85,85,Draw,0,33600,Docklands,False
2007_Round_18_Carlton_vs_Collingwood,2007,Round 18,2007-08-04 14:10:00,Saturday,Carlton,Collingwood,96,120,Collingwood,24,56341,M.C.G.,False
2007_Round_18_Geelong_vs_Richmond,2007,Round 18,2007-08-04 14:10:00,Saturday,Geelong,Richmond,139,69,Geelong,70,21951,Kardinia Park,False
2007_Round_18_Adelaide_vs_Port_Adelaide,2007,Round 18,2007-08-04 19:10:00,Saturday,Adelaide,Port Adelaide,73,65,Adelaide,8,42335,Football Park,False
2007_Round_18_Melbourne_vs_Sydney,2007,Round 18,2007-08-05 13:10:00,Sunday,Melbourne,Sydney,64,112,Sydney,48,11266,Manuka Oval,False
2007_Round_18_Hawthorn_vs_Essendon,2007,Round 18,2007-08-05 14:10:00,Sunday,Hawthorn,Essendon,119,56,Hawthorn,63,55019,M.C.G.,False
2007_Round_18_West_Coast_vs_Fremantle,2007,Round 18,2007-08-05 14:40:00,Sunday,West Coast,Fremantle,97,124,Fremantle,27,43096,Subiaco,False
2007_Round_19_Richmond_vs_Collingwood,2007,Round 19,2007-08-10 19:40:00,Friday,Richmond,Collingwood,116,96,Richmond,20,49550,M.C.G.,False
2007_Round_19_Hawthorn_vs_Brisbane_Lions,2007,Round 19,2007-08-11 14:10:00,Saturday,Hawthorn,Brisbane Lions,115,91,Hawthorn,24,39007,M.C.G.,False
2007_Round_19_Port_Adelaide_vs_Carlton,2007,Round 19,2007-08-11 14:40:00,Saturday,Port Adelaide,Carlton,116,93,Port Adelaide,23,27603,Football Park,False
2007_Round_19_Melbourne_vs_Western_Bulldogs,2007,Round 19,2007-08-11 19:10:00,Saturday,Melbourne,Western Bulldogs,129,87,Melbourne,42,18946,Docklands,False
2007_Round_19_Sydney_vs_St_Kilda,2007,Round 19,2007-08-11 19:40:00,Saturday,Sydney,St Kilda,82,65,Sydney,17,63369,Stadium Australia,False
2007_Round_19_Geelong_vs_Adelaide,2007,Round 19,2007-08-12 14:10:00,Sunday,Geelong,Adelaide,103,70,Geelong,33,21267,Kardinia Park,False
2007_Round_19_Fremantle_vs_Essendon,2007,Round 19,2007-08-12 14:40:00,Sunday,Fremantle,Essendon,140,77,Fremantle,63,38274,Subiaco,False
2007_Round_20_Collingwood_vs_Melbourne,2007,Round 20,2007-08-17 19:40:00,Friday,Collingwood,Melbourne,81,70,Collingwood,11,46277,M.C.G.,False
2007_Round_20_Essendon_vs_Carlton,2007,Round 20,2007-08-18 14:10:00,Saturday,Essendon,Carlton,118,108,Essendon,10,48638,M.C.G.,False
2007_Round_20_St_Kilda_vs_Fremantle,2007,Round 20,2007-08-18 14:10:00,Saturday,St Kilda,Fremantle,126,96,St Kilda,30,24041,Docklands,False
2007_Round_20_West_Coast_vs_Richmond,2007,Round 20,2007-08-18 17:40:00,Saturday,West Coast,Richmond,117,86,West Coast,31,39752,Subiaco,False
2007_Round_20_Brisbane_Lions_vs_Sydney,2007,Round 20,2007-08-18 19:15:00,Saturday,Brisbane Lions,Sydney,63,63,Draw,0,33077,Gabba,False
2007_Round_20_Hawthorn_vs_Port_Adelaide,2007,Round 20,2007-08-19 13:10:00,Sunday,Hawthorn,Port Adelaide,82,87,Port Adelaide,5,15264,York Park,False
2007_Round_20_Adelaide_vs_Western_Bulldogs,2007,Round 20,2007-08-19 16:10:00,Sunday,Adelaide,Western Bulldogs,107,73,Adelaide,34,41437,Football Park,False
2007_Round_21_St_Kilda_vs_West_Coast,2007,Round 21,2007-08-24 19:40:00,Friday,St Kilda,West Coast,98,106,West Coast,8,38183,Docklands,False
2007_Round_21_Fremantle_vs_Melbourne,2007,Round 21,2007-08-25 14:10:00,Saturday,Fremantle,Melbourne,144,85,Fremantle,59,34549,Subiaco,False
2007_Round_21_Adelaide_vs_Brisbane_Lions,2007,Round 21,2007-08-25 19:10:00,Saturday,Adelaide,Brisbane Lions,86,60,Adelaide,26,46507,Football Park,False
2007_Round_21_Collingwood_vs_Sydney,2007,Round 21,2007-08-25 19:15:00,Saturday,Collingwood,Sydney,101,76,Collingwood,25,63842,M.C.G.,False
2007_Round_21_Western_Bulldogs_vs_Hawthorn,2007,Round 21,2007-08-26 13:10:00,Sunday,Western Bulldogs,Hawthorn,67,151,Hawthorn,84,32734,Docklands,False
2007_Round_21_Geelong_vs_Port_Adelaide,2007,Round 21,2007-08-26 14:10:00,Sunday,Geelong,Port Adelaide,101,106,Port Adelaide,5,24331,Kardinia Park,False
2007_Round_21_Essendon_vs_Richmond,2007,Round 21,2007-08-26 17:10:00,Sunday,Essendon,Richmond,92,119,Richmond,27,88468,M.C.G.,False
2007_Round_22_Collingwood_vs_Adelaide,2007,Round 22,2007-08-31 19:40:00,Friday,Collingwood,Adelaide,75,94,Adelaide,19,47915,Docklands,False
2007_Round_22_Richmond_vs_St_Kilda,2007,Round 22,2007-09-01 14:10:00,Saturday,Richmond,St Kilda,92,102,St Kilda,10,42472,M.C.G.,False
2007_Round_22_West_Coast_vs_Essendon,2007,Round 22,2007-09-01 14:10:00,Saturday,West Coast,Essendon,132,124,West Coast,8,42761,Subiaco,False
2007_Round_22_Port_Adelaide_vs_Fremantle,2007,Round 22,2007-09-01 19:10:00,Saturday,Port Adelaide,Fremantle,117,85,Port Adelaide,32,39270,Football Park,False
2007_Round_22_Brisbane_Lions_vs_Geelong,2007,Round 22,2007-09-01 19:15:00,Saturday,Brisbane Lions,Geelong,103,145,Geelong,42,34107,Gabba,False
2007_Round_22_Sydney_vs_Hawthorn,2007,Round 22,2007-09-02 13:10:00,Sunday,Sydney,Hawthorn,141,69,Sydney,72,27498,S.C.G.,False
2007_Round_22_Melbourne_vs_Carlton,2007,Round 22,2007-09-02 17:10:00,Sunday,Melbourne,Carlton,139,108,Melbourne,31,26156,M.C.G.,False
2007_Qualifying_Final_Port_Adelaide_vs_West_Coast,2007,Qualifying Final,2007-09-07 19:50:00,Friday,Port Adelaide,West Coast,68,65,Port Adelaide,3,37750,Football Park,True
2007_Elimination_Final_Hawthorn_vs_Adelaide,2007,Elimination Final,2007-09-08 14:30:00,Saturday,Hawthorn,Adelaide,105,102,Hawthorn,3,36534,Docklands,True
2007_Elimination_Final_Collingwood_vs_Sydney,2007,Elimination Final,2007-09-08 19:30:00,Saturday,Collingwood,Sydney,125,87,Collingwood,38,64645,M.C.G.,True
2007_Preliminary_Final_Geelong_vs_Collingwood,2007,Preliminary Final,2007-09-21 19:50:00,Friday,Geelong,Collingwood,92,87,Geelong,5,98002,M.C.G.,True
2007_Grand_Final_Geelong_vs_Port_Adelaide,2007,Grand Final,2007-09-29 14:30:00,Saturday,Geelong,Port Adelaide,163,44,Geelong,119,97302,M.C.G.,True
2008_Round_1_Carlton_vs_Richmond,2008,Round 1,2008-03-20 18:10:00,Thursday,Carlton,Richmond,79,109,Richmond,30,72552,M.C.G.,False
2008_Round_1_Port_Adelaide_vs_Geelong,2008,Round 1,2008-03-20 20:15:00,Thursday,Port Adelaide,Geelong,96,105,Geelong,9,28206,Football Park,False
2008_Round_1_Collingwood_vs_Fremantle,2008,Round 1,2008-03-22 14:10:00,Saturday,Collingwood,Fremantle,111,85,Collingwood,26,45383,M.C.G.,False
2008_Round_1_West_Coast_vs_Brisbane_Lions,2008,Round 1,2008-03-22 16:40:00,Saturday,West Coast,Brisbane Lions,92,76,West Coast,16,39591,Subiaco,False
2008_Round_1_St_Kilda_vs_Sydney,2008,Round 1,2008-03-22 19:10:00,Saturday,St Kilda,Sydney,51,49,St Kilda,2,36614,Docklands,False
2008_Round_1_Western_Bulldogs_vs_Adelaide,2008,Round 1,2008-03-23 13:10:00,Sunday,Western Bulldogs,Adelaide,126,123,Western Bulldogs,3,24835,Docklands,False
2008_Round_1_Hawthorn_vs_Melbourne,2008,Round 1,2008-03-23 16:40:00,Sunday,Hawthorn,Melbourne,154,50,Hawthorn,104,40141,M.C.G.,False
2008_Round_1_North_Melbourne_vs_Essendon,2008,Round 1,2008-03-24 14:10:00,Monday,North Melbourne,Essendon,67,122,Essendon,55,48100,Docklands,False
2008_Round_2_Brisbane_Lions_vs_Collingwood,2008,Round 2,2008-03-28 19:40:00,Friday,Brisbane Lions,Collingwood,96,94,Brisbane Lions,2,33867,Gabba,False
2008_Round_2_Melbourne_vs_Western_Bulldogs,2008,Round 2,2008-03-29 14:10:00,Saturday,Melbourne,Western Bulldogs,66,161,Western Bulldogs,95,27821,M.C.G.,False
2008_Round_2_Adelaide_vs_West_Coast,2008,Round 2,2008-03-29 14:40:00,Saturday,Adelaide,West Coast,133,57,Adelaide,76,38162,Football Park,False
2008_Round_2_Fremantle_vs_Hawthorn,2008,Round 2,2008-03-29 16:40:00,Saturday,Fremantle,Hawthorn,97,112,Hawthorn,15,38022,Subiaco,False
2008_Round_2_St_Kilda_vs_Carlton,2008,Round 2,2008-03-29 19:10:00,Saturday,St Kilda,Carlton,125,85,St Kilda,40,43396,Docklands,False
2008_Round_2_Sydney_vs_Port_Adelaide,2008,Round 2,2008-03-30 13:10:00,Sunday,Sydney,Port Adelaide,146,78,Sydney,68,24761,S.C.G.,False
2008_Round_2_Geelong_vs_Essendon,2008,Round 2,2008-03-30 14:10:00,Sunday,Geelong,Essendon,150,51,Geelong,99,50636,Docklands,False
2008_Round_2_Richmond_vs_North_Melbourne,2008,Round 2,2008-03-30 16:40:00,Sunday,Richmond,North Melbourne,86,127,North Melbourne,41,39292,M.C.G.,False
2008_Round_3_Western_Bulldogs_vs_St_Kilda,2008,Round 3,2008-04-04 19:40:00,Friday,Western Bulldogs,St Kilda,125,87,Western Bulldogs,38,38667,Docklands,False
2008_Round_3_North_Melbourne_vs_Hawthorn,2008,Round 3,2008-04-05 14:10:00,Saturday,North Melbourne,Hawthorn,86,102,Hawthorn,16,39816,Docklands,False
2008_Round_3_West_Coast_vs_Fremantle,2008,Round 3,2008-04-05 14:10:00,Saturday,West Coast,Fremantle,73,87,Fremantle,14,39027,Subiaco,False
2008_Round_3_Brisbane_Lions_vs_Sydney,2008,Round 3,2008-04-05 19:10:00,Saturday,Brisbane Lions,Sydney,71,88,Sydney,17,29061,Gabba,False
2008_Round_3_Essendon_vs_Carlton,2008,Round 3,2008-04-05 19:10:00,Saturday,Essendon,Carlton,150,134,Essendon,16,64388,M.C.G.,False
2008_Round_3_Geelong_vs_Melbourne,2008,Round 3,2008-04-06 13:10:00,Sunday,Geelong,Melbourne,112,82,Geelong,30,23570,Kardinia Park,False
2008_Round_3_Richmond_vs_Collingwood,2008,Round 3,2008-04-06 14:10:00,Sunday,Richmond,Collingwood,78,122,Collingwood,44,70832,M.C.G.,False
2008_Round_3_Adelaide_vs_Port_Adelaide,2008,Round 3,2008-04-06 16:10:00,Sunday,Adelaide,Port Adelaide,85,79,Adelaide,6,45524,Football Park,False
2008_Round_4_Essendon_vs_Western_Bulldogs,2008,Round 4,2008-04-11 19:40:00,Friday,Essendon,Western Bulldogs,98,128,Western Bulldogs,30,47641,Docklands,False
2008_Round_4_North_Melbourne_vs_Melbourne,2008,Round 4,2008-04-12 14:10:00,Saturday,North Melbourne,Melbourne,127,79,North Melbourne,48,23427,M.C.G.,False
2008_Round_4_St_Kilda_vs_Geelong,2008,Round 4,2008-04-12 14:10:00,Saturday,St Kilda,Geelong,94,136,Geelong,42,44368,Docklands,False
2008_Round_4_Port_Adelaide_vs_Brisbane_Lions,2008,Round 4,2008-04-12 19:10:00,Saturday,Port Adelaide,Brisbane Lions,104,124,Brisbane Lions,20,25205,Football Park,False
2008_Round_4_Sydney_vs_West_Coast,2008,Round 4,2008-04-12 19:10:00,Saturday,Sydney,West Coast,107,45,Sydney,62,44235,Stadium Australia,False
2008_Round_4_Hawthorn_vs_Adelaide,2008,Round 4,2008-04-13 13:10:00,Sunday,Hawthorn,Adelaide,114,70,Hawthorn,44,15124,York Park,False
2008_Round_4_Carlton_vs_Collingwood,2008,Round 4,2008-04-13 14:10:00,Sunday,Carlton,Collingwood,111,88,Carlton,23,77873,M.C.G.,False
2008_Round_4_Fremantle_vs_Richmond,2008,Round 4,2008-04-13 14:40:00,Sunday,Fremantle,Richmond,73,137,Richmond,64,37541,Subiaco,False
2008_Round_5_St_Kilda_vs_Essendon,2008,Round 5,2008-04-18 19:40:00,Friday,St Kilda,Essendon,123,87,St Kilda,36,46792,Docklands,False
2008_Round_5_Geelong_vs_Sydney,2008,Round 5,2008-04-19 14:10:00,Saturday,Geelong,Sydney,114,72,Geelong,42,24368,Kardinia Park,False
2008_Round_5_Adelaide_vs_Fremantle,2008,Round 5,2008-04-19 14:40:00,Saturday,Adelaide,Fremantle,88,71,Adelaide,17,39554,Football Park,False
2008_Round_5_Brisbane_Lions_vs_Hawthorn,2008,Round 5,2008-04-19 19:10:00,Saturday,Brisbane Lions,Hawthorn,118,130,Hawthorn,12,30019,Gabba,False
2008_Round_5_Collingwood_vs_North_Melbourne,2008,Round 5,2008-04-19 19:10:00,Saturday,Collingwood,North Melbourne,105,112,North Melbourne,7,51990,M.C.G.,False
2008_Round_5_Melbourne_vs_Carlton,2008,Round 5,2008-04-20 13:10:00,Sunday,Melbourne,Carlton,68,101,Carlton,33,44759,M.C.G.,False
2008_Round_5_Western_Bulldogs_vs_Richmond,2008,Round 5,2008-04-20 14:10:00,Sunday,Western Bulldogs,Richmond,130,130,Draw,0,37767,Docklands,False
2008_Round_5_West_Coast_vs_Port_Adelaide,2008,Round 5,2008-04-20 14:40:00,Sunday,West Coast,Port Adelaide,104,128,Port Adelaide,24,38302,Subiaco,False
2008_Round_6_Collingwood_vs_Essendon,2008,Round 6,2008-04-25 14:40:00,Friday,Collingwood,Essendon,154,81,Collingwood,73,88999,M.C.G.,False
2008_Round_6_Fremantle_vs_Geelong,2008,Round 6,2008-04-25 18:40:00,Friday,Fremantle,Geelong,88,89,Geelong,1,38022,Subiaco,False
2008_Round_6_Carlton_vs_Adelaide,2008,Round 6,2008-04-26 14:10:00,Saturday,Carlton,Adelaide,81,111,Adelaide,30,41033,M.C.G.,False
2008_Round_6_Port_Adelaide_vs_St_Kilda,2008,Round 6,2008-04-26 19:10:00,Saturday,Port Adelaide,St Kilda,82,61,Port Adelaide,21,20517,Football Park,False
2008_Round_6_Western_Bulldogs_vs_West_Coast,2008,Round 6,2008-04-26 19:10:00,Saturday,Western Bulldogs,West Coast,134,74,Western Bulldogs,60,29927,Docklands,False
2008_Round_6_Brisbane_Lions_vs_Melbourne,2008,Round 6,2008-04-27 13:10:00,Sunday,Brisbane Lions,Melbourne,137,85,Brisbane Lions,52,22878,Gabba,False
2008_Round_6_North_Melbourne_vs_Sydney,2008,Round 6,2008-04-27 14:10:00,Sunday,North Melbourne,Sydney,64,64,Draw,0,28392,Docklands,False
2008_Round_6_Hawthorn_vs_Richmond,2008,Round 6,2008-04-27 16:40:00,Sunday,Hawthorn,Richmond,106,94,Hawthorn,12,46076,M.C.G.,False
2008_Round_7_West_Coast_vs_Carlton,2008,Round 7,2008-05-02 18:40:00,Friday,West Coast,Carlton,74,111,Carlton,37,41254,Subiaco,False
2008_Round_7_Geelong_vs_Brisbane_Lions,2008,Round 7,2008-05-03 14:10:00,Saturday,Geelong,Brisbane Lions,105,78,Geelong,27,23388,Kardinia Park,False
2008_Round_7_Hawthorn_vs_Collingwood,2008,Round 7,2008-05-03 14:10:00,Saturday,Hawthorn,Collingwood,154,89,Hawthorn,65,76048,M.C.G.,False
2008_Round_7_Adelaide_vs_North_Melbourne,2008,Round 7,2008-05-03 19:10:00,Saturday,Adelaide,North Melbourne,107,74,Adelaide,33,41898,Football Park,False
2008_Round_7_Richmond_vs_St_Kilda,2008,Round 7,2008-05-03 19:10:00,Saturday,Richmond,St Kilda,107,110,St Kilda,3,40585,Docklands,False
2008_Round_7_Sydney_vs_Western_Bulldogs,2008,Round 7,2008-05-04 13:10:00,Sunday,Sydney,Western Bulldogs,94,112,Western Bulldogs,18,29018,S.C.G.,False
2008_Round_7_Melbourne_vs_Fremantle,2008,Round 7,2008-05-04 14:10:00,Sunday,Melbourne,Fremantle,119,113,Melbourne,6,19423,M.C.G.,False
2008_Round_7_Essendon_vs_Port_Adelaide,2008,Round 7,2008-05-04 16:40:00,Sunday,Essendon,Port Adelaide,94,158,Port Adelaide,64,28409,Docklands,False
2008_Round_8_St_Kilda_vs_Collingwood,2008,Round 8,2008-05-16 19:40:00,Friday,St Kilda,Collingwood,94,103,Collingwood,9,48417,Docklands,False
2008_Round_8_Hawthorn_vs_Port_Adelaide,2008,Round 8,2008-05-17 14:10:00,Saturday,Hawthorn,Port Adelaide,117,102,Hawthorn,15,15682,York Park,False
2008_Round_8_Richmond_vs_Geelong,2008,Round 8,2008-05-17 14:10:00,Saturday,Richmond,Geelong,69,99,Geelong,30,37275,M.C.G.,False
2008_Round_8_Carlton_vs_Brisbane_Lions,2008,Round 8,2008-05-17 19:10:00,Saturday,Carlton,Brisbane Lions,92,125,Brisbane Lions,33,38675,Docklands,False
2008_Round_8_North_Melbourne_vs_West_Coast,2008,Round 8,2008-05-17 19:10:00,Saturday,North Melbourne,West Coast,89,83,North Melbourne,6,6354,Carrara,False
2008_Round_8_Adelaide_vs_Melbourne,2008,Round 8,2008-05-18 12:40:00,Sunday,Adelaide,Melbourne,150,74,Adelaide,76,35649,Football Park,False
2008_Round_8_Sydney_vs_Essendon,2008,Round 8,2008-05-18 14:10:00,Sunday,Sydney,Essendon,143,52,Sydney,91,34904,Stadium Australia,False
2008_Round_8_Fremantle_vs_Western_Bulldogs,2008,Round 8,2008-05-18 14:40:00,Sunday,Fremantle,Western Bulldogs,111,114,Western Bulldogs,3,35624,Subiaco,False
2008_Round_9_Collingwood_vs_Geelong,2008,Round 9,2008-05-23 19:40:00,Friday,Collingwood,Geelong,134,48,Collingwood,86,78206,M.C.G.,False
2008_Round_9_Carlton_vs_Fremantle,2008,Round 9,2008-05-24 14:10:00,Saturday,Carlton,Fremantle,97,88,Carlton,9,28955,Docklands,False
2008_Round_9_Port_Adelaide_vs_Sydney,2008,Round 9,2008-05-24 14:40:00,Saturday,Port Adelaide,Sydney,94,105,Sydney,11,25013,Football Park,False
2008_Round_9_West_Coast_vs_Adelaide,2008,Round 9,2008-05-24 17:40:00,Saturday,West Coast,Adelaide,97,47,West Coast,50,35348,Subiaco,False
2008_Round_9_Essendon_vs_Richmond,2008,Round 9,2008-05-24 19:45:00,Saturday,Essendon,Richmond,72,110,Richmond,38,60333,M.C.G.,False
2008_Round_9_Brisbane_Lions_vs_St_Kilda,2008,Round 9,2008-05-25 13:10:00,Sunday,Brisbane Lions,St Kilda,141,95,Brisbane Lions,46,27566,Gabba,False
2008_Round_9_Melbourne_vs_Hawthorn,2008,Round 9,2008-05-25 14:10:00,Sunday,Melbourne,Hawthorn,78,97,Hawthorn,19,41341,M.C.G.,False
2008_Round_9_Western_Bulldogs_vs_North_Melbourne,2008,Round 9,2008-05-25 16:40:00,Sunday,Western Bulldogs,North Melbourne,110,113,North Melbourne,3,34971,Docklands,False
2008_Round_10_Adelaide_vs_Essendon,2008,Round 10,2008-05-30 19:40:00,Friday,Adelaide,Essendon,74,69,Adelaide,5,41897,Football Park,False
2008_Round_10_Collingwood_vs_West_Coast,2008,Round 10,2008-05-31 14:10:00,Saturday,Collingwood,West Coast,173,73,Collingwood,100,52968,M.C.G.,False
2008_Round_10_Hawthorn_vs_Western_Bulldogs,2008,Round 10,2008-05-31 14:10:00,Saturday,Hawthorn,Western Bulldogs,74,106,Western Bulldogs,32,19378,York Park,False
2008_Round_10_Brisbane_Lions_vs_North_Melbourne,2008,Round 10,2008-05-31 19:10:00,Saturday,Brisbane Lions,North Melbourne,129,98,Brisbane Lions,31,22118,Gabba,False
2008_Round_10_Geelong_vs_Carlton,2008,Round 10,2008-05-31 19:10:00,Saturday,Geelong,Carlton,133,77,Geelong,56,46231,Docklands,False
2008_Round_10_Sydney_vs_Richmond,2008,Round 10,2008-06-01 13:10:00,Sunday,Sydney,Richmond,139,57,Sydney,82,26852,S.C.G.,False
2008_Round_10_St_Kilda_vs_Melbourne,2008,Round 10,2008-06-01 14:10:00,Sunday,St Kilda,Melbourne,129,50,St Kilda,79,27854,Docklands,False
2008_Round_10_Fremantle_vs_Port_Adelaide,2008,Round 10,2008-06-01 14:40:00,Sunday,Fremantle,Port Adelaide,75,103,Port Adelaide,28,34236,Subiaco,False
2008_Round_11_North_Melbourne_vs_Geelong,2008,Round 11,2008-06-06 19:40:00,Friday,North Melbourne,Geelong,114,127,Geelong,13,38373,Docklands,False
2008_Round_11_Richmond_vs_Adelaide,2008,Round 11,2008-06-07 14:10:00,Saturday,Richmond,Adelaide,96,146,Adelaide,50,32767,M.C.G.,False
2008_Round_11_West_Coast_vs_Sydney,2008,Round 11,2008-06-07 17:40:00,Saturday,West Coast,Sydney,78,83,Sydney,5,38802,Subiaco,False
2008_Round_11_Essendon_vs_Hawthorn,2008,Round 11,2008-06-07 19:10:00,Saturday,Essendon,Hawthorn,79,130,Hawthorn,51,46377,Docklands,False
2008_Round_11_Brisbane_Lions_vs_Fremantle,2008,Round 11,2008-06-08 13:10:00,Sunday,Brisbane Lions,Fremantle,96,74,Brisbane Lions,22,24506,Gabba,False
2008_Round_11_St_Kilda_vs_Western_Bulldogs,2008,Round 11,2008-06-08 14:10:00,Sunday,St Kilda,Western Bulldogs,79,106,Western Bulldogs,27,38914,Docklands,False
2008_Round_11_Port_Adelaide_vs_Carlton,2008,Round 11,2008-06-08 16:10:00,Sunday,Port Adelaide,Carlton,63,75,Carlton,12,29240,Football Park,False
2008_Round_11_Melbourne_vs_Collingwood,2008,Round 11,2008-06-09 14:10:00,Monday,Melbourne,Collingwood,95,116,Collingwood,21,59548,M.C.G.,False
2008_Round_12_Essendon_vs_West_Coast,2008,Round 12,2008-06-13 19:40:00,Friday,Essendon,West Coast,113,91,Essendon,22,33386,Docklands,False
2008_Round_12_Fremantle_vs_North_Melbourne,2008,Round 12,2008-06-14 14:10:00,Saturday,Fremantle,North Melbourne,120,67,Fremantle,53,34105,Subiaco,False
2008_Round_12_Western_Bulldogs_vs_Brisbane_Lions,2008,Round 12,2008-06-14 14:10:00,Saturday,Western Bulldogs,Brisbane Lions,131,68,Western Bulldogs,63,39320,M.C.G.,False
2008_Round_12_Adelaide_vs_Hawthorn,2008,Round 12,2008-06-14 19:10:00,Saturday,Adelaide,Hawthorn,72,76,Hawthorn,4,44559,Football Park,False
2008_Round_12_Sydney_vs_St_Kilda,2008,Round 12,2008-06-14 19:10:00,Saturday,Sydney,St Kilda,102,67,Sydney,35,25996,S.C.G.,False
2008_Round_12_Geelong_vs_Port_Adelaide,2008,Round 12,2008-06-15 13:10:00,Sunday,Geelong,Port Adelaide,108,49,Geelong,59,21642,Kardinia Park,False
2008_Round_12_Collingwood_vs_Carlton,2008,Round 12,2008-06-15 14:10:00,Sunday,Collingwood,Carlton,89,119,Carlton,30,80310,M.C.G.,False
2008_Round_12_Richmond_vs_Melbourne,2008,Round 12,2008-06-15 16:40:00,Sunday,Richmond,Melbourne,116,94,Richmond,22,27348,Docklands,False
2008_Round_13_St_Kilda_vs_Fremantle,2008,Round 13,2008-06-20 19:40:00,Friday,St Kilda,Fremantle,65,57,St Kilda,8,22440,Docklands,False
2008_Round_13_Hawthorn_vs_North_Melbourne,2008,Round 13,2008-06-21 14:10:00,Saturday,Hawthorn,North Melbourne,76,103,North Melbourne,27,42508,M.C.G.,False
2008_Round_13_Port_Adelaide_vs_Richmond,2008,Round 13,2008-06-21 14:40:00,Saturday,Port Adelaide,Richmond,123,127,Richmond,4,20923,Football Park,False
2008_Round_13_West_Coast_vs_Geelong,2008,Round 13,2008-06-21 17:40:00,Saturday,West Coast,Geelong,47,182,Geelong,135,38414,Subiaco,False
2008_Round_13_Brisbane_Lions_vs_Adelaide,2008,Round 13,2008-06-21 19:10:00,Saturday,Brisbane Lions,Adelaide,83,70,Brisbane Lions,13,29964,Gabba,False
2008_Round_13_Melbourne_vs_Sydney,2008,Round 13,2008-06-22 13:10:00,Sunday,Melbourne,Sydney,74,114,Sydney,40,11437,Manuka Oval,False
2008_Round_13_Carlton_vs_Essendon,2008,Round 13,2008-06-22 14:10:00,Sunday,Carlton,Essendon,101,136,Essendon,35,59177,M.C.G.,False
2008_Round_13_Collingwood_vs_Western_Bulldogs,2008,Round 13,2008-06-22 16:40:00,Sunday,Collingwood,Western Bulldogs,89,99,Western Bulldogs,10,44885,Docklands,False
2008_Round_14_Hawthorn_vs_West_Coast,2008,Round 14,2008-06-27 19:40:00,Friday,Hawthorn,West Coast,126,69,Hawthorn,57,29138,M.C.G.,False
2008_Round_14_Richmond_vs_Carlton,2008,Round 14,2008-06-28 14:10:00,Saturday,Richmond,Carlton,88,118,Carlton,30,73503,M.C.G.,False
2008_Round_14_North_Melbourne_vs_St_Kilda,2008,Round 14,2008-06-28 19:10:00,Saturday,North Melbourne,St Kilda,69,84,St Kilda,15,9128,Carrara,False
2008_Round_14_Western_Bulldogs_vs_Port_Adelaide,2008,Round 14,2008-06-28 19:10:00,Saturday,Western Bulldogs,Port Adelaide,135,81,Western Bulldogs,54,11373,Marrara Oval,False
2008_Round_14_Melbourne_vs_Brisbane_Lions,2008,Round 14,2008-06-29 13:10:00,Sunday,Melbourne,Brisbane Lions,93,92,Melbourne,1,23278,M.C.G.,False
2008_Round_14_Fremantle_vs_Essendon,2008,Round 14,2008-06-29 14:40:00,Sunday,Fremantle,Essendon,91,95,Essendon,4,34239,Subiaco,False
2008_Round_14_Adelaide_vs_Geelong,2008,Round 14,2008-07-04 19:40:00,Friday,Adelaide,Geelong,56,124,Geelong,68,44377,Football Park,False
2008_Round_14_Sydney_vs_Collingwood,2008,Round 14,2008-07-05 19:10:00,Saturday,Sydney,Collingwood,50,79,Collingwood,29,59266,Stadium Australia,False
2008_Round_15_Carlton_vs_St_Kilda,2008,Round 15,2008-07-11 19:40:00,Friday,Carlton,St Kilda,87,119,St Kilda,32,55658,M.C.G.,False
2008_Round_15_Collingwood_vs_Adelaide,2008,Round 15,2008-07-12 14:10:00,Saturday,Collingwood,Adelaide,106,74,Collingwood,32,52592,M.C.G.,False
2008_Round_15_Geelong_vs_Fremantle,2008,Round 15,2008-07-12 14:10:00,Saturday,Geelong,Fremantle,118,44,Geelong,74,21293,Kardinia Park,False
2008_Round_15_Essendon_vs_Brisbane_Lions,2008,Round 15,2008-07-12 19:10:00,Saturday,Essendon,Brisbane Lions,155,118,Essendon,37,40053,Docklands,False
2008_Round_15_Port_Adelaide_vs_North_Melbourne,2008,Round 15,2008-07-12 19:10:00,Saturday,Port Adelaide,North Melbourne,74,76,North Melbourne,2,19851,Football Park,False
2008_Round_15_Hawthorn_vs_Sydney,2008,Round 15,2008-07-13 13:10:00,Sunday,Hawthorn,Sydney,106,75,Hawthorn,31,49529,M.C.G.,False
2008_Round_15_Western_Bulldogs_vs_Melbourne,2008,Round 15,2008-07-13 14:10:00,Sunday,Western Bulldogs,Melbourne,95,64,Western Bulldogs,31,27446,Docklands,False
2008_Round_15_West_Coast_vs_Richmond,2008,Round 15,2008-07-13 14:40:00,Sunday,West Coast,Richmond,75,152,Richmond,77,37085,Subiaco,False
2008_Round_16_North_Melbourne_vs_Collingwood,2008,Round 16,2008-07-18 19:40:00,Friday,North Melbourne,Collingwood,114,96,North Melbourne,18,46610,Docklands,False
2008_Round_16_Geelong_vs_Western_Bulldogs,2008,Round 16,2008-07-19 14:10:00,Saturday,Geelong,Western Bulldogs,131,70,Geelong,61,24805,Kardinia Park,False
2008_Round_16_Richmond_vs_Essendon,2008,Round 16,2008-07-19 14:10:00,Saturday,Richmond,Essendon,108,104,Richmond,4,56746,M.C.G.,False
2008_Round_16_Brisbane_Lions_vs_West_Coast,2008,Round 16,2008-07-19 19:10:00,Saturday,Brisbane Lions,West Coast,113,67,Brisbane Lions,46,27784,Gabba,False
2008_Round_16_St_Kilda_vs_Hawthorn,2008,Round 16,2008-07-19 19:10:00,Saturday,St Kilda,Hawthorn,119,89,St Kilda,30,41886,Docklands,False
2008_Round_16_Carlton_vs_Sydney,2008,Round 16,2008-07-20 13:10:00,Sunday,Carlton,Sydney,119,121,Sydney,2,38401,Docklands,False
2008_Round_16_Fremantle_vs_Melbourne,2008,Round 16,2008-07-20 14:40:00,Sunday,Fremantle,Melbourne,114,68,Fremantle,46,31638,Subiaco,False
2008_Round_16_Port_Adelaide_vs_Adelaide,2008,Round 16,2008-07-20 14:40:00,Sunday,Port Adelaide,Adelaide,92,80,Port Adelaide,12,31662,Football Park,False
2008_Round_17_Hawthorn_vs_Geelong,2008,Round 17,2008-07-25 19:40:00,Friday,Hawthorn,Geelong,77,88,Geelong,11,86179,M.C.G.,False
2008_Round_17_Essendon_vs_Collingwood,2008,Round 17,2008-07-26 14:10:00,Saturday,Essendon,Collingwood,128,80,Essendon,48,64785,M.C.G.,False
2008_Round_17_West_Coast_vs_St_Kilda,2008,Round 17,2008-07-26 14:10:00,Saturday,West Coast,St Kilda,103,86,West Coast,17,34037,Subiaco,False
2008_Round_17_Richmond_vs_Brisbane_Lions,2008,Round 17,2008-07-26 19:10:00,Saturday,Richmond,Brisbane Lions,117,114,Richmond,3,31275,Docklands,False
2008_Round_17_Sydney_vs_Adelaide,2008,Round 17,2008-07-26 19:10:00,Saturday,Sydney,Adelaide,53,77,Adelaide,24,26260,S.C.G.,False
2008_Round_17_Port_Adelaide_vs_Fremantle,2008,Round 17,2008-07-27 12:40:00,Sunday,Port Adelaide,Fremantle,101,129,Fremantle,28,19072,Football Park,False
2008_Round_17_Melbourne_vs_North_Melbourne,2008,Round 17,2008-07-27 14:10:00,Sunday,Melbourne,North Melbourne,70,98,North Melbourne,28,21330,M.C.G.,False
2008_Round_17_Western_Bulldogs_vs_Carlton,2008,Round 17,2008-07-27 16:40:00,Sunday,Western Bulldogs,Carlton,98,126,Carlton,28,37879,Docklands,False
2008_Round_18_Collingwood_vs_Hawthorn,2008,Round 18,2008-08-01 19:40:00,Friday,Collingwood,Hawthorn,62,116,Hawthorn,54,58307,M.C.G.,False
2008_Round_18_Essendon_vs_Melbourne,2008,Round 18,2008-08-02 14:10:00,Saturday,Essendon,Melbourne,124,108,Essendon,16,46334,M.C.G.,False
2008_Round_18_Adelaide_vs_Carlton,2008,Round 18,2008-08-02 14:40:00,Saturday,Adelaide,Carlton,94,86,Adelaide,8,40730,Football Park,False
2008_Round_18_Geelong_vs_Richmond,2008,Round 18,2008-08-02 19:10:00,Saturday,Geelong,Richmond,134,71,Geelong,63,42238,Docklands,False
2008_Round_18_North_Melbourne_vs_Brisbane_Lions,2008,Round 18,2008-08-02 19:10:00,Saturday,North Melbourne,Brisbane Lions,92,84,North Melbourne,8,10037,Carrara,False
2008_Round_18_Western_Bulldogs_vs_Sydney,2008,Round 18,2008-08-03 13:10:00,Sunday,Western Bulldogs,Sydney,113,97,Western Bulldogs,16,13550,Manuka Oval,False
2008_Round_18_St_Kilda_vs_Port_Adelaide,2008,Round 18,2008-08-03 14:10:00,Sunday,St Kilda,Port Adelaide,101,93,St Kilda,8,22878,Docklands,False
2008_Round_18_Fremantle_vs_West_Coast,2008,Round 18,2008-08-03 14:40:00,Sunday,Fremantle,West Coast,116,83,Fremantle,33,42096,Subiaco,False
2008_Round_19_Melbourne_vs_Geelong,2008,Round 19,2008-08-08 19:05:00,Friday,Melbourne,Geelong,41,157,Geelong,116,34610,M.C.G.,False
2008_Round_19_Carlton_vs_Port_Adelaide,2008,Round 19,2008-08-09 14:10:00,Saturday,Carlton,Port Adelaide,132,66,Carlton,66,29696,Docklands,False
2008_Round_19_Hawthorn_vs_Brisbane_Lions,2008,Round 19,2008-08-09 14:10:00,Saturday,Hawthorn,Brisbane Lions,110,41,Hawthorn,69,19929,York Park,False
2008_Round_19_Collingwood_vs_St_Kilda,2008,Round 19,2008-08-09 19:10:00,Saturday,Collingwood,St Kilda,97,83,Collingwood,14,52135,M.C.G.,False
2008_Round_19_Sydney_vs_Fremantle,2008,Round 19,2008-08-09 19:10:00,Saturday,Sydney,Fremantle,112,108,Sydney,4,20846,S.C.G.,False
2008_Round_19_North_Melbourne_vs_Western_Bulldogs,2008,Round 19,2008-08-10 13:10:00,Sunday,North Melbourne,Western Bulldogs,136,116,North Melbourne,20,31957,Docklands,False
2008_Round_19_Adelaide_vs_Richmond,2008,Round 19,2008-08-10 14:40:00,Sunday,Adelaide,Richmond,108,45,Adelaide,63,37562,Football Park,False
2008_Round_19_West_Coast_vs_Essendon,2008,Round 19,2008-08-10 14:40:00,Sunday,West Coast,Essendon,113,103,West Coast,10,35288,Subiaco,False
2008_Round_20_Port_Adelaide_vs_Collingwood,2008,Round 20,2008-08-15 19:40:00,Friday,Port Adelaide,Collingwood,75,106,Collingwood,31,23694,Football Park,False
2008_Round_20_Essendon_vs_Adelaide,2008,Round 20,2008-08-16 14:10:00,Saturday,Essendon,Adelaide,73,129,Adelaide,56,32184,Docklands,False
2008_Round_20_Melbourne_vs_West_Coast,2008,Round 20,2008-08-16 14:10:00,Saturday,Melbourne,West Coast,79,45,Melbourne,34,17958,M.C.G.,False
2008_Round_20_Brisbane_Lions_vs_Western_Bulldogs,2008,Round 20,2008-08-16 19:10:00,Saturday,Brisbane Lions,Western Bulldogs,90,79,Brisbane Lions,11,27315,Gabba,False
2008_Round_20_Sydney_vs_Geelong,2008,Round 20,2008-08-16 19:10:00,Saturday,Sydney,Geelong,94,133,Geelong,39,44955,Stadium Australia,False
2008_Round_20_Richmond_vs_Hawthorn,2008,Round 20,2008-08-17 13:10:00,Sunday,Richmond,Hawthorn,105,76,Richmond,29,44523,M.C.G.,False
2008_Round_20_Carlton_vs_North_Melbourne,2008,Round 20,2008-08-17 14:10:00,Sunday,Carlton,North Melbourne,90,141,North Melbourne,51,43406,Docklands,False
2008_Round_20_Fremantle_vs_St_Kilda,2008,Round 20,2008-08-17 14:40:00,Sunday,Fremantle,St Kilda,69,112,St Kilda,43,34014,Subiaco,False
2008_Round_21_Western_Bulldogs_vs_Essendon,2008,Round 21,2008-08-22 19:40:00,Friday,Western Bulldogs,Essendon,151,105,Western Bulldogs,46,37294,Docklands,False
2008_Round_21_Richmond_vs_Fremantle,2008,Round 21,2008-08-23 14:10:00,Saturday,Richmond,Fremantle,105,98,Richmond,7,24881,M.C.G.,False
2008_Round_21_Port_Adelaide_vs_Melbourne,2008,Round 21,2008-08-23 14:40:00,Saturday,Port Adelaide,Melbourne,129,51,Port Adelaide,78,18875,Football Park,False
2008_Round_21_Brisbane_Lions_vs_Carlton,2008,Round 21,2008-08-23 19:10:00,Saturday,Brisbane Lions,Carlton,109,115,Carlton,6,34327,Gabba,False
2008_Round_21_Collingwood_vs_Sydney,2008,Round 21,2008-08-23 19:10:00,Saturday,Collingwood,Sydney,118,73,Collingwood,45,45570,Docklands,False
2008_Round_21_Geelong_vs_North_Melbourne,2008,Round 21,2008-08-24 13:10:00,Sunday,Geelong,North Melbourne,115,82,Geelong,33,24288,Kardinia Park,False
2008_Round_21_St_Kilda_vs_Adelaide,2008,Round 21,2008-08-24 14:10:00,Sunday,St Kilda,Adelaide,95,47,St Kilda,48,33811,Docklands,False
2008_Round_21_West_Coast_vs_Hawthorn,2008,Round 21,2008-08-24 14:40:00,Sunday,West Coast,Hawthorn,62,133,Hawthorn,71,37040,Subiaco,False
2008_Round_22_Fremantle_vs_Collingwood,2008,Round 22,2008-08-29 18:40:00,Friday,Fremantle,Collingwood,80,56,Fremantle,24,35106,Subiaco,False
2008_Round_22_North_Melbourne_vs_Port_Adelaide,2008,Round 22,2008-08-30 13:10:00,Saturday,North Melbourne,Port Adelaide,72,148,Port Adelaide,76,22144,M.C.G.,False
2008_Round_22_Geelong_vs_West_Coast,2008,Round 22,2008-08-30 14:10:00,Saturday,Geelong,West Coast,164,65,Geelong,99,21752,Kardinia Park,False
2008_Round_22_Adelaide_vs_Western_Bulldogs,2008,Round 22,2008-08-30 15:40:00,Saturday,Adelaide,Western Bulldogs,76,67,Adelaide,9,37543,Football Park,False
2008_Round_22_Carlton_vs_Hawthorn,2008,Round 22,2008-08-30 19:10:00,Saturday,Carlton,Hawthorn,81,159,Hawthorn,78,49057,Docklands,False
2008_Round_22_Sydney_vs_Brisbane_Lions,2008,Round 22,2008-08-30 19:10:00,Saturday,Sydney,Brisbane Lions,114,53,Sydney,61,24076,S.C.G.,False
2008_Round_22_Melbourne_vs_Richmond,2008,Round 22,2008-08-31 14:10:00,Sunday,Melbourne,Richmond,41,121,Richmond,80,37046,M.C.G.,False
2008_Round_22_Essendon_vs_St_Kilda,2008,Round 22,2008-08-31 16:40:00,Sunday,Essendon,St Kilda,39,147,St Kilda,108,46161,Docklands,False
2008_Qualifying_Final_Hawthorn_vs_Western_Bulldogs,2008,Qualifying Final,2008-09-05 19:50:00,Friday,Hawthorn,Western Bulldogs,127,76,Hawthorn,51,76703,M.C.G.,True
2008_Elimination_Final_Adelaide_vs_Collingwood,2008,Elimination Final,2008-09-06 14:00:00,Saturday,Adelaide,Collingwood,94,125,Collingwood,31,37685,Football Park,True
2008_Elimination_Final_Sydney_vs_North_Melbourne,2008,Elimination Final,2008-09-06 19:30:00,Saturday,Sydney,North Melbourne,110,75,Sydney,35,19127,Stadium Australia,True
2008_Qualifying_Final_Geelong_vs_St_Kilda,2008,Qualifying Final,2008-09-07 14:40:00,Sunday,Geelong,St Kilda,119,61,Geelong,58,71653,M.C.G.,True
2008_Semi_Final_Western_Bulldogs_vs_Sydney,2008,Semi Final,2008-09-12 19:50:00,Friday,Western Bulldogs,Sydney,106,69,Western Bulldogs,37,42731,M.C.G.,True
2008_Semi_Final_St_Kilda_vs_Collingwood,2008,Semi Final,2008-09-13 19:30:00,Saturday,St Kilda,Collingwood,106,72,St Kilda,34,76707,M.C.G.,True
2008_Preliminary_Final_Geelong_vs_Western_Bulldogs,2008,Preliminary Final,2008-09-19 19:40:00,Friday,Geelong,Western Bulldogs,83,54,Geelong,29,70140,M.C.G.,True
2008_Preliminary_Final_Hawthorn_vs_St_Kilda,2008,Preliminary Final,2008-09-20 19:00:00,Saturday,Hawthorn,St Kilda,118,64,Hawthorn,54,77002,M.C.G.,True
2008_Grand_Final_Geelong_vs_Hawthorn,2008,Grand Final,2008-09-27 14:30:00,Saturday,Geelong,Hawthorn,89,115,Hawthorn,26,100012,M.C.G.,True
2009_Round_1_Richmond_vs_Carlton,2009,Round 1,2009-03-26 19:40:00,Thursday,Richmond,Carlton,67,150,Carlton,83,87043,M.C.G.,False
2009_Round_1_Hawthorn_vs_Geelong,2009,Round 1,2009-03-27 19:40:00,Friday,Hawthorn,Geelong,103,111,Geelong,8,69564,M.C.G.,False
2009_Round_1_Collingwood_vs_Adelaide,2009,Round 1,2009-03-28 14:10:00,Saturday,Collingwood,Adelaide,86,90,Adelaide,4,41588,M.C.G.,False
2009_Round_1_Brisbane_Lions_vs_West_Coast,2009,Round 1,2009-03-28 18:10:00,Saturday,Brisbane Lions,West Coast,95,86,Brisbane Lions,9,26800,Gabba,False
2009_Round_1_St_Kilda_vs_Sydney,2009,Round 1,2009-03-28 19:10:00,Saturday,St Kilda,Sydney,80,65,St Kilda,15,32442,Docklands,False
2009_Round_1_Melbourne_vs_North_Melbourne,2009,Round 1,2009-03-29 13:10:00,Sunday,Melbourne,North Melbourne,67,101,North Melbourne,34,28707,M.C.G.,False
2009_Round_1_Port_Adelaide_vs_Essendon,2009,Round 1,2009-03-29 14:40:00,Sunday,Port Adelaide,Essendon,107,66,Port Adelaide,41,28315,Football Park,False
2009_Round_1_Fremantle_vs_Western_Bulldogs,2009,Round 1,2009-03-29 16:10:00,Sunday,Fremantle,Western Bulldogs,94,157,Western Bulldogs,63,34634,Subiaco,False
2009_Round_2_Adelaide_vs_St_Kilda,2009,Round 2,2009-04-03 19:40:00,Friday,Adelaide,St Kilda,69,101,St Kilda,32,41189,Football Park,False
2009_Round_2_Collingwood_vs_Melbourne,2009,Round 2,2009-04-04 14:10:00,Saturday,Collingwood,Melbourne,117,64,Collingwood,53,43169,M.C.G.,False
2009_Round_2_Geelong_vs_Richmond,2009,Round 2,2009-04-04 14:10:00,Saturday,Geelong,Richmond,105,85,Geelong,20,22128,Kardinia Park,False
2009_Round_2_Carlton_vs_Brisbane_Lions,2009,Round 2,2009-04-04 19:10:00,Saturday,Carlton,Brisbane Lions,119,100,Carlton,19,42496,Docklands,False
2009_Round_2_Sydney_vs_Hawthorn,2009,Round 2,2009-04-04 19:10:00,Saturday,Sydney,Hawthorn,143,105,Sydney,38,33116,Stadium Australia,False
2009_Round_2_Essendon_vs_Fremantle,2009,Round 2,2009-04-05 13:10:00,Sunday,Essendon,Fremantle,109,71,Essendon,38,27461,Docklands,False
2009_Round_2_Western_Bulldogs_vs_North_Melbourne,2009,Round 2,2009-04-05 14:15:00,Sunday,Western Bulldogs,North Melbourne,80,65,Western Bulldogs,15,34459,M.C.G.,False
2009_Round_2_West_Coast_vs_Port_Adelaide,2009,Round 2,2009-04-05 14:40:00,Sunday,West Coast,Port Adelaide,125,75,West Coast,50,37826,Subiaco,False
2009_Round_3_Geelong_vs_Collingwood,2009,Round 3,2009-04-09 19:40:00,Thursday,Geelong,Collingwood,122,95,Geelong,27,58521,M.C.G.,False
2009_Round_3_St_Kilda_vs_West_Coast,2009,Round 3,2009-04-11 14:10:00,Saturday,St Kilda,West Coast,161,64,St Kilda,97,29066,Docklands,False
2009_Round_3_Brisbane_Lions_vs_Sydney,2009,Round 3,2009-04-11 19:10:00,Saturday,Brisbane Lions,Sydney,100,67,Brisbane Lions,33,24984,Gabba,False
2009_Round_3_Carlton_vs_Essendon,2009,Round 3,2009-04-11 19:10:00,Saturday,Carlton,Essendon,112,116,Essendon,4,70370,M.C.G.,False
2009_Round_3_Port_Adelaide_vs_Melbourne,2009,Round 3,2009-04-12 12:40:00,Sunday,Port Adelaide,Melbourne,147,90,Port Adelaide,57,21030,Football Park,False
2009_Round_3_North_Melbourne_vs_Hawthorn,2009,Round 3,2009-04-12 14:10:00,Sunday,North Melbourne,Hawthorn,69,123,Hawthorn,54,34893,Docklands,False
2009_Round_3_Fremantle_vs_Adelaide,2009,Round 3,2009-04-12 14:40:00,Sunday,Fremantle,Adelaide,80,104,Adelaide,24,30035,Subiaco,False
2009_Round_3_Western_Bulldogs_vs_Richmond,2009,Round 3,2009-04-13 14:10:00,Monday,Western Bulldogs,Richmond,110,63,Western Bulldogs,47,46261,Docklands,False
2009_Round_4_Brisbane_Lions_vs_Collingwood,2009,Round 4,2009-04-17 19:40:00,Friday,Brisbane Lions,Collingwood,73,90,Collingwood,17,34912,Gabba,False
2009_Round_4_Hawthorn_vs_Port_Adelaide,2009,Round 4,2009-04-18 14:10:00,Saturday,Hawthorn,Port Adelaide,85,115,Port Adelaide,30,33274,M.C.G.,False
2009_Round_4_Sydney_vs_Carlton,2009,Round 4,2009-04-18 14:10:00,Saturday,Sydney,Carlton,84,67,Sydney,17,30824,S.C.G.,False
2009_Round_4_Adelaide_vs_Geelong,2009,Round 4,2009-04-18 19:10:00,Saturday,Adelaide,Geelong,86,134,Geelong,48,40418,Football Park,False
2009_Round_4_St_Kilda_vs_Fremantle,2009,Round 4,2009-04-18 19:10:00,Saturday,St Kilda,Fremantle,111,28,St Kilda,83,26326,Docklands,False
2009_Round_4_North_Melbourne_vs_Essendon,2009,Round 4,2009-04-19 13:10:00,Sunday,North Melbourne,Essendon,69,57,North Melbourne,12,33842,Docklands,False
2009_Round_4_Richmond_vs_Melbourne,2009,Round 4,2009-04-19 14:10:00,Sunday,Richmond,Melbourne,92,100,Melbourne,8,40765,M.C.G.,False
2009_Round_4_West_Coast_vs_Western_Bulldogs,2009,Round 4,2009-04-19 14:40:00,Sunday,West Coast,Western Bulldogs,116,83,West Coast,33,37758,Subiaco,False
2009_Round_5_Port_Adelaide_vs_St_Kilda,2009,Round 5,2009-04-24 19:45:00,Friday,Port Adelaide,St Kilda,36,102,St Kilda,66,25426,Football Park,False
2009_Round_5_Essendon_vs_Collingwood,2009,Round 5,2009-04-25 14:20:00,Saturday,Essendon,Collingwood,93,88,Essendon,5,84829,M.C.G.,False
2009_Round_5_Hawthorn_vs_West_Coast,2009,Round 5,2009-04-25 17:20:00,Saturday,Hawthorn,West Coast,74,56,Hawthorn,18,17880,York Park,False
2009_Round_5_Fremantle_vs_Sydney,2009,Round 5,2009-04-25 18:45:00,Saturday,Fremantle,Sydney,121,100,Fremantle,21,32884,Subiaco,False
2009_Round_5_North_Melbourne_vs_Richmond,2009,Round 5,2009-04-25 19:20:00,Saturday,North Melbourne,Richmond,58,94,Richmond,36,29224,Docklands,False
2009_Round_5_Geelong_vs_Brisbane_Lions,2009,Round 5,2009-04-26 13:10:00,Sunday,Geelong,Brisbane Lions,126,33,Geelong,93,15580,Kardinia Park,False
2009_Round_5_Western_Bulldogs_vs_Carlton,2009,Round 5,2009-04-26 14:10:00,Sunday,Western Bulldogs,Carlton,90,133,Carlton,43,44268,Docklands,False
2009_Round_5_Melbourne_vs_Adelaide,2009,Round 5,2009-04-26 16:40:00,Sunday,Melbourne,Adelaide,34,51,Adelaide,17,14129,M.C.G.,False
2009_Round_6_North_Melbourne_vs_Collingwood,2009,Round 6,2009-05-01 19:40:00,Friday,North Melbourne,Collingwood,75,127,Collingwood,52,40087,Docklands,False
2009_Round_6_Hawthorn_vs_Carlton,2009,Round 6,2009-05-02 14:10:00,Saturday,Hawthorn,Carlton,106,102,Hawthorn,4,69814,M.C.G.,False
2009_Round_6_West_Coast_vs_Fremantle,2009,Round 6,2009-05-02 14:10:00,Saturday,West Coast,Fremantle,74,87,Fremantle,13,41654,Subiaco,False
2009_Round_6_Brisbane_Lions_vs_Essendon,2009,Round 6,2009-05-02 19:10:00,Saturday,Brisbane Lions,Essendon,111,68,Brisbane Lions,43,29252,Gabba,False
2009_Round_6_Port_Adelaide_vs_Adelaide,2009,Round 6,2009-05-02 19:10:00,Saturday,Port Adelaide,Adelaide,105,79,Port Adelaide,26,41558,Football Park,False
2009_Round_6_Sydney_vs_Richmond,2009,Round 6,2009-05-03 13:10:00,Sunday,Sydney,Richmond,94,75,Sydney,19,25410,S.C.G.,False
2009_Round_6_Melbourne_vs_Geelong,2009,Round 6,2009-05-03 14:10:00,Sunday,Melbourne,Geelong,68,111,Geelong,43,36932,M.C.G.,False
2009_Round_6_Western_Bulldogs_vs_St_Kilda,2009,Round 6,2009-05-03 16:40:00,Sunday,Western Bulldogs,St Kilda,76,104,St Kilda,28,36302,Docklands,False
2009_Round_7_Essendon_vs_Hawthorn,2009,Round 7,2009-05-08 19:40:00,Friday,Essendon,Hawthorn,116,72,Essendon,44,50475,Docklands,False
2009_Round_7_Geelong_vs_Sydney,2009,Round 7,2009-05-09 14:10:00,Saturday,Geelong,Sydney,116,65,Geelong,51,22050,Kardinia Park,False
2009_Round_7_Richmond_vs_Brisbane_Lions,2009,Round 7,2009-05-09 14:10:00,Saturday,Richmond,Brisbane Lions,71,97,Brisbane Lions,26,34646,M.C.G.,False
2009_Round_7_Carlton_vs_Fremantle,2009,Round 7,2009-05-09 19:10:00,Saturday,Carlton,Fremantle,81,88,Fremantle,7,10294,Carrara,False
2009_Round_7_North_Melbourne_vs_Port_Adelaide,2009,Round 7,2009-05-09 19:10:00,Saturday,North Melbourne,Port Adelaide,125,120,North Melbourne,5,14342,Docklands,False
2009_Round_7_Adelaide_vs_Western_Bulldogs,2009,Round 7,2009-05-10 12:40:00,Sunday,Adelaide,Western Bulldogs,86,118,Western Bulldogs,32,31742,Football Park,False
2009_Round_7_West_Coast_vs_Melbourne,2009,Round 7,2009-05-10 14:10:00,Sunday,West Coast,Melbourne,90,82,West Coast,8,35209,Subiaco,False
2009_Round_7_Collingwood_vs_St_Kilda,2009,Round 7,2009-05-11 19:20:00,Monday,Collingwood,St Kilda,40,128,St Kilda,88,46880,Docklands,False
2009_Round_8_Fremantle_vs_Hawthorn,2009,Round 8,2009-05-15 18:40:00,Friday,Fremantle,Hawthorn,65,87,Hawthorn,22,39135,Subiaco,False
2009_Round_8_Geelong_vs_North_Melbourne,2009,Round 8,2009-05-16 14:10:00,Saturday,Geelong,North Melbourne,119,49,Geelong,70,20873,Kardinia Park,False
2009_Round_8_Melbourne_vs_Western_Bulldogs,2009,Round 8,2009-05-16 14:10:00,Saturday,Melbourne,Western Bulldogs,97,104,Western Bulldogs,7,28279,M.C.G.,False
2009_Round_8_Brisbane_Lions_vs_Adelaide,2009,Round 8,2009-05-16 19:10:00,Saturday,Brisbane Lions,Adelaide,119,83,Brisbane Lions,36,27767,Gabba,False
2009_Round_8_Sydney_vs_West_Coast,2009,Round 8,2009-05-16 19:10:00,Saturday,Sydney,West Coast,106,101,Sydney,5,33079,Stadium Australia,False
2009_Round_8_Port_Adelaide_vs_Richmond,2009,Round 8,2009-05-17 12:40:00,Sunday,Port Adelaide,Richmond,102,99,Port Adelaide,3,22034,Football Park,False
2009_Round_8_Collingwood_vs_Carlton,2009,Round 8,2009-05-17 14:10:00,Sunday,Collingwood,Carlton,53,104,Carlton,51,82834,M.C.G.,False
2009_Round_8_St_Kilda_vs_Essendon,2009,Round 8,2009-05-17 16:40:00,Sunday,St Kilda,Essendon,90,71,St Kilda,19,45594,Docklands,False
2009_Round_9_Geelong_vs_Western_Bulldogs,2009,Round 9,2009-05-22 19:40:00,Friday,Geelong,Western Bulldogs,116,114,Geelong,2,44620,Docklands,False
2009_Round_9_North_Melbourne_vs_Fremantle,2009,Round 9,2009-05-23 14:10:00,Saturday,North Melbourne,Fremantle,98,85,North Melbourne,13,15436,Docklands,False
2009_Round_9_Adelaide_vs_Carlton,2009,Round 9,2009-05-23 14:40:00,Saturday,Adelaide,Carlton,104,60,Adelaide,44,41107,Football Park,False
2009_Round_9_West_Coast_vs_Collingwood,2009,Round 9,2009-05-23 17:40:00,Saturday,West Coast,Collingwood,66,88,Collingwood,22,36658,Subiaco,False
2009_Round_9_Richmond_vs_Essendon,2009,Round 9,2009-05-23 19:45:00,Saturday,Richmond,Essendon,85,125,Essendon,40,73625,M.C.G.,False
2009_Round_9_Sydney_vs_Port_Adelaide,2009,Round 9,2009-05-24 13:10:00,Sunday,Sydney,Port Adelaide,123,68,Sydney,55,23229,S.C.G.,False
2009_Round_9_St_Kilda_vs_Brisbane_Lions,2009,Round 9,2009-05-24 14:10:00,Sunday,St Kilda,Brisbane Lions,97,81,St Kilda,16,30673,Docklands,False
2009_Round_9_Hawthorn_vs_Melbourne,2009,Round 9,2009-05-24 16:40:00,Sunday,Hawthorn,Melbourne,114,92,Hawthorn,22,39395,M.C.G.,False
2009_Round_10_Carlton_vs_West_Coast,2009,Round 10,2009-05-29 19:40:00,Friday,Carlton,West Coast,111,70,Carlton,41,39611,Docklands,False
2009_Round_10_North_Melbourne_vs_Brisbane_Lions,2009,Round 10,2009-05-30 14:10:00,Saturday,North Melbourne,Brisbane Lions,81,99,Brisbane Lions,18,21583,Docklands,False
2009_Round_10_Western_Bulldogs_vs_Sydney,2009,Round 10,2009-05-30 14:10:00,Saturday,Western Bulldogs,Sydney,117,77,Western Bulldogs,40,12542,Manuka Oval,False
2009_Round_10_Fremantle_vs_Richmond,2009,Round 10,2009-05-30 17:40:00,Saturday,Fremantle,Richmond,112,115,Richmond,3,35395,Subiaco,False
2009_Round_10_St_Kilda_vs_Melbourne,2009,Round 10,2009-05-30 19:10:00,Saturday,St Kilda,Melbourne,83,46,St Kilda,37,9112,Carrara,False
2009_Round_10_Adelaide_vs_Hawthorn,2009,Round 10,2009-05-31 12:40:00,Sunday,Adelaide,Hawthorn,106,79,Adelaide,27,40035,Football Park,False
2009_Round_10_Essendon_vs_Geelong,2009,Round 10,2009-05-31 14:10:00,Sunday,Essendon,Geelong,70,134,Geelong,64,48852,Docklands,False
2009_Round_10_Collingwood_vs_Port_Adelaide,2009,Round 10,2009-05-31 16:40:00,Sunday,Collingwood,Port Adelaide,114,76,Collingwood,38,34793,M.C.G.,False
2009_Round_11_Richmond_vs_Western_Bulldogs,2009,Round 11,2009-06-05 19:40:00,Friday,Richmond,Western Bulldogs,89,157,Western Bulldogs,68,36483,Docklands,False
2009_Round_11_North_Melbourne_vs_St_Kilda,2009,Round 11,2009-06-06 14:10:00,Saturday,North Melbourne,St Kilda,57,103,St Kilda,46,30962,Docklands,False
2009_Round_11_Brisbane_Lions_vs_Carlton,2009,Round 11,2009-06-06 19:10:00,Saturday,Brisbane Lions,Carlton,106,112,Carlton,6,33790,Gabba,False
2009_Round_11_Port_Adelaide_vs_Fremantle,2009,Round 11,2009-06-06 19:10:00,Saturday,Port Adelaide,Fremantle,94,70,Port Adelaide,24,18418,Football Park,False
2009_Round_11_Essendon_vs_Adelaide,2009,Round 11,2009-06-07 13:10:00,Sunday,Essendon,Adelaide,114,130,Adelaide,16,39458,Docklands,False
2009_Round_11_Hawthorn_vs_Sydney,2009,Round 11,2009-06-07 14:10:00,Sunday,Hawthorn,Sydney,86,75,Hawthorn,11,44464,M.C.G.,False
2009_Round_11_West_Coast_vs_Geelong,2009,Round 11,2009-06-07 14:40:00,Sunday,West Coast,Geelong,77,99,Geelong,22,35355,Subiaco,False
2009_Round_11_Melbourne_vs_Collingwood,2009,Round 11,2009-06-08 14:10:00,Monday,Melbourne,Collingwood,60,126,Collingwood,66,61287,M.C.G.,False
2009_Round_12_Carlton_vs_St_Kilda,2009,Round 12,2009-06-12 19:40:00,Friday,Carlton,St Kilda,95,104,St Kilda,9,50820,Docklands,False
2009_Round_12_Western_Bulldogs_vs_Port_Adelaide,2009,Round 12,2009-06-13 18:40:00,Saturday,Western Bulldogs,Port Adelaide,137,44,Western Bulldogs,93,11306,Marrara Oval,False
2009_Round_12_Richmond_vs_West_Coast,2009,Round 12,2009-06-13 19:10:00,Saturday,Richmond,West Coast,92,77,Richmond,15,30117,Docklands,False
2009_Round_12_Hawthorn_vs_Brisbane_Lions,2009,Round 12,2009-06-14 13:10:00,Sunday,Hawthorn,Brisbane Lions,51,93,Brisbane Lions,42,16710,York Park,False
2009_Round_12_Adelaide_vs_North_Melbourne,2009,Round 12,2009-06-14 16:10:00,Sunday,Adelaide,North Melbourne,68,24,Adelaide,44,30173,Football Park,False
2009_Round_12_Essendon_vs_Melbourne,2009,Round 12,2009-06-19 19:40:00,Friday,Essendon,Melbourne,131,83,Essendon,48,42087,Docklands,False
2009_Round_12_Sydney_vs_Collingwood,2009,Round 12,2009-06-20 19:10:00,Saturday,Sydney,Collingwood,66,89,Collingwood,23,41042,Stadium Australia,False
2009_Round_12_Fremantle_vs_Geelong,2009,Round 12,2009-06-21 14:40:00,Sunday,Fremantle,Geelong,75,94,Geelong,19,33213,Subiaco,False
2009_Round_13_Essendon_vs_Carlton,2009,Round 13,2009-06-26 19:40:00,Friday,Essendon,Carlton,136,67,Essendon,69,83407,M.C.G.,False
2009_Round_13_Collingwood_vs_Fremantle,2009,Round 13,2009-06-27 14:10:00,Saturday,Collingwood,Fremantle,169,85,Collingwood,84,44114,M.C.G.,False
2009_Round_13_Adelaide_vs_Sydney,2009,Round 13,2009-06-27 14:40:00,Saturday,Adelaide,Sydney,85,69,Adelaide,16,38064,Football Park,False
2009_Round_13_West_Coast_vs_Hawthorn,2009,Round 13,2009-06-27 17:40:00,Saturday,West Coast,Hawthorn,107,87,West Coast,20,31441,Subiaco,False
2009_Round_13_Brisbane_Lions_vs_Melbourne,2009,Round 13,2009-06-27 19:10:00,Saturday,Brisbane Lions,Melbourne,111,56,Brisbane Lions,55,23750,Gabba,False
2009_Round_13_Geelong_vs_Port_Adelaide,2009,Round 13,2009-06-28 13:10:00,Sunday,Geelong,Port Adelaide,122,88,Geelong,34,21142,Kardinia Park,False
2009_Round_13_North_Melbourne_vs_Western_Bulldogs,2009,Round 13,2009-06-28 14:10:00,Sunday,North Melbourne,Western Bulldogs,86,108,Western Bulldogs,22,31470,M.C.G.,False
2009_Round_13_St_Kilda_vs_Richmond,2009,Round 13,2009-06-28 16:40:00,Sunday,St Kilda,Richmond,92,36,St Kilda,56,38196,Docklands,False
2009_Round_14_Collingwood_vs_Essendon,2009,Round 14,2009-07-03 19:40:00,Friday,Collingwood,Essendon,102,67,Collingwood,35,77699,M.C.G.,False
2009_Round_14_Melbourne_vs_West_Coast,2009,Round 14,2009-07-04 14:10:00,Saturday,Melbourne,West Coast,112,92,Melbourne,20,23149,M.C.G.,False
2009_Round_14_Port_Adelaide_vs_Brisbane_Lions,2009,Round 14,2009-07-04 14:40:00,Saturday,Port Adelaide,Brisbane Lions,128,80,Port Adelaide,48,20293,Football Park,False
2009_Round_14_Richmond_vs_Adelaide,2009,Round 14,2009-07-04 19:10:00,Saturday,Richmond,Adelaide,85,102,Adelaide,17,11174,Carrara,False
2009_Round_14_Western_Bulldogs_vs_Hawthorn,2009,Round 14,2009-07-04 19:10:00,Saturday,Western Bulldogs,Hawthorn,133,45,Western Bulldogs,88,36827,Docklands,False
2009_Round_14_Sydney_vs_North_Melbourne,2009,Round 14,2009-07-05 13:10:00,Sunday,Sydney,North Melbourne,100,85,Sydney,15,21929,S.C.G.,False
2009_Round_14_Fremantle_vs_Carlton,2009,Round 14,2009-07-05 14:40:00,Sunday,Fremantle,Carlton,100,115,Carlton,15,34720,Subiaco,False
2009_Round_14_St_Kilda_vs_Geelong,2009,Round 14,2009-07-05 15:10:00,Sunday,St Kilda,Geelong,91,85,St Kilda,6,54444,Docklands,False
2009_Round_15_Western_Bulldogs_vs_Collingwood,2009,Round 15,2009-07-10 19:40:00,Friday,Western Bulldogs,Collingwood,110,111,Collingwood,1,51382,Docklands,False
2009_Round_15_Carlton_vs_Richmond,2009,Round 15,2009-07-11 14:10:00,Saturday,Carlton,Richmond,109,89,Carlton,20,50784,M.C.G.,False
2009_Round_15_Sydney_vs_Essendon,2009,Round 15,2009-07-11 14:10:00,Saturday,Sydney,Essendon,72,107,Essendon,35,30924,S.C.G.,False
2009_Round_15_Adelaide_vs_Fremantle,2009,Round 15,2009-07-11 19:10:00,Saturday,Adelaide,Fremantle,130,13,Adelaide,117,32451,Football Park,False
2009_Round_15_Brisbane_Lions_vs_Geelong,2009,Round 15,2009-07-11 19:10:00,Saturday,Brisbane Lions,Geelong,108,65,Brisbane Lions,43,34274,Gabba,False
2009_Round_15_Hawthorn_vs_North_Melbourne,2009,Round 15,2009-07-12 13:10:00,Sunday,Hawthorn,North Melbourne,73,64,Hawthorn,9,15008,York Park,False
2009_Round_15_Melbourne_vs_Port_Adelaide,2009,Round 15,2009-07-12 14:10:00,Sunday,Melbourne,Port Adelaide,101,90,Melbourne,11,15888,M.C.G.,False
2009_Round_15_West_Coast_vs_St_Kilda,2009,Round 15,2009-07-12 14:40:00,Sunday,West Coast,St Kilda,70,90,St Kilda,20,36259,Subiaco,False
2009_Round_16_Essendon_vs_Western_Bulldogs,2009,Round 16,2009-07-17 19:40:00,Friday,Essendon,Western Bulldogs,70,103,Western Bulldogs,33,47120,Docklands,False
2009_Round_16_Carlton_vs_Sydney,2009,Round 16,2009-07-18 14:10:00,Saturday,Carlton,Sydney,124,63,Carlton,61,42018,Docklands,False
2009_Round_16_Geelong_vs_Melbourne,2009,Round 16,2009-07-18 14:10:00,Saturday,Geelong,Melbourne,117,71,Geelong,46,21160,Kardinia Park,False
2009_Round_16_Fremantle_vs_Brisbane_Lions,2009,Round 16,2009-07-18 17:40:00,Saturday,Fremantle,Brisbane Lions,47,62,Brisbane Lions,15,22595,Subiaco,False
2009_Round_16_Collingwood_vs_Hawthorn,2009,Round 16,2009-07-18 19:10:00,Saturday,Collingwood,Hawthorn,76,121,Hawthorn,45,66149,M.C.G.,False
2009_Round_16_Port_Adelaide_vs_West_Coast,2009,Round 16,2009-07-19 12:40:00,Sunday,Port Adelaide,West Coast,112,76,Port Adelaide,36,21106,Football Park,False
2009_Round_16_Richmond_vs_North_Melbourne,2009,Round 16,2009-07-19 14:10:00,Sunday,Richmond,North Melbourne,85,85,Draw,0,30604,M.C.G.,False
2009_Round_16_St_Kilda_vs_Adelaide,2009,Round 16,2009-07-19 16:40:00,Sunday,St Kilda,Adelaide,105,48,St Kilda,57,31940,Docklands,False
2009_Round_17_Carlton_vs_Collingwood,2009,Round 17,2009-07-24 19:40:00,Friday,Carlton,Collingwood,40,94,Collingwood,54,84938,M.C.G.,False
2009_Round_17_Fremantle_vs_West_Coast,2009,Round 17,2009-07-25 14:10:00,Saturday,Fremantle,West Coast,71,66,Fremantle,5,39536,Subiaco,False
2009_Round_17_Geelong_vs_Hawthorn,2009,Round 17,2009-07-25 14:10:00,Saturday,Geelong,Hawthorn,99,98,Geelong,1,64803,M.C.G.,False
2009_Round_17_Brisbane_Lions_vs_North_Melbourne,2009,Round 17,2009-07-25 19:10:00,Saturday,Brisbane Lions,North Melbourne,116,75,Brisbane Lions,41,25509,Gabba,False
2009_Round_17_St_Kilda_vs_Western_Bulldogs,2009,Round 17,2009-07-25 19:10:00,Saturday,St Kilda,Western Bulldogs,106,61,St Kilda,45,45082,Docklands,False
2009_Round_17_Melbourne_vs_Sydney,2009,Round 17,2009-07-26 13:10:00,Sunday,Melbourne,Sydney,50,68,Sydney,18,7311,Manuka Oval,False
2009_Round_17_Essendon_vs_Richmond,2009,Round 17,2009-07-26 14:10:00,Sunday,Essendon,Richmond,96,101,Richmond,5,47412,M.C.G.,False
2009_Round_17_Adelaide_vs_Port_Adelaide,2009,Round 17,2009-07-26 16:10:00,Sunday,Adelaide,Port Adelaide,132,62,Adelaide,70,46859,Football Park,False
2009_Round_18_North_Melbourne_vs_Carlton,2009,Round 18,2009-07-31 19:40:00,Friday,North Melbourne,Carlton,84,94,Carlton,10,38554,Docklands,False
2009_Round_18_Geelong_vs_Adelaide,2009,Round 18,2009-08-01 14:10:00,Saturday,Geelong,Adelaide,93,91,Geelong,2,21686,Kardinia Park,False
2009_Round_18_Western_Bulldogs_vs_Fremantle,2009,Round 18,2009-08-01 14:10:00,Saturday,Western Bulldogs,Fremantle,111,80,Western Bulldogs,31,19065,Docklands,False
2009_Round_18_Collingwood_vs_Brisbane_Lions,2009,Round 18,2009-08-01 19:10:00,Saturday,Collingwood,Brisbane Lions,95,55,Collingwood,40,47268,M.C.G.,False
2009_Round_18_Sydney_vs_St_Kilda,2009,Round 18,2009-08-01 19:10:00,Saturday,Sydney,St Kilda,93,94,St Kilda,1,27805,S.C.G.,False
2009_Round_18_Melbourne_vs_Richmond,2009,Round 18,2009-08-02 13:10:00,Sunday,Melbourne,Richmond,82,86,Richmond,4,37438,M.C.G.,False
2009_Round_18_Port_Adelaide_vs_Hawthorn,2009,Round 18,2009-08-02 14:40:00,Sunday,Port Adelaide,Hawthorn,121,103,Port Adelaide,18,25154,Football Park,False
2009_Round_18_West_Coast_vs_Essendon,2009,Round 18,2009-08-02 14:40:00,Sunday,West Coast,Essendon,95,68,West Coast,27,35765,Subiaco,False
2009_Round_19_Carlton_vs_Geelong,2009,Round 19,2009-08-07 19:40:00,Friday,Carlton,Geelong,97,62,Carlton,35,55057,M.C.G.,False
2009_Round_19_Hawthorn_vs_St_Kilda,2009,Round 19,2009-08-08 14:10:00,Saturday,Hawthorn,St Kilda,49,74,St Kilda,25,20011,York Park,False
2009_Round_19_Western_Bulldogs_vs_West_Coast,2009,Round 19,2009-08-08 14:10:00,Saturday,Western Bulldogs,West Coast,97,102,West Coast,5,22417,Docklands,False
2009_Round_19_Adelaide_vs_Collingwood,2009,Round 19,2009-08-08 19:10:00,Saturday,Adelaide,Collingwood,68,89,Collingwood,21,45128,Football Park,False
2009_Round_19_Essendon_vs_Brisbane_Lions,2009,Round 19,2009-08-08 19:10:00,Saturday,Essendon,Brisbane Lions,87,87,Draw,0,41636,M.C.G.,False
2009_Round_19_North_Melbourne_vs_Melbourne,2009,Round 19,2009-08-09 13:10:00,Sunday,North Melbourne,Melbourne,123,61,North Melbourne,62,16594,Docklands,False
2009_Round_19_Richmond_vs_Sydney,2009,Round 19,2009-08-09 14:10:00,Sunday,Richmond,Sydney,68,123,Sydney,55,32216,M.C.G.,False
2009_Round_19_Fremantle_vs_Port_Adelaide,2009,Round 19,2009-08-09 14:40:00,Sunday,Fremantle,Port Adelaide,116,74,Fremantle,42,30029,Subiaco,False
2009_Round_20_Hawthorn_vs_Adelaide,2009,Round 20,2009-08-14 19:40:00,Friday,Hawthorn,Adelaide,67,94,Adelaide,27,32583,M.C.G.,False
2009_Round_20_Richmond_vs_Collingwood,2009,Round 20,2009-08-15 14:10:00,Saturday,Richmond,Collingwood,59,152,Collingwood,93,63366,M.C.G.,False
2009_Round_20_West_Coast_vs_North_Melbourne,2009,Round 20,2009-08-15 14:10:00,Saturday,West Coast,North Melbourne,110,72,West Coast,38,32472,Subiaco,False
2009_Round_20_Brisbane_Lions_vs_Western_Bulldogs,2009,Round 20,2009-08-15 19:10:00,Saturday,Brisbane Lions,Western Bulldogs,84,102,Western Bulldogs,18,33421,Gabba,False
2009_Round_20_Sydney_vs_Geelong,2009,Round 20,2009-08-15 19:10:00,Saturday,Sydney,Geelong,87,92,Geelong,5,40261,Stadium Australia,False
2009_Round_20_Melbourne_vs_Fremantle,2009,Round 20,2009-08-16 13:10:00,Sunday,Melbourne,Fremantle,127,64,Melbourne,63,13004,M.C.G.,False
2009_Round_20_Port_Adelaide_vs_Carlton,2009,Round 20,2009-08-16 14:40:00,Sunday,Port Adelaide,Carlton,67,121,Carlton,54,27221,Football Park,False
2009_Round_20_Essendon_vs_St_Kilda,2009,Round 20,2009-08-16 16:40:00,Sunday,Essendon,St Kilda,110,108,Essendon,2,41410,Docklands,False
2009_Round_21_Western_Bulldogs_vs_Geelong,2009,Round 21,2009-08-21 19:40:00,Friday,Western Bulldogs,Geelong,110,96,Western Bulldogs,14,46818,Docklands,False
2009_Round_21_Carlton_vs_Melbourne,2009,Round 21,2009-08-22 14:10:00,Saturday,Carlton,Melbourne,153,96,Carlton,57,37433,Docklands,False
2009_Round_21_Adelaide_vs_West_Coast,2009,Round 21,2009-08-22 14:40:00,Saturday,Adelaide,West Coast,122,48,Adelaide,74,39640,Football Park,False
2009_Round_21_Brisbane_Lions_vs_Port_Adelaide,2009,Round 21,2009-08-22 19:10:00,Saturday,Brisbane Lions,Port Adelaide,107,92,Brisbane Lions,15,26437,Gabba,False
2009_Round_21_Richmond_vs_Hawthorn,2009,Round 21,2009-08-22 19:10:00,Saturday,Richmond,Hawthorn,93,135,Hawthorn,42,34779,M.C.G.,False
2009_Round_21_St_Kilda_vs_North_Melbourne,2009,Round 21,2009-08-23 13:10:00,Sunday,St Kilda,North Melbourne,59,64,North Melbourne,5,30522,Docklands,False
2009_Round_21_Collingwood_vs_Sydney,2009,Round 21,2009-08-23 14:10:00,Sunday,Collingwood,Sydney,97,56,Collingwood,41,54400,M.C.G.,False
2009_Round_21_Fremantle_vs_Essendon,2009,Round 21,2009-08-23 14:40:00,Sunday,Fremantle,Essendon,141,87,Fremantle,54,32413,Subiaco,False
2009_Round_22_West_Coast_vs_Richmond,2009,Round 22,2009-08-28 18:40:00,Friday,West Coast,Richmond,125,45,West Coast,80,39755,Subiaco,False
2009_Round_22_Geelong_vs_Fremantle,2009,Round 22,2009-08-29 13:10:00,Saturday,Geelong,Fremantle,94,54,Geelong,40,18196,Kardinia Park,False
2009_Round_22_Hawthorn_vs_Essendon,2009,Round 22,2009-08-29 14:10:00,Saturday,Hawthorn,Essendon,99,116,Essendon,17,77278,M.C.G.,False
2009_Round_22_Carlton_vs_Adelaide,2009,Round 22,2009-08-29 16:10:00,Saturday,Carlton,Adelaide,104,176,Adelaide,72,42356,Docklands,False
2009_Round_22_Port_Adelaide_vs_North_Melbourne,2009,Round 22,2009-08-29 19:10:00,Saturday,Port Adelaide,North Melbourne,67,71,North Melbourne,4,17284,Football Park,False
2009_Round_22_Sydney_vs_Brisbane_Lions,2009,Round 22,2009-08-29 19:10:00,Saturday,Sydney,Brisbane Lions,92,100,Brisbane Lions,8,27933,S.C.G.,False
2009_Round_22_Melbourne_vs_St_Kilda,2009,Round 22,2009-08-30 14:10:00,Sunday,Melbourne,St Kilda,67,114,St Kilda,47,36748,M.C.G.,False
2009_Round_22_Collingwood_vs_Western_Bulldogs,2009,Round 22,2009-08-30 16:40:00,Sunday,Collingwood,Western Bulldogs,76,100,Western Bulldogs,24,48888,Docklands,False
2009_Elimination_Final_Adelaide_vs_Essendon,2009,Elimination Final,2009-09-04 19:45:00,Friday,Adelaide,Essendon,166,70,Adelaide,96,50393,Football Park,True
2009_Qualifying_Final_Geelong_vs_Western_Bulldogs,2009,Qualifying Final,2009-09-05 14:30:00,Saturday,Geelong,Western Bulldogs,96,82,Geelong,14,74007,M.C.G.,True
2009_Elimination_Final_Brisbane_Lions_vs_Carlton,2009,Elimination Final,2009-09-05 19:30:00,Saturday,Brisbane Lions,Carlton,111,104,Brisbane Lions,7,32702,Gabba,True
2009_Qualifying_Final_St_Kilda_vs_Collingwood,2009,Qualifying Final,2009-09-06 14:40:00,Sunday,St Kilda,Collingwood,80,52,St Kilda,28,84213,M.C.G.,True
2009_Semi_Final_Western_Bulldogs_vs_Brisbane_Lions,2009,Semi Final,2009-09-11 19:45:00,Friday,Western Bulldogs,Brisbane Lions,107,56,Western Bulldogs,51,47030,M.C.G.,True
2009_Semi_Final_Collingwood_vs_Adelaide,2009,Semi Final,2009-09-12 19:30:00,Saturday,Collingwood,Adelaide,83,78,Collingwood,5,62184,M.C.G.,True
2009_Preliminary_Final_St_Kilda_vs_Western_Bulldogs,2009,Preliminary Final,2009-09-18 19:45:00,Friday,St Kilda,Western Bulldogs,60,53,St Kilda,7,78245,M.C.G.,True
2009_Preliminary_Final_Geelong_vs_Collingwood,2009,Preliminary Final,2009-09-19 19:30:00,Saturday,Geelong,Collingwood,120,47,Geelong,73,87258,M.C.G.,True
2009_Grand_Final_St_Kilda_vs_Geelong,2009,Grand Final,2009-09-26 14:30:00,Saturday,St Kilda,Geelong,68,80,Geelong,12,99251,M.C.G.,True
2010_Round_1_Richmond_vs_Carlton,2010,Round 1,2010-03-25 19:10:00,Thursday,Richmond,Carlton,64,120,Carlton,56,72010,M.C.G.,False
2010_Round_1_Geelong_vs_Essendon,2010,Round 1,2010-03-26 19:40:00,Friday,Geelong,Essendon,125,94,Geelong,31,57772,M.C.G.,False
2010_Round_1_Melbourne_vs_Hawthorn,2010,Round 1,2010-03-27 14:10:00,Saturday,Melbourne,Hawthorn,61,117,Hawthorn,56,45615,M.C.G.,False
2010_Round_1_Brisbane_Lions_vs_West_Coast,2010,Round 1,2010-03-27 19:10:00,Saturday,Brisbane Lions,West Coast,114,82,Brisbane Lions,32,29201,Gabba,False
2010_Round_1_Sydney_vs_St_Kilda,2010,Round 1,2010-03-27 19:10:00,Saturday,Sydney,St Kilda,88,96,St Kilda,8,31330,Stadium Australia,False
2010_Round_1_Port_Adelaide_vs_North_Melbourne,2010,Round 1,2010-03-28 12:40:00,Sunday,Port Adelaide,North Melbourne,96,82,Port Adelaide,14,21205,Football Park,False
2010_Round_1_Western_Bulldogs_vs_Collingwood,2010,Round 1,2010-03-28 14:10:00,Sunday,Western Bulldogs,Collingwood,93,129,Collingwood,36,49000,Docklands,False
2010_Round_1_Fremantle_vs_Adelaide,2010,Round 1,2010-03-28 17:10:00,Sunday,Fremantle,Adelaide,118,62,Fremantle,56,30976,Subiaco,False
2010_Round_2_Brisbane_Lions_vs_Carlton,2010,Round 2,2010-04-01 19:40:00,Thursday,Brisbane Lions,Carlton,107,88,Brisbane Lions,19,36780,Gabba,False
2010_Round_2_Collingwood_vs_Melbourne,2010,Round 2,2010-04-03 14:10:00,Saturday,Collingwood,Melbourne,86,85,Collingwood,1,50421,M.C.G.,False
2010_Round_2_West_Coast_vs_Port_Adelaide,2010,Round 2,2010-04-03 17:40:00,Saturday,West Coast,Port Adelaide,86,89,Port Adelaide,3,37010,Subiaco,False
2010_Round_2_St_Kilda_vs_North_Melbourne,2010,Round 2,2010-04-03 19:10:00,Saturday,St Kilda,North Melbourne,143,39,St Kilda,104,32006,Docklands,False
2010_Round_2_Adelaide_vs_Sydney,2010,Round 2,2010-04-04 12:40:00,Sunday,Adelaide,Sydney,75,118,Sydney,43,36041,Football Park,False
2010_Round_2_Essendon_vs_Fremantle,2010,Round 2,2010-04-04 14:10:00,Sunday,Essendon,Fremantle,69,113,Fremantle,44,29651,Docklands,False
2010_Round_2_Richmond_vs_Western_Bulldogs,2010,Round 2,2010-04-04 16:40:00,Sunday,Richmond,Western Bulldogs,48,120,Western Bulldogs,72,27358,M.C.G.,False
2010_Round_2_Hawthorn_vs_Geelong,2010,Round 2,2010-04-05 14:10:00,Monday,Hawthorn,Geelong,91,100,Geelong,9,68628,M.C.G.,False
2010_Round_3_St_Kilda_vs_Collingwood,2010,Round 3,2010-04-09 19:40:00,Friday,St Kilda,Collingwood,69,41,St Kilda,28,49669,Docklands,False
2010_Round_3_North_Melbourne_vs_West_Coast,2010,Round 3,2010-04-10 14:10:00,Saturday,North Melbourne,West Coast,116,91,North Melbourne,25,18394,Docklands,False
2010_Round_3_Port_Adelaide_vs_Brisbane_Lions,2010,Round 3,2010-04-10 14:40:00,Saturday,Port Adelaide,Brisbane Lions,81,108,Brisbane Lions,27,23306,Football Park,False
2010_Round_3_Carlton_vs_Essendon,2010,Round 3,2010-04-10 19:10:00,Saturday,Carlton,Essendon,75,95,Essendon,20,71006,M.C.G.,False
2010_Round_3_Sydney_vs_Richmond,2010,Round 3,2010-04-10 19:10:00,Saturday,Sydney,Richmond,111,56,Sydney,55,28414,S.C.G.,False
2010_Round_3_Melbourne_vs_Adelaide,2010,Round 3,2010-04-11 13:10:00,Sunday,Melbourne,Adelaide,57,41,Melbourne,16,23335,M.C.G.,False
2010_Round_3_Western_Bulldogs_vs_Hawthorn,2010,Round 3,2010-04-11 14:10:00,Sunday,Western Bulldogs,Hawthorn,100,84,Western Bulldogs,16,35933,Docklands,False
2010_Round_3_Fremantle_vs_Geelong,2010,Round 3,2010-04-11 14:40:00,Sunday,Fremantle,Geelong,125,118,Fremantle,7,38762,Subiaco,False
2010_Round_4_West_Coast_vs_Essendon,2010,Round 4,2010-04-16 18:40:00,Friday,West Coast,Essendon,101,78,West Coast,23,38676,Subiaco,False
2010_Round_4_North_Melbourne_vs_Sydney,2010,Round 4,2010-04-17 14:10:00,Saturday,North Melbourne,Sydney,60,100,Sydney,40,23646,Docklands,False
2010_Round_4_Adelaide_vs_Carlton,2010,Round 4,2010-04-17 14:40:00,Saturday,Adelaide,Carlton,55,103,Carlton,48,38321,Football Park,False
2010_Round_4_Brisbane_Lions_vs_Western_Bulldogs,2010,Round 4,2010-04-17 19:10:00,Saturday,Brisbane Lions,Western Bulldogs,101,79,Brisbane Lions,22,33323,Gabba,False
2010_Round_4_Collingwood_vs_Hawthorn,2010,Round 4,2010-04-17 19:10:00,Saturday,Collingwood,Hawthorn,123,59,Collingwood,64,67668,M.C.G.,False
2010_Round_4_Richmond_vs_Melbourne,2010,Round 4,2010-04-18 13:10:00,Sunday,Richmond,Melbourne,78,133,Melbourne,55,42594,M.C.G.,False
2010_Round_4_Geelong_vs_Port_Adelaide,2010,Round 4,2010-04-18 14:10:00,Sunday,Geelong,Port Adelaide,159,64,Geelong,95,25539,Kardinia Park,False
2010_Round_4_St_Kilda_vs_Fremantle,2010,Round 4,2010-04-18 16:40:00,Sunday,St Kilda,Fremantle,108,93,St Kilda,15,29814,Docklands,False
2010_Round_5_Western_Bulldogs_vs_Adelaide,2010,Round 5,2010-04-23 19:40:00,Friday,Western Bulldogs,Adelaide,121,72,Western Bulldogs,49,26884,Docklands,False
2010_Round_5_Sydney_vs_West_Coast,2010,Round 5,2010-04-24 14:15:00,Saturday,Sydney,West Coast,115,63,Sydney,52,28422,S.C.G.,False
2010_Round_5_Melbourne_vs_Brisbane_Lions,2010,Round 5,2010-04-24 19:10:00,Saturday,Melbourne,Brisbane Lions,103,53,Melbourne,50,36396,M.C.G.,False
2010_Round_5_Port_Adelaide_vs_St_Kilda,2010,Round 5,2010-04-24 19:15:00,Saturday,Port Adelaide,St Kilda,54,44,Port Adelaide,10,23355,Football Park,False
2010_Round_5_Collingwood_vs_Essendon,2010,Round 5,2010-04-25 14:40:00,Sunday,Collingwood,Essendon,120,55,Collingwood,65,90070,M.C.G.,False
2010_Round_5_Hawthorn_vs_North_Melbourne,2010,Round 5,2010-04-25 17:40:00,Sunday,Hawthorn,North Melbourne,70,82,North Melbourne,12,16301,York Park,False
2010_Round_5_Fremantle_vs_Richmond,2010,Round 5,2010-04-25 18:45:00,Sunday,Fremantle,Richmond,112,73,Fremantle,39,38010,Subiaco,False
2010_Round_5_Carlton_vs_Geelong,2010,Round 5,2010-04-26 14:10:00,Monday,Carlton,Geelong,104,68,Carlton,36,71399,M.C.G.,False
2010_Round_6_Western_Bulldogs_vs_St_Kilda,2010,Round 6,2010-04-30 19:40:00,Friday,Western Bulldogs,St Kilda,46,49,St Kilda,3,43072,Docklands,False
2010_Round_6_North_Melbourne_vs_Melbourne,2010,Round 6,2010-05-01 14:10:00,Saturday,North Melbourne,Melbourne,104,78,North Melbourne,26,26763,Docklands,False
2010_Round_6_Adelaide_vs_Port_Adelaide,2010,Round 6,2010-05-01 14:40:00,Saturday,Adelaide,Port Adelaide,74,97,Port Adelaide,23,40371,Football Park,False
2010_Round_6_Essendon_vs_Hawthorn,2010,Round 6,2010-05-01 19:10:00,Saturday,Essendon,Hawthorn,106,63,Essendon,43,61006,M.C.G.,False
2010_Round_6_Sydney_vs_Brisbane_Lions,2010,Round 6,2010-05-01 19:10:00,Saturday,Sydney,Brisbane Lions,107,87,Sydney,20,30975,S.C.G.,False
2010_Round_6_Geelong_vs_Richmond,2010,Round 6,2010-05-02 13:10:00,Sunday,Geelong,Richmond,161,53,Geelong,108,24106,Kardinia Park,False
2010_Round_6_Carlton_vs_Collingwood,2010,Round 6,2010-05-02 14:10:00,Sunday,Carlton,Collingwood,102,155,Collingwood,53,80645,M.C.G.,False
2010_Round_6_West_Coast_vs_Fremantle,2010,Round 6,2010-05-02 14:40:00,Sunday,West Coast,Fremantle,73,111,Fremantle,38,40886,Subiaco,False
2010_Round_7_Melbourne_vs_Western_Bulldogs,2010,Round 7,2010-05-07 19:40:00,Friday,Melbourne,Western Bulldogs,66,70,Western Bulldogs,4,45444,M.C.G.,False
2010_Round_7_West_Coast_vs_Hawthorn,2010,Round 7,2010-05-08 13:10:00,Saturday,West Coast,Hawthorn,102,94,West Coast,8,35864,Subiaco,False
2010_Round_7_Essendon_vs_Port_Adelaide,2010,Round 7,2010-05-08 14:10:00,Saturday,Essendon,Port Adelaide,106,109,Port Adelaide,3,29248,Docklands,False
2010_Round_7_Brisbane_Lions_vs_Fremantle,2010,Round 7,2010-05-08 19:10:00,Saturday,Brisbane Lions,Fremantle,100,113,Fremantle,13,27739,Gabba,False
2010_Round_7_Collingwood_vs_North_Melbourne,2010,Round 7,2010-05-08 19:10:00,Saturday,Collingwood,North Melbourne,157,91,Collingwood,66,52696,M.C.G.,False
2010_Round_7_Geelong_vs_Sydney,2010,Round 7,2010-05-09 13:10:00,Sunday,Geelong,Sydney,126,59,Geelong,67,25970,Kardinia Park,False
2010_Round_7_Adelaide_vs_Richmond,2010,Round 7,2010-05-09 16:10:00,Sunday,Adelaide,Richmond,104,54,Adelaide,50,31196,Football Park,False
2010_Round_7_St_Kilda_vs_Carlton,2010,Round 7,2010-05-10 19:20:00,Monday,St Kilda,Carlton,68,129,Carlton,61,42866,Docklands,False
2010_Round_8_Fremantle_vs_Collingwood,2010,Round 8,2010-05-14 18:40:00,Friday,Fremantle,Collingwood,97,133,Collingwood,36,41624,Subiaco,False
2010_Round_8_Melbourne_vs_West_Coast,2010,Round 8,2010-05-15 14:10:00,Saturday,Melbourne,West Coast,46,75,West Coast,29,28592,M.C.G.,False
2010_Round_8_Western_Bulldogs_vs_Sydney,2010,Round 8,2010-05-15 14:10:00,Saturday,Western Bulldogs,Sydney,101,63,Western Bulldogs,38,14308,Manuka Oval,False
2010_Round_8_Brisbane_Lions_vs_Geelong,2010,Round 8,2010-05-15 19:10:00,Saturday,Brisbane Lions,Geelong,74,155,Geelong,81,33629,Gabba,False
2010_Round_8_North_Melbourne_vs_Adelaide,2010,Round 8,2010-05-15 19:10:00,Saturday,North Melbourne,Adelaide,84,75,North Melbourne,9,16479,Docklands,False
2010_Round_8_Richmond_vs_Hawthorn,2010,Round 8,2010-05-16 13:10:00,Sunday,Richmond,Hawthorn,86,89,Hawthorn,3,41563,M.C.G.,False
2010_Round_8_Port_Adelaide_vs_Carlton,2010,Round 8,2010-05-16 14:40:00,Sunday,Port Adelaide,Carlton,92,118,Carlton,26,30228,Football Park,False
2010_Round_8_St_Kilda_vs_Essendon,2010,Round 8,2010-05-16 16:40:00,Sunday,St Kilda,Essendon,81,93,Essendon,12,39204,Docklands,False
2010_Round_9_Collingwood_vs_Geelong,2010,Round 9,2010-05-21 19:40:00,Friday,Collingwood,Geelong,50,86,Geelong,36,88115,M.C.G.,False
2010_Round_9_North_Melbourne_vs_Western_Bulldogs,2010,Round 9,2010-05-22 14:10:00,Saturday,North Melbourne,Western Bulldogs,57,127,Western Bulldogs,70,30794,Docklands,False
2010_Round_9_Sydney_vs_Fremantle,2010,Round 9,2010-05-22 14:10:00,Saturday,Sydney,Fremantle,63,100,Fremantle,37,24819,S.C.G.,False
2010_Round_9_Melbourne_vs_Port_Adelaide,2010,Round 9,2010-05-22 19:10:00,Saturday,Melbourne,Port Adelaide,111,110,Melbourne,1,8848,Marrara Oval,False
2010_Round_9_Essendon_vs_Richmond,2010,Round 9,2010-05-22 19:45:00,Saturday,Essendon,Richmond,130,95,Essendon,35,64709,M.C.G.,False
2010_Round_9_Adelaide_vs_Brisbane_Lions,2010,Round 9,2010-05-23 12:40:00,Sunday,Adelaide,Brisbane Lions,93,81,Adelaide,12,31517,Football Park,False
2010_Round_9_Carlton_vs_Hawthorn,2010,Round 9,2010-05-23 14:10:00,Sunday,Carlton,Hawthorn,60,110,Hawthorn,50,47484,Docklands,False
2010_Round_9_West_Coast_vs_St_Kilda,2010,Round 9,2010-05-23 14:40:00,Sunday,West Coast,St Kilda,56,91,St Kilda,35,36244,Subiaco,False
2010_Round_10_Essendon_vs_Western_Bulldogs,2010,Round 10,2010-05-28 19:40:00,Friday,Essendon,Western Bulldogs,99,90,Essendon,9,45742,Docklands,False
2010_Round_10_Geelong_vs_Melbourne,2010,Round 10,2010-05-29 14:10:00,Saturday,Geelong,Melbourne,121,67,Geelong,54,24525,Kardinia Park,False
2010_Round_10_Port_Adelaide_vs_Richmond,2010,Round 10,2010-05-29 14:40:00,Saturday,Port Adelaide,Richmond,30,77,Richmond,47,16694,Football Park,False
2010_Round_10_Brisbane_Lions_vs_Collingwood,2010,Round 10,2010-05-29 19:10:00,Saturday,Brisbane Lions,Collingwood,88,80,Brisbane Lions,8,34512,Gabba,False
2010_Round_10_St_Kilda_vs_Adelaide,2010,Round 10,2010-05-29 19:10:00,Saturday,St Kilda,Adelaide,123,76,St Kilda,47,28708,Docklands,False
2010_Round_10_Hawthorn_vs_Sydney,2010,Round 10,2010-05-30 13:10:00,Sunday,Hawthorn,Sydney,79,77,Hawthorn,2,36003,M.C.G.,False
2010_Round_10_Carlton_vs_West_Coast,2010,Round 10,2010-05-30 14:10:00,Sunday,Carlton,West Coast,105,76,Carlton,29,29175,Docklands,False
2010_Round_10_Fremantle_vs_North_Melbourne,2010,Round 10,2010-05-30 14:40:00,Sunday,Fremantle,North Melbourne,139,78,Fremantle,61,36175,Subiaco,False
2010_Round_11_Richmond_vs_St_Kilda,2010,Round 11,2010-06-04 19:40:00,Friday,Richmond,St Kilda,59,97,St Kilda,38,32858,Docklands,False
2010_Round_11_Carlton_vs_Melbourne,2010,Round 11,2010-06-05 14:10:00,Saturday,Carlton,Melbourne,101,60,Carlton,41,49745,M.C.G.,False
2010_Round_11_Adelaide_vs_Fremantle,2010,Round 11,2010-06-05 14:40:00,Saturday,Adelaide,Fremantle,105,82,Adelaide,23,35605,Football Park,False
2010_Round_11_West_Coast_vs_Geelong,2010,Round 11,2010-06-05 17:40:00,Saturday,West Coast,Geelong,98,122,Geelong,24,33784,Subiaco,False
2010_Round_11_North_Melbourne_vs_Brisbane_Lions,2010,Round 11,2010-06-05 19:10:00,Saturday,North Melbourne,Brisbane Lions,90,89,North Melbourne,1,19100,Docklands,False
2010_Round_11_Sydney_vs_Essendon,2010,Round 11,2010-06-06 13:10:00,Sunday,Sydney,Essendon,89,80,Sydney,9,29329,S.C.G.,False
2010_Round_11_Hawthorn_vs_Port_Adelaide,2010,Round 11,2010-06-06 14:10:00,Sunday,Hawthorn,Port Adelaide,74,63,Hawthorn,11,21287,M.C.G.,False
2010_Round_11_Collingwood_vs_Western_Bulldogs,2010,Round 11,2010-06-06 16:40:00,Sunday,Collingwood,Western Bulldogs,113,103,Collingwood,10,40813,Docklands,False
2010_Round_12_North_Melbourne_vs_Carlton,2010,Round 12,2010-06-11 19:40:00,Friday,North Melbourne,Carlton,97,68,North Melbourne,29,43732,Docklands,False
2010_Round_12_Hawthorn_vs_Adelaide,2010,Round 12,2010-06-12 14:10:00,Saturday,Hawthorn,Adelaide,124,77,Hawthorn,47,16167,York Park,False
2010_Round_12_Essendon_vs_Geelong,2010,Round 12,2010-06-12 19:10:00,Saturday,Essendon,Geelong,83,154,Geelong,71,46358,Docklands,False
2010_Round_12_Port_Adelaide_vs_Sydney,2010,Round 12,2010-06-12 19:10:00,Saturday,Port Adelaide,Sydney,55,93,Sydney,38,20106,Football Park,False
2010_Round_12_Richmond_vs_West_Coast,2010,Round 12,2010-06-13 13:10:00,Sunday,Richmond,West Coast,126,77,Richmond,49,30870,M.C.G.,False
2010_Round_12_Western_Bulldogs_vs_Brisbane_Lions,2010,Round 12,2010-06-13 14:10:00,Sunday,Western Bulldogs,Brisbane Lions,121,56,Western Bulldogs,65,30831,Docklands,False
2010_Round_12_Fremantle_vs_St_Kilda,2010,Round 12,2010-06-13 14:40:00,Sunday,Fremantle,St Kilda,67,85,St Kilda,18,37569,Subiaco,False
2010_Round_12_Melbourne_vs_Collingwood,2010,Round 12,2010-06-14 14:10:00,Monday,Melbourne,Collingwood,76,76,Draw,0,67454,M.C.G.,False
2010_Round_13_Hawthorn_vs_Essendon,2010,Round 13,2010-06-18 19:40:00,Friday,Hawthorn,Essendon,102,86,Hawthorn,16,54148,M.C.G.,False
2010_Round_13_Brisbane_Lions_vs_Richmond,2010,Round 13,2010-06-19 19:10:00,Saturday,Brisbane Lions,Richmond,86,105,Richmond,19,28415,Gabba,False
2010_Round_13_Carlton_vs_Fremantle,2010,Round 13,2010-06-19 19:10:00,Saturday,Carlton,Fremantle,87,96,Fremantle,9,28869,Docklands,False
2010_Round_13_North_Melbourne_vs_Port_Adelaide,2010,Round 13,2010-06-20 13:10:00,Sunday,North Melbourne,Port Adelaide,129,93,North Melbourne,36,15109,Docklands,False
2010_Round_13_West_Coast_vs_Western_Bulldogs,2010,Round 13,2010-06-20 14:40:00,Sunday,West Coast,Western Bulldogs,59,119,Western Bulldogs,60,34280,Subiaco,False
2010_Round_13_St_Kilda_vs_Geelong,2010,Round 13,2010-06-25 19:50:00,Friday,St Kilda,Geelong,70,46,St Kilda,24,58208,M.C.G.,False
2010_Round_13_Sydney_vs_Collingwood,2010,Round 13,2010-06-26 19:10:00,Saturday,Sydney,Collingwood,71,96,Collingwood,25,43585,Stadium Australia,False
2010_Round_13_Adelaide_vs_Melbourne,2010,Round 13,2010-06-27 14:40:00,Sunday,Adelaide,Melbourne,117,73,Adelaide,44,34422,Football Park,False
2010_Round_14_Carlton_vs_Brisbane_Lions,2010,Round 14,2010-07-01 19:10:00,Thursday,Carlton,Brisbane Lions,120,65,Carlton,55,35623,Docklands,False
2010_Round_14_Hawthorn_vs_Western_Bulldogs,2010,Round 14,2010-07-02 19:40:00,Friday,Hawthorn,Western Bulldogs,79,76,Hawthorn,3,47454,M.C.G.,False
2010_Round_14_Fremantle_vs_Port_Adelaide,2010,Round 14,2010-07-03 13:10:00,Saturday,Fremantle,Port Adelaide,115,58,Fremantle,57,32442,Subiaco,False
2010_Round_14_Adelaide_vs_Essendon,2010,Round 14,2010-07-03 19:10:00,Saturday,Adelaide,Essendon,124,40,Adelaide,84,37296,Football Park,False
2010_Round_14_Collingwood_vs_West_Coast,2010,Round 14,2010-07-03 19:10:00,Saturday,Collingwood,West Coast,135,52,Collingwood,83,38781,Docklands,False
2010_Round_14_Geelong_vs_North_Melbourne,2010,Round 14,2010-07-04 13:10:00,Sunday,Geelong,North Melbourne,98,63,Geelong,35,25159,Kardinia Park,False
2010_Round_14_Richmond_vs_Sydney,2010,Round 14,2010-07-04 14:10:00,Sunday,Richmond,Sydney,89,85,Richmond,4,39386,M.C.G.,False
2010_Round_14_St_Kilda_vs_Melbourne,2010,Round 14,2010-07-04 16:40:00,Sunday,St Kilda,Melbourne,100,65,St Kilda,35,31993,Docklands,False
2010_Round_15_Port_Adelaide_vs_Collingwood,2010,Round 15,2010-07-09 20:10:00,Friday,Port Adelaide,Collingwood,79,105,Collingwood,26,24260,Football Park,False
2010_Round_15_West_Coast_vs_Adelaide,2010,Round 15,2010-07-10 13:10:00,Saturday,West Coast,Adelaide,95,117,Adelaide,22,26976,Subiaco,False
2010_Round_15_Geelong_vs_Hawthorn,2010,Round 15,2010-07-10 14:10:00,Saturday,Geelong,Hawthorn,85,83,Geelong,2,69220,M.C.G.,False
2010_Round_15_Brisbane_Lions_vs_St_Kilda,2010,Round 15,2010-07-10 19:10:00,Saturday,Brisbane Lions,St Kilda,65,79,St Kilda,14,29329,Gabba,False
2010_Round_15_Richmond_vs_Fremantle,2010,Round 15,2010-07-10 19:10:00,Saturday,Richmond,Fremantle,100,81,Richmond,19,25707,Docklands,False
2010_Round_15_Sydney_vs_North_Melbourne,2010,Round 15,2010-07-11 13:10:00,Sunday,Sydney,North Melbourne,85,55,Sydney,30,23856,S.C.G.,False
2010_Round_15_Melbourne_vs_Essendon,2010,Round 15,2010-07-11 14:10:00,Sunday,Melbourne,Essendon,122,103,Melbourne,19,49203,M.C.G.,False
2010_Round_15_Carlton_vs_Western_Bulldogs,2010,Round 15,2010-07-11 16:40:00,Sunday,Carlton,Western Bulldogs,58,126,Western Bulldogs,68,37517,Docklands,False
2010_Round_16_Adelaide_vs_Geelong,2010,Round 16,2010-07-16 20:10:00,Friday,Adelaide,Geelong,74,63,Adelaide,11,41195,Football Park,False
2010_Round_16_Collingwood_vs_St_Kilda,2010,Round 16,2010-07-17 14:10:00,Saturday,Collingwood,St Kilda,100,52,Collingwood,48,81386,M.C.G.,False
2010_Round_16_Hawthorn_vs_Brisbane_Lions,2010,Round 16,2010-07-17 14:10:00,Saturday,Hawthorn,Brisbane Lions,118,43,Hawthorn,75,16690,York Park,False
2010_Round_16_Essendon_vs_West_Coast,2010,Round 16,2010-07-17 19:10:00,Saturday,Essendon,West Coast,100,132,West Coast,32,26991,Docklands,False
2010_Round_16_Western_Bulldogs_vs_Port_Adelaide,2010,Round 16,2010-07-17 19:10:00,Saturday,Western Bulldogs,Port Adelaide,83,47,Western Bulldogs,36,11080,Marrara Oval,False
2010_Round_16_Carlton_vs_Sydney,2010,Round 16,2010-07-18 13:10:00,Sunday,Carlton,Sydney,68,107,Sydney,39,31915,Docklands,False
2010_Round_16_Richmond_vs_North_Melbourne,2010,Round 16,2010-07-18 14:10:00,Sunday,Richmond,North Melbourne,53,103,North Melbourne,50,42723,M.C.G.,False
2010_Round_16_Fremantle_vs_Melbourne,2010,Round 16,2010-07-18 14:40:00,Sunday,Fremantle,Melbourne,82,71,Fremantle,11,32816,Subiaco,False
2010_Round_17_St_Kilda_vs_Hawthorn,2010,Round 17,2010-07-23 19:40:00,Friday,St Kilda,Hawthorn,87,87,Draw,0,49373,Docklands,False
2010_Round_17_Collingwood_vs_Richmond,2010,Round 17,2010-07-24 14:10:00,Saturday,Collingwood,Richmond,127,45,Collingwood,82,66727,M.C.G.,False
2010_Round_17_Geelong_vs_Brisbane_Lions,2010,Round 17,2010-07-24 14:10:00,Saturday,Geelong,Brisbane Lions,127,64,Geelong,63,24508,Kardinia Park,False
2010_Round_17_West_Coast_vs_Carlton,2010,Round 17,2010-07-24 17:40:00,Saturday,West Coast,Carlton,83,109,Carlton,26,35925,Subiaco,False
2010_Round_17_North_Melbourne_vs_Essendon,2010,Round 17,2010-07-24 19:10:00,Saturday,North Melbourne,Essendon,119,122,Essendon,3,30330,Docklands,False
2010_Round_17_Western_Bulldogs_vs_Fremantle,2010,Round 17,2010-07-25 13:10:00,Sunday,Western Bulldogs,Fremantle,158,76,Western Bulldogs,82,26797,Docklands,False
2010_Round_17_Melbourne_vs_Sydney,2010,Round 17,2010-07-25 14:10:00,Sunday,Melbourne,Sydney,142,69,Melbourne,73,29374,M.C.G.,False
2010_Round_17_Port_Adelaide_vs_Adelaide,2010,Round 17,2010-07-25 16:10:00,Sunday,Port Adelaide,Adelaide,88,69,Port Adelaide,19,36788,Football Park,False
2010_Round_18_Essendon_vs_St_Kilda,2010,Round 18,2010-07-30 19:40:00,Friday,Essendon,St Kilda,108,75,Essendon,33,37165,Docklands,False
2010_Round_18_Collingwood_vs_Carlton,2010,Round 18,2010-07-31 14:10:00,Saturday,Collingwood,Carlton,105,57,Collingwood,48,76980,M.C.G.,False
2010_Round_18_Port_Adelaide_vs_Hawthorn,2010,Round 18,2010-07-31 14:40:00,Saturday,Port Adelaide,Hawthorn,92,84,Port Adelaide,8,22340,Football Park,False
2010_Round_18_Brisbane_Lions_vs_Melbourne,2010,Round 18,2010-07-31 19:10:00,Saturday,Brisbane Lions,Melbourne,64,74,Melbourne,10,26144,Gabba,False
2010_Round_18_Sydney_vs_Geelong,2010,Round 18,2010-07-31 19:10:00,Saturday,Sydney,Geelong,72,125,Geelong,53,30710,Stadium Australia,False
2010_Round_18_Richmond_vs_Adelaide,2010,Round 18,2010-08-01 13:10:00,Sunday,Richmond,Adelaide,100,80,Richmond,20,19226,M.C.G.,False
2010_Round_18_Western_Bulldogs_vs_North_Melbourne,2010,Round 18,2010-08-01 14:10:00,Sunday,Western Bulldogs,North Melbourne,143,72,Western Bulldogs,71,28038,Docklands,False
2010_Round_18_Fremantle_vs_West_Coast,2010,Round 18,2010-08-01 14:40:00,Sunday,Fremantle,West Coast,160,85,Fremantle,75,40451,Subiaco,False
2010_Round_19_Essendon_vs_Carlton,2010,Round 19,2010-08-06 19:40:00,Friday,Essendon,Carlton,73,149,Carlton,76,57095,M.C.G.,False
2010_Round_19_North_Melbourne_vs_Fremantle,2010,Round 19,2010-08-07 14:10:00,Saturday,North Melbourne,Fremantle,123,69,North Melbourne,54,14891,Docklands,False
2010_Round_19_Sydney_vs_Hawthorn,2010,Round 19,2010-08-07 14:10:00,Saturday,Sydney,Hawthorn,129,85,Sydney,44,29431,S.C.G.,False
2010_Round_19_West_Coast_vs_Brisbane_Lions,2010,Round 19,2010-08-07 17:40:00,Saturday,West Coast,Brisbane Lions,65,70,Brisbane Lions,5,32587,Subiaco,False
2010_Round_19_Geelong_vs_Collingwood,2010,Round 19,2010-08-07 19:10:00,Saturday,Geelong,Collingwood,85,107,Collingwood,22,84401,M.C.G.,False
2010_Round_19_St_Kilda_vs_Port_Adelaide,2010,Round 19,2010-08-08 13:10:00,Sunday,St Kilda,Port Adelaide,151,57,St Kilda,94,22467,Docklands,False
2010_Round_19_Melbourne_vs_Richmond,2010,Round 19,2010-08-08 14:10:00,Sunday,Melbourne,Richmond,109,80,Melbourne,29,45844,M.C.G.,False
2010_Round_19_Adelaide_vs_Western_Bulldogs,2010,Round 19,2010-08-08 16:10:00,Sunday,Adelaide,Western Bulldogs,53,61,Western Bulldogs,8,29321,Football Park,False
2010_Round_20_Essendon_vs_Collingwood,2010,Round 20,2010-08-13 19:40:00,Friday,Essendon,Collingwood,64,162,Collingwood,98,59277,M.C.G.,False
2010_Round_20_Fremantle_vs_Sydney,2010,Round 20,2010-08-14 13:10:00,Saturday,Fremantle,Sydney,87,96,Sydney,9,34087,Subiaco,False
2010_Round_20_Carlton_vs_Richmond,2010,Round 20,2010-08-14 14:10:00,Saturday,Carlton,Richmond,156,67,Carlton,89,44716,M.C.G.,False
2010_Round_20_Port_Adelaide_vs_West_Coast,2010,Round 20,2010-08-14 19:10:00,Saturday,Port Adelaide,West Coast,61,60,Port Adelaide,1,14113,Football Park,False
2010_Round_20_Western_Bulldogs_vs_Geelong,2010,Round 20,2010-08-14 19:10:00,Saturday,Western Bulldogs,Geelong,60,161,Geelong,101,42199,Docklands,False
2010_Round_20_Brisbane_Lions_vs_Adelaide,2010,Round 20,2010-08-15 13:10:00,Sunday,Brisbane Lions,Adelaide,97,104,Adelaide,7,25403,Gabba,False
2010_Round_20_Hawthorn_vs_Melbourne,2010,Round 20,2010-08-15 14:10:00,Sunday,Hawthorn,Melbourne,99,78,Hawthorn,21,48211,M.C.G.,False
2010_Round_20_North_Melbourne_vs_St_Kilda,2010,Round 20,2010-08-15 16:40:00,Sunday,North Melbourne,St Kilda,63,115,St Kilda,52,23118,Docklands,False
2010_Round_21_Geelong_vs_Carlton,2010,Round 21,2010-08-20 19:40:00,Friday,Geelong,Carlton,121,79,Geelong,42,45172,Docklands,False
2010_Round_21_Hawthorn_vs_Fremantle,2010,Round 21,2010-08-21 14:10:00,Saturday,Hawthorn,Fremantle,155,39,Hawthorn,116,15532,York Park,False
2010_Round_21_St_Kilda_vs_Richmond,2010,Round 21,2010-08-21 14:10:00,Saturday,St Kilda,Richmond,115,94,St Kilda,21,33944,Docklands,False
2010_Round_21_Collingwood_vs_Adelaide,2010,Round 21,2010-08-21 19:10:00,Saturday,Collingwood,Adelaide,54,51,Collingwood,3,42159,M.C.G.,False
2010_Round_21_Sydney_vs_Western_Bulldogs,2010,Round 21,2010-08-21 19:10:00,Saturday,Sydney,Western Bulldogs,114,70,Sydney,44,36554,S.C.G.,False
2010_Round_21_Port_Adelaide_vs_Melbourne,2010,Round 21,2010-08-22 12:40:00,Sunday,Port Adelaide,Melbourne,112,83,Port Adelaide,29,21086,Football Park,False
2010_Round_21_Essendon_vs_Brisbane_Lions,2010,Round 21,2010-08-22 14:10:00,Sunday,Essendon,Brisbane Lions,68,95,Brisbane Lions,27,28785,Docklands,False
2010_Round_21_West_Coast_vs_North_Melbourne,2010,Round 21,2010-08-22 14:40:00,Sunday,West Coast,North Melbourne,94,110,North Melbourne,16,32007,Subiaco,False
2010_Round_22_Fremantle_vs_Carlton,2010,Round 22,2010-08-27 18:40:00,Friday,Fremantle,Carlton,93,87,Fremantle,6,39376,Subiaco,False
2010_Round_22_Geelong_vs_West_Coast,2010,Round 22,2010-08-28 13:10:00,Saturday,Geelong,West Coast,112,68,Geelong,44,24099,Kardinia Park,False
2010_Round_22_Hawthorn_vs_Collingwood,2010,Round 22,2010-08-28 14:10:00,Saturday,Hawthorn,Collingwood,98,95,Hawthorn,3,76218,M.C.G.,False
2010_Round_22_Adelaide_vs_St_Kilda,2010,Round 22,2010-08-28 15:40:00,Saturday,Adelaide,St Kilda,65,37,Adelaide,28,38121,Football Park,False
2010_Round_22_Brisbane_Lions_vs_Sydney,2010,Round 22,2010-08-28 19:10:00,Saturday,Brisbane Lions,Sydney,68,106,Sydney,38,24789,Gabba,False
2010_Round_22_Western_Bulldogs_vs_Essendon,2010,Round 22,2010-08-28 19:10:00,Saturday,Western Bulldogs,Essendon,107,78,Western Bulldogs,29,26776,Docklands,False
2010_Round_22_Richmond_vs_Port_Adelaide,2010,Round 22,2010-08-29 14:10:00,Sunday,Richmond,Port Adelaide,112,122,Port Adelaide,10,37674,Docklands,False
2010_Round_22_Melbourne_vs_North_Melbourne,2010,Round 22,2010-08-29 16:40:00,Sunday,Melbourne,North Melbourne,103,113,North Melbourne,10,31064,M.C.G.,False
2010_Qualifying_Final_Geelong_vs_St_Kilda,2010,Qualifying Final,2010-09-03 19:45:00,Friday,Geelong,St Kilda,79,83,St Kilda,4,63608,M.C.G.,True
2010_Elimination_Final_Fremantle_vs_Hawthorn,2010,Elimination Final,2010-09-04 13:20:00,Saturday,Fremantle,Hawthorn,94,64,Fremantle,30,42719,Subiaco,True
2010_Qualifying_Final_Collingwood_vs_Western_Bulldogs,2010,Qualifying Final,2010-09-04 19:20:00,Saturday,Collingwood,Western Bulldogs,124,62,Collingwood,62,66545,M.C.G.,True
2010_Elimination_Final_Sydney_vs_Carlton,2010,Elimination Final,2010-09-05 14:40:00,Sunday,Sydney,Carlton,99,94,Sydney,5,41596,Stadium Australia,True
2010_Semi_Final_Geelong_vs_Fremantle,2010,Semi Final,2010-09-10 19:45:00,Friday,Geelong,Fremantle,135,66,Geelong,69,45056,M.C.G.,True
2010_Semi_Final_Western_Bulldogs_vs_Sydney,2010,Semi Final,2010-09-11 19:20:00,Saturday,Western Bulldogs,Sydney,77,72,Western Bulldogs,5,39596,M.C.G.,True
2010_Preliminary_Final_Collingwood_vs_Geelong,2010,Preliminary Final,2010-09-17 19:45:00,Friday,Collingwood,Geelong,120,79,Collingwood,41,95241,M.C.G.,True
2010_Preliminary_Final_St_Kilda_vs_Western_Bulldogs,2010,Preliminary Final,2010-09-18 19:20:00,Saturday,St Kilda,Western Bulldogs,88,64,St Kilda,24,62694,M.C.G.,True
2010_Grand_Final_Collingwood_vs_St_Kilda,2010,Grand Final,2010-09-25 14:30:00,Saturday,Collingwood,St Kilda,68,68,Draw,0,100016,M.C.G.,True
2010_Grand_Final_Collingwood_vs_St_Kilda,2010,Grand Final,2010-10-02 14:30:00,Saturday,Collingwood,St Kilda,108,52,Collingwood,56,93853,M.C.G.,True
2011_Round_1_Carlton_vs_Richmond,2011,Round 1,2011-03-24 19:40:00,Thursday,Carlton,Richmond,104,84,Carlton,20,60654,M.C.G.,False
2011_Round_1_Geelong_vs_St_Kilda,2011,Round 1,2011-03-25 19:45:00,Friday,Geelong,St Kilda,48,47,Geelong,1,42869,M.C.G.,False
2011_Round_1_Collingwood_vs_Port_Adelaide,2011,Round 1,2011-03-26 14:10:00,Saturday,Collingwood,Port Adelaide,155,80,Collingwood,75,35773,Docklands,False
2011_Round_1_Adelaide_vs_Hawthorn,2011,Round 1,2011-03-26 19:10:00,Saturday,Adelaide,Hawthorn,105,85,Adelaide,20,42536,Football Park,False
2011_Round_1_Brisbane_Lions_vs_Fremantle,2011,Round 1,2011-03-26 19:10:00,Saturday,Brisbane Lions,Fremantle,92,94,Fremantle,2,23373,Gabba,False
2011_Round_1_Essendon_vs_Western_Bulldogs,2011,Round 1,2011-03-27 13:10:00,Sunday,Essendon,Western Bulldogs,113,58,Essendon,55,42617,Docklands,False
2011_Round_1_Melbourne_vs_Sydney,2011,Round 1,2011-03-27 14:10:00,Sunday,Melbourne,Sydney,84,84,Draw,0,33951,M.C.G.,False
2011_Round_1_West_Coast_vs_North_Melbourne,2011,Round 1,2011-03-27 16:10:00,Sunday,West Coast,North Melbourne,92,88,West Coast,4,35878,Subiaco,False
2011_Round_2_St_Kilda_vs_Richmond,2011,Round 2,2011-04-01 19:40:00,Friday,St Kilda,Richmond,95,95,Draw,0,41465,M.C.G.,False
2011_Round_2_North_Melbourne_vs_Collingwood,2011,Round 2,2011-04-02 14:10:00,Saturday,North Melbourne,Collingwood,56,143,Collingwood,87,40578,Docklands,False
2011_Round_2_Port_Adelaide_vs_West_Coast,2011,Round 2,2011-04-02 14:40:00,Saturday,Port Adelaide,West Coast,98,116,West Coast,18,23214,Football Park,False
2011_Round_2_Fremantle_vs_Geelong,2011,Round 2,2011-04-02 17:40:00,Saturday,Fremantle,Geelong,78,89,Geelong,11,37004,Subiaco,False
2011_Round_2_Gold_Coast_vs_Carlton,2011,Round 2,2011-04-02 18:50:00,Saturday,Gold Coast,Carlton,52,171,Carlton,119,27914,Gabba,False
2011_Round_2_Western_Bulldogs_vs_Brisbane_Lions,2011,Round 2,2011-04-03 13:10:00,Sunday,Western Bulldogs,Brisbane Lions,123,45,Western Bulldogs,78,22331,Docklands,False
2011_Round_2_Sydney_vs_Essendon,2011,Round 2,2011-04-03 14:10:00,Sunday,Sydney,Essendon,98,93,Sydney,5,28082,Stadium Australia,False
2011_Round_2_Hawthorn_vs_Melbourne,2011,Round 2,2011-04-03 16:40:00,Sunday,Hawthorn,Melbourne,122,77,Hawthorn,45,49905,M.C.G.,False
2011_Round_3_Collingwood_vs_Carlton,2011,Round 3,2011-04-08 19:50:00,Friday,Collingwood,Carlton,102,74,Collingwood,28,88181,M.C.G.,False
2011_Round_3_Western_Bulldogs_vs_Gold_Coast,2011,Round 3,2011-04-09 14:10:00,Saturday,Western Bulldogs,Gold Coast,122,51,Western Bulldogs,71,21373,Docklands,False
2011_Round_3_Adelaide_vs_Fremantle,2011,Round 3,2011-04-09 14:40:00,Saturday,Adelaide,Fremantle,54,79,Fremantle,25,33414,Football Park,False
2011_Round_3_West_Coast_vs_Sydney,2011,Round 3,2011-04-09 18:10:00,Saturday,West Coast,Sydney,88,101,Sydney,13,37288,Subiaco,False
2011_Round_3_Richmond_vs_Hawthorn,2011,Round 3,2011-04-09 19:10:00,Saturday,Richmond,Hawthorn,52,115,Hawthorn,63,46368,M.C.G.,False
2011_Round_3_Melbourne_vs_Brisbane_Lions,2011,Round 3,2011-04-10 13:10:00,Sunday,Melbourne,Brisbane Lions,82,71,Melbourne,11,24380,M.C.G.,False
2011_Round_3_Geelong_vs_Port_Adelaide,2011,Round 3,2011-04-10 14:10:00,Sunday,Geelong,Port Adelaide,122,43,Geelong,79,22420,Kardinia Park,False
2011_Round_3_St_Kilda_vs_Essendon,2011,Round 3,2011-04-10 16:40:00,Sunday,St Kilda,Essendon,84,136,Essendon,52,47762,Docklands,False
2011_Round_4_Richmond_vs_Collingwood,2011,Round 4,2011-04-15 19:40:00,Friday,Richmond,Collingwood,90,161,Collingwood,71,58050,M.C.G.,False
2011_Round_4_Carlton_vs_Essendon,2011,Round 4,2011-04-16 14:10:00,Saturday,Carlton,Essendon,79,79,Draw,0,78065,M.C.G.,False
2011_Round_4_Hawthorn_vs_West_Coast,2011,Round 4,2011-04-16 14:10:00,Saturday,Hawthorn,West Coast,72,65,Hawthorn,7,15063,York Park,False
2011_Round_4_Port_Adelaide_vs_Adelaide,2011,Round 4,2011-04-16 19:10:00,Saturday,Port Adelaide,Adelaide,98,66,Port Adelaide,32,33143,Football Park,False
2011_Round_4_Sydney_vs_Geelong,2011,Round 4,2011-04-16 19:10:00,Saturday,Sydney,Geelong,54,81,Geelong,27,25300,S.C.G.,False
2011_Round_4_Gold_Coast_vs_Melbourne,2011,Round 4,2011-04-17 14:10:00,Sunday,Gold Coast,Melbourne,69,159,Melbourne,90,12111,Gabba,False
2011_Round_4_Fremantle_vs_North_Melbourne,2011,Round 4,2011-04-17 14:40:00,Sunday,Fremantle,North Melbourne,127,98,Fremantle,29,34779,Subiaco,False
2011_Round_5_Brisbane_Lions_vs_St_Kilda,2011,Round 5,2011-04-21 19:45:00,Thursday,Brisbane Lions,St Kilda,76,89,St Kilda,13,22543,Gabba,False
2011_Round_5_Port_Adelaide_vs_Gold_Coast,2011,Round 5,2011-04-23 14:45:00,Saturday,Port Adelaide,Gold Coast,101,104,Gold Coast,3,21287,Football Park,False
2011_Round_5_Carlton_vs_Adelaide,2011,Round 5,2011-04-23 19:10:00,Saturday,Carlton,Adelaide,85,79,Carlton,6,37607,Docklands,False
2011_Round_5_North_Melbourne_vs_Richmond,2011,Round 5,2011-04-24 16:40:00,Sunday,North Melbourne,Richmond,103,112,Richmond,9,36461,Docklands,False
2011_Round_5_Essendon_vs_Collingwood,2011,Round 5,2011-04-25 14:40:00,Monday,Essendon,Collingwood,77,107,Collingwood,30,89626,M.C.G.,False
2011_Round_5_Fremantle_vs_Western_Bulldogs,2011,Round 5,2011-04-25 18:45:00,Monday,Fremantle,Western Bulldogs,85,78,Fremantle,7,37551,Subiaco,False
2011_Round_5_Hawthorn_vs_Geelong,2011,Round 5,2011-04-26 14:40:00,Tuesday,Hawthorn,Geelong,98,117,Geelong,19,78579,M.C.G.,False
2011_Round_6_West_Coast_vs_Melbourne,2011,Round 6,2011-04-28 18:40:00,Thursday,West Coast,Melbourne,106,52,West Coast,54,36298,Subiaco,False
2011_Round_6_Sydney_vs_Carlton,2011,Round 6,2011-04-29 19:40:00,Friday,Sydney,Carlton,71,87,Carlton,16,28081,S.C.G.,False
2011_Round_6_North_Melbourne_vs_Port_Adelaide,2011,Round 6,2011-04-30 14:10:00,Saturday,North Melbourne,Port Adelaide,133,73,North Melbourne,60,16014,Docklands,False
2011_Round_6_Adelaide_vs_St_Kilda,2011,Round 6,2011-04-30 19:10:00,Saturday,Adelaide,St Kilda,90,71,Adelaide,19,33854,Football Park,False
2011_Round_6_Richmond_vs_Brisbane_Lions,2011,Round 6,2011-04-30 19:10:00,Saturday,Richmond,Brisbane Lions,124,98,Richmond,26,37438,M.C.G.,False
2011_Round_6_Essendon_vs_Gold_Coast,2011,Round 6,2011-05-01 13:10:00,Sunday,Essendon,Gold Coast,197,58,Essendon,139,33710,Docklands,False
2011_Round_6_Collingwood_vs_Western_Bulldogs,2011,Round 6,2011-05-01 16:40:00,Sunday,Collingwood,Western Bulldogs,105,57,Collingwood,48,53776,M.C.G.,False
2011_Round_7_Port_Adelaide_vs_Hawthorn,2011,Round 7,2011-05-06 20:10:00,Friday,Port Adelaide,Hawthorn,72,104,Hawthorn,32,21819,Football Park,False
2011_Round_7_Western_Bulldogs_vs_Sydney,2011,Round 7,2011-05-07 13:10:00,Saturday,Western Bulldogs,Sydney,65,73,Sydney,8,10184,Manuka Oval,False
2011_Round_7_Geelong_vs_North_Melbourne,2011,Round 7,2011-05-07 14:10:00,Saturday,Geelong,North Melbourne,127,61,Geelong,66,23669,Kardinia Park,False
2011_Round_7_Richmond_vs_Fremantle,2011,Round 7,2011-05-07 16:10:00,Saturday,Richmond,Fremantle,148,99,Richmond,49,34090,M.C.G.,False
2011_Round_7_Gold_Coast_vs_Brisbane_Lions,2011,Round 7,2011-05-07 19:10:00,Saturday,Gold Coast,Brisbane Lions,124,116,Gold Coast,8,25501,Gabba,False
2011_Round_7_Essendon_vs_West_Coast,2011,Round 7,2011-05-08 13:10:00,Sunday,Essendon,West Coast,106,90,Essendon,16,33631,Docklands,False
2011_Round_7_Melbourne_vs_Adelaide,2011,Round 7,2011-05-08 14:10:00,Sunday,Melbourne,Adelaide,149,53,Melbourne,96,19987,M.C.G.,False
2011_Round_7_St_Kilda_vs_Carlton,2011,Round 7,2011-05-09 19:20:00,Monday,St Kilda,Carlton,81,84,Carlton,3,41576,Docklands,False
2011_Round_8_Geelong_vs_Collingwood,2011,Round 8,2011-05-13 19:40:00,Friday,Geelong,Collingwood,65,62,Geelong,3,81691,M.C.G.,False
2011_Round_8_North_Melbourne_vs_Melbourne,2011,Round 8,2011-05-14 14:10:00,Saturday,North Melbourne,Melbourne,124,83,North Melbourne,41,23536,Docklands,False
2011_Round_8_Adelaide_vs_Gold_Coast,2011,Round 8,2011-05-14 14:40:00,Saturday,Adelaide,Gold Coast,130,73,Adelaide,57,36056,Football Park,False
2011_Round_8_Brisbane_Lions_vs_Essendon,2011,Round 8,2011-05-14 19:10:00,Saturday,Brisbane Lions,Essendon,66,102,Essendon,36,24921,Gabba,False
2011_Round_8_Sydney_vs_Port_Adelaide,2011,Round 8,2011-05-14 19:40:00,Saturday,Sydney,Port Adelaide,121,59,Sydney,62,20719,S.C.G.,False
2011_Round_8_Hawthorn_vs_St_Kilda,2011,Round 8,2011-05-15 13:10:00,Sunday,Hawthorn,St Kilda,99,69,Hawthorn,30,42453,M.C.G.,False
2011_Round_8_Western_Bulldogs_vs_Richmond,2011,Round 8,2011-05-15 14:10:00,Sunday,Western Bulldogs,Richmond,153,118,Western Bulldogs,35,39141,Docklands,False
2011_Round_8_West_Coast_vs_Fremantle,2011,Round 8,2011-05-15 14:40:00,Sunday,West Coast,Fremantle,96,63,West Coast,33,40567,Subiaco,False
2011_Round_9_Carlton_vs_Geelong,2011,Round 9,2011-05-20 19:40:00,Friday,Carlton,Geelong,100,102,Geelong,2,48429,Docklands,False
2011_Round_9_Port_Adelaide_vs_Fremantle,2011,Round 9,2011-05-21 14:10:00,Saturday,Port Adelaide,Fremantle,90,142,Fremantle,52,16274,Football Park,False
2011_Round_9_St_Kilda_vs_Melbourne,2011,Round 9,2011-05-21 14:10:00,Saturday,St Kilda,Melbourne,106,86,St Kilda,20,28863,Docklands,False
2011_Round_9_Brisbane_Lions_vs_North_Melbourne,2011,Round 9,2011-05-21 19:40:00,Saturday,Brisbane Lions,North Melbourne,73,59,Brisbane Lions,14,18404,Gabba,False
2011_Round_9_Richmond_vs_Essendon,2011,Round 9,2011-05-21 19:40:00,Saturday,Richmond,Essendon,105,89,Richmond,16,83563,M.C.G.,False
2011_Round_9_Collingwood_vs_Adelaide,2011,Round 9,2011-05-22 13:10:00,Sunday,Collingwood,Adelaide,135,92,Collingwood,43,38849,Docklands,False
2011_Round_9_Sydney_vs_Hawthorn,2011,Round 9,2011-05-22 14:10:00,Sunday,Sydney,Hawthorn,60,106,Hawthorn,46,33136,S.C.G.,False
2011_Round_9_West_Coast_vs_Western_Bulldogs,2011,Round 9,2011-05-22 14:40:00,Sunday,West Coast,Western Bulldogs,175,52,West Coast,123,37308,Subiaco,False
2011_Round_10_Melbourne_vs_Carlton,2011,Round 10,2011-05-27 19:40:00,Friday,Melbourne,Carlton,46,93,Carlton,47,47464,M.C.G.,False
2011_Round_10_Fremantle_vs_St_Kilda,2011,Round 10,2011-05-28 13:10:00,Saturday,Fremantle,St Kilda,56,102,St Kilda,46,35483,Subiaco,False
2011_Round_10_North_Melbourne_vs_Sydney,2011,Round 10,2011-05-28 14:10:00,Saturday,North Melbourne,Sydney,71,72,Sydney,1,24267,Docklands,False
2011_Round_10_Gold_Coast_vs_Geelong,2011,Round 10,2011-05-28 19:20:00,Saturday,Gold Coast,Geelong,73,139,Geelong,66,21485,Carrara,False
2011_Round_10_Richmond_vs_Port_Adelaide,2011,Round 10,2011-05-28 20:10:00,Saturday,Richmond,Port Adelaide,74,89,Port Adelaide,15,11506,Marrara Oval,False
2011_Round_10_Adelaide_vs_Brisbane_Lions,2011,Round 10,2011-05-29 12:40:00,Sunday,Adelaide,Brisbane Lions,61,101,Brisbane Lions,40,34583,Football Park,False
2011_Round_10_Collingwood_vs_West_Coast,2011,Round 10,2011-05-29 14:10:00,Sunday,Collingwood,West Coast,105,53,Collingwood,52,52560,M.C.G.,False
2011_Round_10_Western_Bulldogs_vs_Hawthorn,2011,Round 10,2011-05-29 16:40:00,Sunday,Western Bulldogs,Hawthorn,62,91,Hawthorn,29,30747,Docklands,False
2011_Round_11_Essendon_vs_Melbourne,2011,Round 11,2011-06-03 19:40:00,Friday,Essendon,Melbourne,68,101,Melbourne,33,53077,M.C.G.,False
2011_Round_11_West_Coast_vs_Gold_Coast,2011,Round 11,2011-06-04 13:10:00,Saturday,West Coast,Gold Coast,85,67,West Coast,18,36815,Subiaco,False
2011_Round_11_Geelong_vs_Western_Bulldogs,2011,Round 11,2011-06-04 14:10:00,Saturday,Geelong,Western Bulldogs,148,87,Geelong,61,25078,Kardinia Park,False
2011_Round_11_Collingwood_vs_St_Kilda,2011,Round 11,2011-06-04 19:10:00,Saturday,Collingwood,St Kilda,108,51,Collingwood,57,62991,M.C.G.,False
2011_Round_11_Brisbane_Lions_vs_Sydney,2011,Round 11,2011-06-04 19:40:00,Saturday,Brisbane Lions,Sydney,51,116,Sydney,65,22150,Gabba,False
2011_Round_11_Hawthorn_vs_Fremantle,2011,Round 11,2011-06-05 13:10:00,Sunday,Hawthorn,Fremantle,111,89,Hawthorn,22,31925,M.C.G.,False
2011_Round_11_North_Melbourne_vs_Adelaide,2011,Round 11,2011-06-05 14:10:00,Sunday,North Melbourne,Adelaide,115,68,North Melbourne,47,18185,Docklands,False
2011_Round_11_Port_Adelaide_vs_Carlton,2011,Round 11,2011-06-05 16:10:00,Sunday,Port Adelaide,Carlton,49,111,Carlton,62,23192,Football Park,False
2011_Round_12_St_Kilda_vs_Western_Bulldogs,2011,Round 12,2011-06-10 19:40:00,Friday,St Kilda,Western Bulldogs,81,57,St Kilda,24,31237,Docklands,False
2011_Round_12_Adelaide_vs_West_Coast,2011,Round 12,2011-06-11 14:10:00,Saturday,Adelaide,West Coast,67,106,West Coast,39,31412,Football Park,False
2011_Round_12_Geelong_vs_Hawthorn,2011,Round 12,2011-06-11 19:10:00,Saturday,Geelong,Hawthorn,88,83,Geelong,5,63476,M.C.G.,False
2011_Round_12_Gold_Coast_vs_North_Melbourne,2011,Round 12,2011-06-11 19:10:00,Saturday,Gold Coast,North Melbourne,63,122,North Melbourne,59,14945,Carrara,False
2011_Round_12_Carlton_vs_Brisbane_Lions,2011,Round 12,2011-06-12 13:10:00,Sunday,Carlton,Brisbane Lions,124,63,Carlton,61,43617,Docklands,False
2011_Round_12_Sydney_vs_Richmond,2011,Round 12,2011-06-12 14:10:00,Sunday,Sydney,Richmond,75,65,Sydney,10,23782,S.C.G.,False
2011_Round_12_Fremantle_vs_Essendon,2011,Round 12,2011-06-12 14:40:00,Sunday,Fremantle,Essendon,98,64,Fremantle,34,35824,Subiaco,False
2011_Round_12_Melbourne_vs_Collingwood,2011,Round 12,2011-06-13 14:10:00,Monday,Melbourne,Collingwood,41,129,Collingwood,88,75998,M.C.G.,False
2011_Round_13_Western_Bulldogs_vs_Adelaide,2011,Round 13,2011-06-17 19:40:00,Friday,Western Bulldogs,Adelaide,100,70,Western Bulldogs,30,19363,Docklands,False
2011_Round_13_Essendon_vs_North_Melbourne,2011,Round 13,2011-06-18 14:10:00,Saturday,Essendon,North Melbourne,90,111,North Melbourne,21,42329,Docklands,False
2011_Round_13_Hawthorn_vs_Gold_Coast,2011,Round 13,2011-06-18 14:10:00,Saturday,Hawthorn,Gold Coast,129,58,Hawthorn,71,16377,York Park,False
2011_Round_13_Brisbane_Lions_vs_Richmond,2011,Round 13,2011-06-18 19:10:00,Saturday,Brisbane Lions,Richmond,94,125,Richmond,31,21510,Gabba,False
2011_Round_13_St_Kilda_vs_Geelong,2011,Round 13,2011-06-18 19:10:00,Saturday,St Kilda,Geelong,72,100,Geelong,28,39539,M.C.G.,False
2011_Round_13_Melbourne_vs_Fremantle,2011,Round 13,2011-06-19 13:10:00,Sunday,Melbourne,Fremantle,149,60,Melbourne,89,19092,M.C.G.,False
2011_Round_13_Carlton_vs_Sydney,2011,Round 13,2011-06-19 14:10:00,Sunday,Carlton,Sydney,100,66,Carlton,34,42788,Docklands,False
2011_Round_13_West_Coast_vs_Port_Adelaide,2011,Round 13,2011-06-19 14:40:00,Sunday,West Coast,Port Adelaide,110,88,West Coast,22,35059,Subiaco,False
2011_Round_14_Hawthorn_vs_Essendon,2011,Round 14,2011-06-24 19:40:00,Friday,Hawthorn,Essendon,146,81,Hawthorn,65,64537,M.C.G.,False
2011_Round_14_Gold_Coast_vs_Western_Bulldogs,2011,Round 14,2011-06-25 14:10:00,Saturday,Gold Coast,Western Bulldogs,88,110,Western Bulldogs,22,16149,Carrara,False
2011_Round_14_Richmond_vs_Melbourne,2011,Round 14,2011-06-25 14:10:00,Saturday,Richmond,Melbourne,91,118,Melbourne,27,61900,M.C.G.,False
2011_Round_14_Fremantle_vs_Brisbane_Lions,2011,Round 14,2011-06-25 17:40:00,Saturday,Fremantle,Brisbane Lions,88,65,Fremantle,23,30330,Subiaco,False
2011_Round_14_Sydney_vs_Collingwood,2011,Round 14,2011-06-25 19:10:00,Saturday,Sydney,Collingwood,93,99,Collingwood,6,38053,Stadium Australia,False
2011_Round_14_Geelong_vs_Adelaide,2011,Round 14,2011-06-26 13:10:00,Sunday,Geelong,Adelaide,125,73,Geelong,52,23246,Kardinia Park,False
2011_Round_14_Carlton_vs_West_Coast,2011,Round 14,2011-06-26 14:10:00,Sunday,Carlton,West Coast,67,103,West Coast,36,38241,Docklands,False
2011_Round_14_Port_Adelaide_vs_North_Melbourne,2011,Round 14,2011-06-26 16:10:00,Sunday,Port Adelaide,North Melbourne,91,136,North Melbourne,45,17275,Football Park,False
2011_Round_15_Western_Bulldogs_vs_Melbourne,2011,Round 15,2011-07-01 19:40:00,Friday,Western Bulldogs,Melbourne,127,63,Western Bulldogs,64,29516,Docklands,False
2011_Round_15_Fremantle_vs_Gold_Coast,2011,Round 15,2011-07-02 13:10:00,Saturday,Fremantle,Gold Coast,112,62,Fremantle,50,28646,Subiaco,False
2011_Round_15_Richmond_vs_Carlton,2011,Round 15,2011-07-02 14:10:00,Saturday,Richmond,Carlton,81,184,Carlton,103,59650,M.C.G.,False
2011_Round_15_Adelaide_vs_Sydney,2011,Round 15,2011-07-02 19:10:00,Saturday,Adelaide,Sydney,57,50,Adelaide,7,23063,Football Park,False
2011_Round_15_Essendon_vs_Geelong,2011,Round 15,2011-07-02 19:10:00,Saturday,Essendon,Geelong,115,111,Essendon,4,43806,Docklands,False
2011_Round_15_Brisbane_Lions_vs_Port_Adelaide,2011,Round 15,2011-07-03 13:10:00,Sunday,Brisbane Lions,Port Adelaide,99,88,Brisbane Lions,11,17276,Gabba,False
2011_Round_15_Collingwood_vs_Hawthorn,2011,Round 15,2011-07-03 14:10:00,Sunday,Collingwood,Hawthorn,106,65,Collingwood,41,83985,M.C.G.,False
2011_Round_15_North_Melbourne_vs_St_Kilda,2011,Round 15,2011-07-03 16:40:00,Sunday,North Melbourne,St Kilda,70,79,St Kilda,9,29693,Docklands,False
2011_Round_16_West_Coast_vs_Geelong,2011,Round 16,2011-07-08 18:40:00,Friday,West Coast,Geelong,96,88,West Coast,8,40164,Subiaco,False
2011_Round_16_Hawthorn_vs_Brisbane_Lions,2011,Round 16,2011-07-09 14:10:00,Saturday,Hawthorn,Brisbane Lions,105,63,Hawthorn,42,14604,York Park,False
2011_Round_16_Essendon_vs_Richmond,2011,Round 16,2011-07-09 19:10:00,Saturday,Essendon,Richmond,105,66,Essendon,39,55442,M.C.G.,False
2011_Round_16_Gold_Coast_vs_Sydney,2011,Round 16,2011-07-09 19:10:00,Saturday,Gold Coast,Sydney,36,106,Sydney,70,16488,Carrara,False
2011_Round_16_Collingwood_vs_North_Melbourne,2011,Round 16,2011-07-10 13:10:00,Sunday,Collingwood,North Melbourne,147,30,Collingwood,117,53601,M.C.G.,False
2011_Round_16_Port_Adelaide_vs_St_Kilda,2011,Round 16,2011-07-10 14:40:00,Sunday,Port Adelaide,St Kilda,53,109,St Kilda,56,16887,Football Park,False
2011_Round_16_Western_Bulldogs_vs_Carlton,2011,Round 16,2011-07-10 16:40:00,Sunday,Western Bulldogs,Carlton,96,69,Western Bulldogs,27,38582,Docklands,False
2011_Round_17_Adelaide_vs_Essendon,2011,Round 17,2011-07-15 20:10:00,Friday,Adelaide,Essendon,73,84,Essendon,11,38118,Football Park,False
2011_Round_17_Carlton_vs_Collingwood,2011,Round 17,2011-07-16 14:10:00,Saturday,Carlton,Collingwood,79,98,Collingwood,19,85936,M.C.G.,False
2011_Round_17_Richmond_vs_Gold_Coast,2011,Round 17,2011-07-16 14:10:00,Saturday,Richmond,Gold Coast,70,85,Gold Coast,15,10832,Cazaly's Stadium,False
2011_Round_17_St_Kilda_vs_West_Coast,2011,Round 17,2011-07-16 19:10:00,Saturday,St Kilda,West Coast,82,61,St Kilda,21,31416,Docklands,False
2011_Round_17_Melbourne_vs_Port_Adelaide,2011,Round 17,2011-07-16 20:10:00,Saturday,Melbourne,Port Adelaide,113,92,Melbourne,21,7255,Marrara Oval,False
2011_Round_17_Sydney_vs_Fremantle,2011,Round 17,2011-07-17 13:10:00,Sunday,Sydney,Fremantle,87,98,Fremantle,11,23415,S.C.G.,False
2011_Round_17_Brisbane_Lions_vs_Geelong,2011,Round 17,2011-07-17 14:10:00,Sunday,Brisbane Lions,Geelong,104,133,Geelong,29,19906,Gabba,False
2011_Round_17_North_Melbourne_vs_Western_Bulldogs,2011,Round 17,2011-07-17 16:40:00,Sunday,North Melbourne,Western Bulldogs,142,111,North Melbourne,31,22754,Docklands,False
2011_Round_18_St_Kilda_vs_Adelaide,2011,Round 18,2011-07-22 19:40:00,Friday,St Kilda,Adelaide,127,24,St Kilda,103,26546,Docklands,False
2011_Round_18_North_Melbourne_vs_Brisbane_Lions,2011,Round 18,2011-07-23 14:10:00,Saturday,North Melbourne,Brisbane Lions,122,77,North Melbourne,45,20809,Docklands,False
2011_Round_18_Sydney_vs_Western_Bulldogs,2011,Round 18,2011-07-23 14:10:00,Saturday,Sydney,Western Bulldogs,114,75,Sydney,39,19449,S.C.G.,False
2011_Round_18_Essendon_vs_Carlton,2011,Round 18,2011-07-23 19:10:00,Saturday,Essendon,Carlton,79,153,Carlton,74,74123,M.C.G.,False
2011_Round_18_Gold_Coast_vs_Collingwood,2011,Round 18,2011-07-23 19:10:00,Saturday,Gold Coast,Collingwood,75,129,Collingwood,54,23302,Carrara,False
2011_Round_18_Geelong_vs_Richmond,2011,Round 18,2011-07-24 13:10:00,Sunday,Geelong,Richmond,113,51,Geelong,62,33761,Docklands,False
2011_Round_18_Melbourne_vs_Hawthorn,2011,Round 18,2011-07-24 14:10:00,Sunday,Melbourne,Hawthorn,78,132,Hawthorn,54,39782,M.C.G.,False
2011_Round_18_Fremantle_vs_West_Coast,2011,Round 18,2011-07-24 14:40:00,Sunday,Fremantle,West Coast,64,65,West Coast,1,41055,Subiaco,False
2011_Round_19_North_Melbourne_vs_Carlton,2011,Round 19,2011-07-29 19:40:00,Friday,North Melbourne,Carlton,62,80,Carlton,18,41332,Docklands,False
2011_Round_19_Geelong_vs_Melbourne,2011,Round 19,2011-07-30 14:10:00,Saturday,Geelong,Melbourne,233,47,Geelong,186,22716,Kardinia Park,False
2011_Round_19_Western_Bulldogs_vs_West_Coast,2011,Round 19,2011-07-30 14:10:00,Saturday,Western Bulldogs,West Coast,95,103,West Coast,8,20883,Docklands,False
2011_Round_19_Fremantle_vs_Hawthorn,2011,Round 19,2011-07-30 17:40:00,Saturday,Fremantle,Hawthorn,44,95,Hawthorn,51,30937,Subiaco,False
2011_Round_19_Gold_Coast_vs_St_Kilda,2011,Round 19,2011-07-30 19:10:00,Saturday,Gold Coast,St Kilda,54,74,St Kilda,20,17482,Carrara,False
2011_Round_19_Collingwood_vs_Essendon,2011,Round 19,2011-07-31 14:10:00,Sunday,Collingwood,Essendon,166,92,Collingwood,74,73163,M.C.G.,False
2011_Round_19_Adelaide_vs_Port_Adelaide,2011,Round 19,2011-07-31 16:10:00,Sunday,Adelaide,Port Adelaide,111,79,Adelaide,32,40586,Football Park,False
2011_Round_20_St_Kilda_vs_Fremantle,2011,Round 20,2011-08-05 19:40:00,Friday,St Kilda,Fremantle,113,72,St Kilda,41,26181,Docklands,False
2011_Round_20_Geelong_vs_Gold_Coast,2011,Round 20,2011-08-06 13:40:00,Saturday,Geelong,Gold Coast,188,38,Geelong,150,24588,Kardinia Park,False
2011_Round_20_Carlton_vs_Melbourne,2011,Round 20,2011-08-06 14:10:00,Saturday,Carlton,Melbourne,134,58,Carlton,76,42342,M.C.G.,False
2011_Round_20_Port_Adelaide_vs_Collingwood,2011,Round 20,2011-08-06 19:10:00,Saturday,Port Adelaide,Collingwood,21,159,Collingwood,138,21863,Football Park,False
2011_Round_20_Essendon_vs_Sydney,2011,Round 20,2011-08-06 19:20:00,Saturday,Essendon,Sydney,100,99,Essendon,1,38722,Docklands,False
2011_Round_20_Brisbane_Lions_vs_Adelaide,2011,Round 20,2011-08-07 13:10:00,Sunday,Brisbane Lions,Adelaide,105,110,Adelaide,5,17930,Gabba,False
2011_Round_20_Hawthorn_vs_North_Melbourne,2011,Round 20,2011-08-07 14:10:00,Sunday,Hawthorn,North Melbourne,103,86,Hawthorn,17,16820,York Park,False
2011_Round_20_West_Coast_vs_Richmond,2011,Round 20,2011-08-07 14:40:00,Sunday,West Coast,Richmond,147,90,West Coast,57,38106,Subiaco,False
2011_Round_21_St_Kilda_vs_Collingwood,2011,Round 21,2011-08-12 19:40:00,Friday,St Kilda,Collingwood,70,89,Collingwood,19,46505,Docklands,False
2011_Round_21_Fremantle_vs_Carlton,2011,Round 21,2011-08-13 13:10:00,Saturday,Fremantle,Carlton,85,115,Carlton,30,34737,Subiaco,False
2011_Round_21_Hawthorn_vs_Port_Adelaide,2011,Round 21,2011-08-13 14:10:00,Saturday,Hawthorn,Port Adelaide,197,32,Hawthorn,165,27532,M.C.G.,False
2011_Round_21_Brisbane_Lions_vs_Gold_Coast,2011,Round 21,2011-08-13 19:10:00,Saturday,Brisbane Lions,Gold Coast,123,61,Brisbane Lions,62,23565,Gabba,False
2011_Round_21_Western_Bulldogs_vs_Essendon,2011,Round 21,2011-08-13 19:10:00,Saturday,Western Bulldogs,Essendon,101,150,Essendon,49,38986,Docklands,False
2011_Round_21_Melbourne_vs_West_Coast,2011,Round 21,2011-08-14 13:10:00,Sunday,Melbourne,West Coast,62,110,West Coast,48,15740,Docklands,False
2011_Round_21_Richmond_vs_Sydney,2011,Round 21,2011-08-14 14:10:00,Sunday,Richmond,Sydney,99,56,Richmond,43,34337,M.C.G.,False
2011_Round_21_Adelaide_vs_Geelong,2011,Round 21,2011-08-14 16:10:00,Sunday,Adelaide,Geelong,85,96,Geelong,11,33576,Football Park,False
2011_Round_22_Carlton_vs_Hawthorn,2011,Round 22,2011-08-19 19:40:00,Friday,Carlton,Hawthorn,66,78,Hawthorn,12,52052,Docklands,False
2011_Round_22_West_Coast_vs_Essendon,2011,Round 22,2011-08-20 13:10:00,Saturday,West Coast,Essendon,134,77,West Coast,57,38253,Subiaco,False
2011_Round_22_Gold_Coast_vs_Adelaide,2011,Round 22,2011-08-20 14:10:00,Saturday,Gold Coast,Adelaide,64,125,Adelaide,61,16168,Carrara,False
2011_Round_22_Collingwood_vs_Brisbane_Lions,2011,Round 22,2011-08-20 19:10:00,Saturday,Collingwood,Brisbane Lions,102,84,Collingwood,18,47788,M.C.G.,False
2011_Round_22_North_Melbourne_vs_Fremantle,2011,Round 22,2011-08-20 19:10:00,Saturday,North Melbourne,Fremantle,143,45,North Melbourne,98,17581,Docklands,False
2011_Round_22_Sydney_vs_St_Kilda,2011,Round 22,2011-08-21 13:10:00,Sunday,Sydney,St Kilda,83,68,Sydney,15,25025,Stadium Australia,False
2011_Round_22_Port_Adelaide_vs_Western_Bulldogs,2011,Round 22,2011-08-21 14:40:00,Sunday,Port Adelaide,Western Bulldogs,97,157,Western Bulldogs,60,14169,Football Park,False
2011_Round_22_Melbourne_vs_Richmond,2011,Round 22,2011-08-21 16:40:00,Sunday,Melbourne,Richmond,110,117,Richmond,7,36321,M.C.G.,False
2011_Round_23_Fremantle_vs_Collingwood,2011,Round 23,2011-08-26 18:40:00,Friday,Fremantle,Collingwood,52,132,Collingwood,80,31985,Subiaco,False
2011_Round_23_Geelong_vs_Sydney,2011,Round 23,2011-08-27 14:10:00,Saturday,Geelong,Sydney,86,99,Sydney,13,25900,Kardinia Park,False
2011_Round_23_Hawthorn_vs_Western_Bulldogs,2011,Round 23,2011-08-27 14:10:00,Saturday,Hawthorn,Western Bulldogs,113,67,Hawthorn,46,42198,M.C.G.,False
2011_Round_23_Brisbane_Lions_vs_West_Coast,2011,Round 23,2011-08-27 19:10:00,Saturday,Brisbane Lions,West Coast,81,89,West Coast,8,13500,Gabba,False
2011_Round_23_St_Kilda_vs_North_Melbourne,2011,Round 23,2011-08-27 19:10:00,Saturday,St Kilda,North Melbourne,135,70,St Kilda,65,35848,Docklands,False
2011_Round_23_Adelaide_vs_Richmond,2011,Round 23,2011-08-28 12:40:00,Sunday,Adelaide,Richmond,99,121,Richmond,22,38023,Football Park,False
2011_Round_23_Melbourne_vs_Gold_Coast,2011,Round 23,2011-08-28 14:10:00,Sunday,Melbourne,Gold Coast,112,82,Melbourne,30,21534,M.C.G.,False
2011_Round_23_Essendon_vs_Port_Adelaide,2011,Round 23,2011-08-28 16:40:00,Sunday,Essendon,Port Adelaide,120,113,Essendon,7,34849,Docklands,False
2011_Round_24_Collingwood_vs_Geelong,2011,Round 24,2011-09-02 19:40:00,Friday,Collingwood,Geelong,53,149,Geelong,96,85705,M.C.G.,False
2011_Round_24_Gold_Coast_vs_Hawthorn,2011,Round 24,2011-09-03 13:10:00,Saturday,Gold Coast,Hawthorn,97,106,Hawthorn,9,19314,Carrara,False
2011_Round_24_Western_Bulldogs_vs_Fremantle,2011,Round 24,2011-09-03 14:10:00,Saturday,Western Bulldogs,Fremantle,107,61,Western Bulldogs,46,18128,Docklands,False
2011_Round_24_Sydney_vs_Brisbane_Lions,2011,Round 24,2011-09-03 16:10:00,Saturday,Sydney,Brisbane Lions,119,67,Sydney,52,27721,S.C.G.,False
2011_Round_24_West_Coast_vs_Adelaide,2011,Round 24,2011-09-03 17:10:00,Saturday,West Coast,Adelaide,145,50,West Coast,95,36062,Subiaco,False
2011_Round_24_Carlton_vs_St_Kilda,2011,Round 24,2011-09-03 19:10:00,Saturday,Carlton,St Kilda,66,86,St Kilda,20,55606,M.C.G.,False
2011_Round_24_Port_Adelaide_vs_Melbourne,2011,Round 24,2011-09-04 14:40:00,Sunday,Port Adelaide,Melbourne,112,104,Port Adelaide,8,29340,Adelaide Oval,False
2011_Round_24_Richmond_vs_North_Melbourne,2011,Round 24,2011-09-04 16:40:00,Sunday,Richmond,North Melbourne,91,104,North Melbourne,13,32890,Docklands,False
2011_Qualifying_Final_Geelong_vs_Hawthorn,2011,Qualifying Final,2011-09-09 19:45:00,Friday,Geelong,Hawthorn,98,67,Geelong,31,73601,M.C.G.,True
2011_Qualifying_Final_Collingwood_vs_West_Coast,2011,Qualifying Final,2011-09-10 14:20:00,Saturday,Collingwood,West Coast,82,62,Collingwood,20,67502,M.C.G.,True
2011_Elimination_Final_St_Kilda_vs_Sydney,2011,Elimination Final,2011-09-10 19:20:00,Saturday,St Kilda,Sydney,57,82,Sydney,25,39205,Docklands,True
2011_Elimination_Final_Carlton_vs_Essendon,2011,Elimination Final,2011-09-11 14:40:00,Sunday,Carlton,Essendon,149,87,Carlton,62,90370,M.C.G.,True
2011_Semi_Final_Hawthorn_vs_Sydney,2011,Semi Final,2011-09-16 19:45:00,Friday,Hawthorn,Sydney,122,86,Hawthorn,36,55198,M.C.G.,True
2011_Semi_Final_West_Coast_vs_Carlton,2011,Semi Final,2011-09-17 17:50:00,Saturday,West Coast,Carlton,101,98,West Coast,3,42803,Subiaco,True
2011_Preliminary_Final_Collingwood_vs_Hawthorn,2011,Preliminary Final,2011-09-23 19:45:00,Friday,Collingwood,Hawthorn,68,65,Collingwood,3,87112,M.C.G.,True
2011_Preliminary_Final_Geelong_vs_West_Coast,2011,Preliminary Final,2011-09-24 14:20:00,Saturday,Geelong,West Coast,117,69,Geelong,48,59455,M.C.G.,True
2011_Grand_Final_Collingwood_vs_Geelong,2011,Grand Final,2011-10-01 14:30:00,Saturday,Collingwood,Geelong,81,119,Geelong,38,99537,M.C.G.,True
2012_Round_1_Greater_Western_Sydney_vs_Sydney,2012,Round 1,2012-03-24 19:20:00,Saturday,Greater Western Sydney,Sydney,37,100,Sydney,63,38203,Stadium Australia,False
2012_Round_1_Richmond_vs_Carlton,2012,Round 1,2012-03-29 19:45:00,Thursday,Richmond,Carlton,81,125,Carlton,44,78285,M.C.G.,False
2012_Round_1_Hawthorn_vs_Collingwood,2012,Round 1,2012-03-30 19:50:00,Friday,Hawthorn,Collingwood,137,115,Hawthorn,22,78466,M.C.G.,False
2012_Round_1_Melbourne_vs_Brisbane_Lions,2012,Round 1,2012-03-31 13:45:00,Saturday,Melbourne,Brisbane Lions,78,119,Brisbane Lions,41,33473,M.C.G.,False
2012_Round_1_Gold_Coast_vs_Adelaide,2012,Round 1,2012-03-31 15:45:00,Saturday,Gold Coast,Adelaide,68,137,Adelaide,69,12790,Carrara,False
2012_Round_1_Fremantle_vs_Geelong,2012,Round 1,2012-03-31 16:45:00,Saturday,Fremantle,Geelong,105,101,Fremantle,4,34601,Subiaco,False
2012_Round_1_North_Melbourne_vs_Essendon,2012,Round 1,2012-03-31 19:45:00,Saturday,North Melbourne,Essendon,102,104,Essendon,2,45818,Docklands,False
2012_Round_1_Western_Bulldogs_vs_West_Coast,2012,Round 1,2012-04-01 13:10:00,Sunday,Western Bulldogs,West Coast,87,136,West Coast,49,24977,Docklands,False
2012_Round_1_Port_Adelaide_vs_St_Kilda,2012,Round 1,2012-04-01 16:10:00,Sunday,Port Adelaide,St Kilda,89,85,Port Adelaide,4,21179,Football Park,False
2012_Round_2_Brisbane_Lions_vs_Carlton,2012,Round 2,2012-04-05 19:40:00,Thursday,Brisbane Lions,Carlton,63,154,Carlton,91,25913,Gabba,False
2012_Round_2_Essendon_vs_Port_Adelaide,2012,Round 2,2012-04-07 13:45:00,Saturday,Essendon,Port Adelaide,111,86,Essendon,25,34118,Docklands,False
2012_Round_2_Sydney_vs_Fremantle,2012,Round 2,2012-04-07 14:10:00,Saturday,Sydney,Fremantle,94,81,Sydney,13,22242,S.C.G.,False
2012_Round_2_West_Coast_vs_Melbourne,2012,Round 2,2012-04-07 14:40:00,Saturday,West Coast,Melbourne,166,58,West Coast,108,35674,Subiaco,False
2012_Round_2_Adelaide_vs_Western_Bulldogs,2012,Round 2,2012-04-07 19:10:00,Saturday,Adelaide,Western Bulldogs,82,64,Adelaide,18,34021,Football Park,False
2012_Round_2_Collingwood_vs_Richmond,2012,Round 2,2012-04-07 19:40:00,Saturday,Collingwood,Richmond,85,64,Collingwood,21,57268,M.C.G.,False
2012_Round_2_North_Melbourne_vs_Greater_Western_Sydney,2012,Round 2,2012-04-08 13:10:00,Sunday,North Melbourne,Greater Western Sydney,183,54,North Melbourne,129,11127,Bellerive Oval,False
2012_Round_2_St_Kilda_vs_Gold_Coast,2012,Round 2,2012-04-08 16:40:00,Sunday,St Kilda,Gold Coast,139,47,St Kilda,92,21078,Docklands,False
2012_Round_2_Geelong_vs_Hawthorn,2012,Round 2,2012-04-09 15:10:00,Monday,Geelong,Hawthorn,92,90,Geelong,2,69231,M.C.G.,False
2012_Round_3_Carlton_vs_Collingwood,2012,Round 3,2012-04-13 19:50:00,Friday,Carlton,Collingwood,122,62,Carlton,60,84259,M.C.G.,False
2012_Round_3_Port_Adelaide_vs_Sydney,2012,Round 3,2012-04-14 13:40:00,Saturday,Port Adelaide,Sydney,83,105,Sydney,22,19032,Football Park,False
2012_Round_3_Richmond_vs_Melbourne,2012,Round 3,2012-04-14 13:45:00,Saturday,Richmond,Melbourne,133,74,Richmond,59,49826,M.C.G.,False
2012_Round_3_Fremantle_vs_Brisbane_Lions,2012,Round 3,2012-04-14 14:40:00,Saturday,Fremantle,Brisbane Lions,64,35,Fremantle,29,33473,Subiaco,False
2012_Round_3_Gold_Coast_vs_Essendon,2012,Round 3,2012-04-14 19:40:00,Saturday,Gold Coast,Essendon,88,105,Essendon,17,17069,Carrara,False
2012_Round_3_Western_Bulldogs_vs_St_Kilda,2012,Round 3,2012-04-14 19:40:00,Saturday,Western Bulldogs,St Kilda,40,103,St Kilda,63,28971,Docklands,False
2012_Round_3_Greater_Western_Sydney_vs_West_Coast,2012,Round 3,2012-04-15 13:10:00,Sunday,Greater Western Sydney,West Coast,69,150,West Coast,81,6875,Blacktown,False
2012_Round_3_Hawthorn_vs_Adelaide,2012,Round 3,2012-04-15 15:15:00,Sunday,Hawthorn,Adelaide,140,84,Hawthorn,56,33524,M.C.G.,False
2012_Round_3_North_Melbourne_vs_Geelong,2012,Round 3,2012-04-15 16:40:00,Sunday,North Melbourne,Geelong,131,114,North Melbourne,17,29630,Docklands,False
2012_Round_4_St_Kilda_vs_Fremantle,2012,Round 4,2012-04-20 19:50:00,Friday,St Kilda,Fremantle,79,92,Fremantle,13,30172,Docklands,False
2012_Round_4_Carlton_vs_Essendon,2012,Round 4,2012-04-21 13:45:00,Saturday,Carlton,Essendon,79,109,Essendon,30,73172,M.C.G.,False
2012_Round_4_Collingwood_vs_Port_Adelaide,2012,Round 4,2012-04-21 14:10:00,Saturday,Collingwood,Port Adelaide,97,73,Collingwood,24,30741,Docklands,False
2012_Round_4_Adelaide_vs_Greater_Western_Sydney,2012,Round 4,2012-04-21 16:10:00,Saturday,Adelaide,Greater Western Sydney,96,50,Adelaide,46,28261,Football Park,False
2012_Round_4_West_Coast_vs_Hawthorn,2012,Round 4,2012-04-21 17:40:00,Saturday,West Coast,Hawthorn,51,46,West Coast,5,40080,Subiaco,False
2012_Round_4_Brisbane_Lions_vs_Gold_Coast,2012,Round 4,2012-04-21 19:40:00,Saturday,Brisbane Lions,Gold Coast,111,46,Brisbane Lions,65,21980,Gabba,False
2012_Round_4_Geelong_vs_Richmond,2012,Round 4,2012-04-22 13:10:00,Sunday,Geelong,Richmond,75,65,Geelong,10,21952,Kardinia Park,False
2012_Round_4_Sydney_vs_North_Melbourne,2012,Round 4,2012-04-22 15:15:00,Sunday,Sydney,North Melbourne,113,77,Sydney,36,21049,S.C.G.,False
2012_Round_4_Melbourne_vs_Western_Bulldogs,2012,Round 4,2012-04-22 16:40:00,Sunday,Melbourne,Western Bulldogs,67,88,Western Bulldogs,21,33565,M.C.G.,False
2012_Round_5_Collingwood_vs_Essendon,2012,Round 5,2012-04-25 14:40:00,Wednesday,Collingwood,Essendon,80,79,Collingwood,1,86932,M.C.G.,False
2012_Round_5_Fremantle_vs_Carlton,2012,Round 5,2012-04-27 18:45:00,Friday,Fremantle,Carlton,57,65,Carlton,8,38847,Subiaco,False
2012_Round_5_Greater_Western_Sydney_vs_Western_Bulldogs,2012,Round 5,2012-04-28 13:45:00,Saturday,Greater Western Sydney,Western Bulldogs,62,104,Western Bulldogs,42,9128,Manuka Oval,False
2012_Round_5_North_Melbourne_vs_Gold_Coast,2012,Round 5,2012-04-28 16:40:00,Saturday,North Melbourne,Gold Coast,127,93,North Melbourne,34,17680,Docklands,False
2012_Round_5_Melbourne_vs_St_Kilda,2012,Round 5,2012-04-28 19:40:00,Saturday,Melbourne,St Kilda,66,84,St Kilda,18,24877,M.C.G.,False
2012_Round_5_Brisbane_Lions_vs_Geelong,2012,Round 5,2012-04-28 19:45:00,Saturday,Brisbane Lions,Geelong,41,79,Geelong,38,15534,Gabba,False
2012_Round_5_Hawthorn_vs_Sydney,2012,Round 5,2012-04-29 13:10:00,Sunday,Hawthorn,Sydney,69,106,Sydney,37,19217,York Park,False
2012_Round_5_Richmond_vs_West_Coast,2012,Round 5,2012-04-29 15:15:00,Sunday,Richmond,West Coast,97,107,West Coast,10,28464,Docklands,False
2012_Round_5_Adelaide_vs_Port_Adelaide,2012,Round 5,2012-04-29 16:10:00,Sunday,Adelaide,Port Adelaide,110,91,Adelaide,19,41649,Football Park,False
2012_Round_6_Western_Bulldogs_vs_Collingwood,2012,Round 6,2012-05-04 19:50:00,Friday,Western Bulldogs,Collingwood,77,98,Collingwood,21,38155,Docklands,False
2012_Round_6_Essendon_vs_Brisbane_Lions,2012,Round 6,2012-05-05 13:40:00,Saturday,Essendon,Brisbane Lions,129,62,Essendon,67,36361,Docklands,False
2012_Round_6_Geelong_vs_Melbourne,2012,Round 6,2012-05-05 13:45:00,Saturday,Geelong,Melbourne,119,76,Geelong,43,18010,Kardinia Park,False
2012_Round_6_Gold_Coast_vs_Fremantle,2012,Round 6,2012-05-05 16:40:00,Saturday,Gold Coast,Fremantle,87,94,Fremantle,7,11670,Carrara,False
2012_Round_6_St_Kilda_vs_Hawthorn,2012,Round 6,2012-05-05 19:40:00,Saturday,St Kilda,Hawthorn,88,123,Hawthorn,35,42290,M.C.G.,False
2012_Round_6_Sydney_vs_Adelaide,2012,Round 6,2012-05-05 19:40:00,Saturday,Sydney,Adelaide,94,99,Adelaide,5,23969,S.C.G.,False
2012_Round_6_Carlton_vs_Greater_Western_Sydney,2012,Round 6,2012-05-06 13:10:00,Sunday,Carlton,Greater Western Sydney,110,43,Carlton,67,28213,Docklands,False
2012_Round_6_West_Coast_vs_North_Melbourne,2012,Round 6,2012-05-06 14:40:00,Sunday,West Coast,North Melbourne,120,95,West Coast,25,37202,Subiaco,False
2012_Round_6_Port_Adelaide_vs_Richmond,2012,Round 6,2012-05-06 14:45:00,Sunday,Port Adelaide,Richmond,54,91,Richmond,37,18522,Football Park,False
2012_Round_7_Melbourne_vs_Hawthorn,2012,Round 7,2012-05-11 19:50:00,Friday,Melbourne,Hawthorn,49,115,Hawthorn,66,36430,M.C.G.,False
2012_Round_7_Adelaide_vs_Geelong,2012,Round 7,2012-05-12 12:45:00,Saturday,Adelaide,Geelong,122,72,Adelaide,50,35535,Football Park,False
2012_Round_7_Greater_Western_Sydney_vs_Gold_Coast,2012,Round 7,2012-05-12 13:40:00,Saturday,Greater Western Sydney,Gold Coast,94,67,Greater Western Sydney,27,8603,Manuka Oval,False
2012_Round_7_Richmond_vs_Sydney,2012,Round 7,2012-05-12 16:40:00,Saturday,Richmond,Sydney,91,62,Richmond,29,40352,M.C.G.,False
2012_Round_7_Brisbane_Lions_vs_Collingwood,2012,Round 7,2012-05-12 19:40:00,Saturday,Brisbane Lions,Collingwood,58,116,Collingwood,58,27926,Gabba,False
2012_Round_7_Essendon_vs_West_Coast,2012,Round 7,2012-05-12 19:40:00,Saturday,Essendon,West Coast,113,52,Essendon,61,43260,Docklands,False
2012_Round_7_North_Melbourne_vs_Western_Bulldogs,2012,Round 7,2012-05-13 13:10:00,Sunday,North Melbourne,Western Bulldogs,83,101,Western Bulldogs,18,20885,Docklands,False
2012_Round_7_Fremantle_vs_Port_Adelaide,2012,Round 7,2012-05-13 14:40:00,Sunday,Fremantle,Port Adelaide,87,47,Fremantle,40,30079,Subiaco,False
2012_Round_7_St_Kilda_vs_Carlton,2012,Round 7,2012-05-14 19:40:00,Monday,St Kilda,Carlton,122,98,St Kilda,24,38823,Docklands,False
2012_Round_8_Collingwood_vs_Geelong,2012,Round 8,2012-05-18 19:50:00,Friday,Collingwood,Geelong,96,84,Collingwood,12,75650,M.C.G.,False
2012_Round_8_Port_Adelaide_vs_North_Melbourne,2012,Round 8,2012-05-19 13:15:00,Saturday,Port Adelaide,North Melbourne,95,93,Port Adelaide,2,14508,Football Park,False
2012_Round_8_Hawthorn_vs_Fremantle,2012,Round 8,2012-05-19 14:10:00,Saturday,Hawthorn,Fremantle,119,63,Hawthorn,56,12959,York Park,False
2012_Round_8_Sydney_vs_Melbourne,2012,Round 8,2012-05-19 16:40:00,Saturday,Sydney,Melbourne,138,37,Sydney,101,20818,S.C.G.,False
2012_Round_8_Western_Bulldogs_vs_Gold_Coast,2012,Round 8,2012-05-19 19:10:00,Saturday,Western Bulldogs,Gold Coast,72,34,Western Bulldogs,38,8724,Marrara Oval,False
2012_Round_8_Essendon_vs_Richmond,2012,Round 8,2012-05-19 19:50:00,Saturday,Essendon,Richmond,128,109,Essendon,19,80900,M.C.G.,False
2012_Round_8_Brisbane_Lions_vs_Greater_Western_Sydney,2012,Round 8,2012-05-20 13:10:00,Sunday,Brisbane Lions,Greater Western Sydney,132,40,Brisbane Lions,92,16049,Gabba,False
2012_Round_8_West_Coast_vs_St_Kilda,2012,Round 8,2012-05-20 14:40:00,Sunday,West Coast,St Kilda,121,91,West Coast,30,38174,Subiaco,False
2012_Round_8_Carlton_vs_Adelaide,2012,Round 8,2012-05-20 15:15:00,Sunday,Carlton,Adelaide,55,124,Adelaide,69,35917,Docklands,False
2012_Round_9_Western_Bulldogs_vs_Geelong,2012,Round 9,2012-05-25 19:50:00,Friday,Western Bulldogs,Geelong,75,95,Geelong,20,29118,Docklands,False
2012_Round_9_Richmond_vs_Hawthorn,2012,Round 9,2012-05-26 13:45:00,Saturday,Richmond,Hawthorn,137,75,Richmond,62,51617,M.C.G.,False
2012_Round_9_Gold_Coast_vs_Port_Adelaide,2012,Round 9,2012-05-26 14:10:00,Saturday,Gold Coast,Port Adelaide,70,118,Port Adelaide,48,12416,Carrara,False
2012_Round_9_St_Kilda_vs_Sydney,2012,Round 9,2012-05-26 16:40:00,Saturday,St Kilda,Sydney,111,83,St Kilda,28,34737,Docklands,False
2012_Round_9_Adelaide_vs_Collingwood,2012,Round 9,2012-05-26 19:10:00,Saturday,Adelaide,Collingwood,49,75,Collingwood,26,44238,Football Park,False
2012_Round_9_Greater_Western_Sydney_vs_Essendon,2012,Round 9,2012-05-26 19:40:00,Saturday,Greater Western Sydney,Essendon,53,119,Essendon,66,11887,Sydney Showground,False
2012_Round_9_North_Melbourne_vs_Brisbane_Lions,2012,Round 9,2012-05-27 13:10:00,Sunday,North Melbourne,Brisbane Lions,112,96,North Melbourne,16,19988,Docklands,False
2012_Round_9_West_Coast_vs_Fremantle,2012,Round 9,2012-05-27 14:40:00,Sunday,West Coast,Fremantle,84,36,West Coast,48,40905,Subiaco,False
2012_Round_9_Carlton_vs_Melbourne,2012,Round 9,2012-05-27 15:15:00,Sunday,Carlton,Melbourne,107,49,Carlton,58,28371,M.C.G.,False
2012_Round_10_St_Kilda_vs_Richmond,2012,Round 10,2012-06-01 19:50:00,Friday,St Kilda,Richmond,113,121,Richmond,8,49337,Docklands,False
2012_Round_10_Geelong_vs_Greater_Western_Sydney,2012,Round 10,2012-06-02 13:45:00,Saturday,Geelong,Greater Western Sydney,126,61,Geelong,65,17243,Kardinia Park,False
2012_Round_10_Hawthorn_vs_North_Melbourne,2012,Round 10,2012-06-02 14:10:00,Saturday,Hawthorn,North Melbourne,174,59,Hawthorn,115,16143,York Park,False
2012_Round_10_Fremantle_vs_Adelaide,2012,Round 10,2012-06-02 14:40:00,Saturday,Fremantle,Adelaide,82,111,Adelaide,29,31392,Subiaco,False
2012_Round_10_Port_Adelaide_vs_Carlton,2012,Round 10,2012-06-02 19:10:00,Saturday,Port Adelaide,Carlton,99,45,Port Adelaide,54,24746,Football Park,False
2012_Round_10_Essendon_vs_Melbourne,2012,Round 10,2012-06-02 19:40:00,Saturday,Essendon,Melbourne,52,58,Melbourne,6,42987,M.C.G.,False
2012_Round_10_Brisbane_Lions_vs_West_Coast,2012,Round 10,2012-06-03 13:10:00,Sunday,Brisbane Lions,West Coast,102,100,Brisbane Lions,2,15546,Gabba,False
2012_Round_10_Sydney_vs_Western_Bulldogs,2012,Round 10,2012-06-03 15:15:00,Sunday,Sydney,Western Bulldogs,132,40,Sydney,92,13505,S.C.G.,False
2012_Round_10_Collingwood_vs_Gold_Coast,2012,Round 10,2012-06-03 16:40:00,Sunday,Collingwood,Gold Coast,149,52,Collingwood,97,36913,M.C.G.,False
2012_Round_11_Carlton_vs_Geelong,2012,Round 11,2012-06-08 19:50:00,Friday,Carlton,Geelong,85,97,Geelong,12,47632,Docklands,False
2012_Round_11_Richmond_vs_Fremantle,2012,Round 11,2012-06-09 13:40:00,Saturday,Richmond,Fremantle,66,78,Fremantle,12,43801,M.C.G.,False
2012_Round_11_Gold_Coast_vs_St_Kilda,2012,Round 11,2012-06-09 16:40:00,Saturday,Gold Coast,St Kilda,49,144,St Kilda,95,12534,Carrara,False
2012_Round_11_Essendon_vs_Sydney,2012,Round 11,2012-06-09 19:40:00,Saturday,Essendon,Sydney,82,86,Sydney,4,42785,Docklands,False
2012_Round_11_Port_Adelaide_vs_Hawthorn,2012,Round 11,2012-06-10 16:10:00,Sunday,Port Adelaide,Hawthorn,62,108,Hawthorn,46,26638,Football Park,False
2012_Round_11_Melbourne_vs_Collingwood,2012,Round 11,2012-06-11 15:15:00,Monday,Melbourne,Collingwood,87,129,Collingwood,42,64250,M.C.G.,False
2012_Round_12_West_Coast_vs_Carlton,2012,Round 12,2012-06-14 17:40:00,Thursday,West Coast,Carlton,79,69,West Coast,10,34224,Subiaco,False
2012_Round_12_Adelaide_vs_St_Kilda,2012,Round 12,2012-06-15 20:10:00,Friday,Adelaide,St Kilda,115,111,Adelaide,4,36394,Football Park,False
2012_Round_12_Greater_Western_Sydney_vs_Richmond,2012,Round 12,2012-06-16 14:10:00,Saturday,Greater Western Sydney,Richmond,74,86,Richmond,12,7538,Sydney Showground,False
2012_Round_12_Gold_Coast_vs_North_Melbourne,2012,Round 12,2012-06-16 19:40:00,Saturday,Gold Coast,North Melbourne,80,87,North Melbourne,7,10170,Carrara,False
2012_Round_12_Hawthorn_vs_Brisbane_Lions,2012,Round 12,2012-06-17 13:10:00,Sunday,Hawthorn,Brisbane Lions,135,70,Hawthorn,65,35492,M.C.G.,False
2012_Round_12_Western_Bulldogs_vs_Port_Adelaide,2012,Round 12,2012-06-17 16:40:00,Sunday,Western Bulldogs,Port Adelaide,95,57,Western Bulldogs,38,16036,Docklands,False
2012_Round_13_Sydney_vs_Geelong,2012,Round 13,2012-06-22 19:50:00,Friday,Sydney,Geelong,80,74,Sydney,6,27400,S.C.G.,False
2012_Round_13_Western_Bulldogs_vs_Brisbane_Lions,2012,Round 13,2012-06-23 13:40:00,Saturday,Western Bulldogs,Brisbane Lions,56,114,Brisbane Lions,58,20146,Docklands,False
2012_Round_13_Collingwood_vs_West_Coast,2012,Round 13,2012-06-23 16:40:00,Saturday,Collingwood,West Coast,85,82,Collingwood,3,62957,M.C.G.,False
2012_Round_13_Fremantle_vs_Essendon,2012,Round 13,2012-06-23 17:40:00,Saturday,Fremantle,Essendon,89,113,Essendon,24,34567,Subiaco,False
2012_Round_13_Melbourne_vs_Greater_Western_Sydney,2012,Round 13,2012-06-24 15:15:00,Sunday,Melbourne,Greater Western Sydney,135,57,Melbourne,78,20070,M.C.G.,False
2012_Round_13_North_Melbourne_vs_Adelaide,2012,Round 13,2012-06-24 16:40:00,Sunday,North Melbourne,Adelaide,121,89,North Melbourne,32,18866,Docklands,False
2012_Round_14_Carlton_vs_Hawthorn,2012,Round 14,2012-06-29 19:50:00,Friday,Carlton,Hawthorn,70,120,Hawthorn,50,65047,M.C.G.,False
2012_Round_14_Adelaide_vs_Richmond,2012,Round 14,2012-06-30 13:40:00,Saturday,Adelaide,Richmond,106,87,Adelaide,19,33780,Football Park,False
2012_Round_14_Collingwood_vs_Fremantle,2012,Round 14,2012-06-30 13:45:00,Saturday,Collingwood,Fremantle,107,78,Collingwood,29,44891,M.C.G.,False
2012_Round_14_West_Coast_vs_Gold_Coast,2012,Round 14,2012-06-30 14:40:00,Saturday,West Coast,Gold Coast,166,40,West Coast,126,34592,Subiaco,False
2012_Round_14_Essendon_vs_Western_Bulldogs,2012,Round 14,2012-06-30 19:40:00,Saturday,Essendon,Western Bulldogs,140,56,Essendon,84,40824,Docklands,False
2012_Round_14_Sydney_vs_Greater_Western_Sydney,2012,Round 14,2012-06-30 19:40:00,Saturday,Sydney,Greater Western Sydney,132,38,Sydney,94,22565,Stadium Australia,False
2012_Round_14_Geelong_vs_Port_Adelaide,2012,Round 14,2012-07-01 13:10:00,Sunday,Geelong,Port Adelaide,99,61,Geelong,38,13736,Kardinia Park,False
2012_Round_14_Brisbane_Lions_vs_Melbourne,2012,Round 14,2012-07-01 15:15:00,Sunday,Brisbane Lions,Melbourne,122,61,Brisbane Lions,61,22144,Gabba,False
2012_Round_14_St_Kilda_vs_North_Melbourne,2012,Round 14,2012-07-01 16:40:00,Sunday,St Kilda,North Melbourne,103,136,North Melbourne,33,33106,Docklands,False
2012_Round_15_Collingwood_vs_Carlton,2012,Round 15,2012-07-06 19:50:00,Friday,Collingwood,Carlton,62,85,Carlton,23,75890,M.C.G.,False
2012_Round_15_North_Melbourne_vs_West_Coast,2012,Round 15,2012-07-07 13:45:00,Saturday,North Melbourne,West Coast,84,86,West Coast,2,14113,Bellerive Oval,False
2012_Round_15_Melbourne_vs_Richmond,2012,Round 15,2012-07-07 14:10:00,Saturday,Melbourne,Richmond,78,101,Richmond,23,46773,M.C.G.,False
2012_Round_15_Sydney_vs_Brisbane_Lions,2012,Round 15,2012-07-07 16:40:00,Saturday,Sydney,Brisbane Lions,110,63,Sydney,47,19419,S.C.G.,False
2012_Round_15_Port_Adelaide_vs_Adelaide,2012,Round 15,2012-07-07 19:10:00,Saturday,Port Adelaide,Adelaide,58,116,Adelaide,58,34829,Football Park,False
2012_Round_15_St_Kilda_vs_Essendon,2012,Round 15,2012-07-07 19:40:00,Saturday,St Kilda,Essendon,133,62,St Kilda,71,45838,Docklands,False
2012_Round_15_Hawthorn_vs_Greater_Western_Sydney,2012,Round 15,2012-07-08 13:10:00,Sunday,Hawthorn,Greater Western Sydney,193,31,Hawthorn,162,26518,M.C.G.,False
2012_Round_15_Fremantle_vs_Western_Bulldogs,2012,Round 15,2012-07-08 14:40:00,Sunday,Fremantle,Western Bulldogs,95,57,Fremantle,38,30420,Subiaco,False
2012_Round_15_Gold_Coast_vs_Geelong,2012,Round 15,2012-07-08 15:15:00,Sunday,Gold Coast,Geelong,96,110,Geelong,14,15824,Carrara,False
2012_Round_16_North_Melbourne_vs_Carlton,2012,Round 16,2012-07-13 19:50:00,Friday,North Melbourne,Carlton,149,96,North Melbourne,53,46423,Docklands,False
2012_Round_16_Port_Adelaide_vs_Essendon,2012,Round 16,2012-07-14 13:40:00,Saturday,Port Adelaide,Essendon,77,127,Essendon,50,17344,Football Park,False
2012_Round_16_Melbourne_vs_Fremantle,2012,Round 16,2012-07-14 13:45:00,Saturday,Melbourne,Fremantle,83,117,Fremantle,34,13284,Docklands,False
2012_Round_16_Richmond_vs_Gold_Coast,2012,Round 16,2012-07-14 16:40:00,Saturday,Richmond,Gold Coast,88,90,Gold Coast,2,10961,Cazaly's Stadium,False
2012_Round_16_Brisbane_Lions_vs_St_Kilda,2012,Round 16,2012-07-14 19:40:00,Saturday,Brisbane Lions,St Kilda,92,105,St Kilda,13,19228,Gabba,False
2012_Round_16_Geelong_vs_Collingwood,2012,Round 16,2012-07-14 19:40:00,Saturday,Geelong,Collingwood,79,110,Collingwood,31,61717,M.C.G.,False
2012_Round_16_Greater_Western_Sydney_vs_Adelaide,2012,Round 16,2012-07-15 13:10:00,Sunday,Greater Western Sydney,Adelaide,59,178,Adelaide,119,7669,Sydney Showground,False
2012_Round_16_West_Coast_vs_Sydney,2012,Round 16,2012-07-15 14:40:00,Sunday,West Coast,Sydney,69,121,Sydney,52,39152,Subiaco,False
2012_Round_16_Western_Bulldogs_vs_Hawthorn,2012,Round 16,2012-07-15 15:15:00,Sunday,Western Bulldogs,Hawthorn,44,116,Hawthorn,72,24754,Docklands,False
2012_Round_17_Geelong_vs_Essendon,2012,Round 17,2012-07-20 19:50:00,Friday,Geelong,Essendon,134,67,Geelong,67,50066,Docklands,False
2012_Round_17_Adelaide_vs_West_Coast,2012,Round 17,2012-07-21 13:40:00,Saturday,Adelaide,West Coast,124,75,Adelaide,49,40724,Football Park,False
2012_Round_17_Collingwood_vs_Hawthorn,2012,Round 17,2012-07-21 13:45:00,Saturday,Collingwood,Hawthorn,91,138,Hawthorn,47,83714,M.C.G.,False
2012_Round_17_Gold_Coast_vs_Brisbane_Lions,2012,Round 17,2012-07-21 16:40:00,Saturday,Gold Coast,Brisbane Lions,48,59,Brisbane Lions,11,16550,Carrara,False
2012_Round_17_Melbourne_vs_Port_Adelaide,2012,Round 17,2012-07-21 19:10:00,Saturday,Melbourne,Port Adelaide,56,84,Port Adelaide,28,6714,Marrara Oval,False
2012_Round_17_Western_Bulldogs_vs_Carlton,2012,Round 17,2012-07-21 19:40:00,Saturday,Western Bulldogs,Carlton,84,102,Carlton,18,24615,Docklands,False
2012_Round_17_Sydney_vs_St_Kilda,2012,Round 17,2012-07-22 13:10:00,Sunday,Sydney,St Kilda,105,76,Sydney,29,26834,S.C.G.,False
2012_Round_17_Fremantle_vs_Greater_Western_Sydney,2012,Round 17,2012-07-22 14:40:00,Sunday,Fremantle,Greater Western Sydney,132,37,Fremantle,95,28767,Subiaco,False
2012_Round_17_Richmond_vs_North_Melbourne,2012,Round 17,2012-07-22 15:15:00,Sunday,Richmond,North Melbourne,99,103,North Melbourne,4,47432,M.C.G.,False
2012_Round_18_Essendon_vs_Hawthorn,2012,Round 18,2012-07-27 19:50:00,Friday,Essendon,Hawthorn,86,180,Hawthorn,94,44899,Docklands,False
2012_Round_18_Geelong_vs_Adelaide,2012,Round 18,2012-07-28 13:45:00,Saturday,Geelong,Adelaide,102,75,Geelong,27,18377,Kardinia Park,False
2012_Round_18_North_Melbourne_vs_Melbourne,2012,Round 18,2012-07-28 14:10:00,Saturday,North Melbourne,Melbourne,127,73,North Melbourne,54,20816,Docklands,False
2012_Round_18_Greater_Western_Sydney_vs_Collingwood,2012,Round 18,2012-07-28 16:40:00,Saturday,Greater Western Sydney,Collingwood,54,174,Collingwood,120,8102,Sydney Showground,False
2012_Round_18_Carlton_vs_Richmond,2012,Round 18,2012-07-28 19:40:00,Saturday,Carlton,Richmond,95,91,Carlton,4,46013,M.C.G.,False
2012_Round_18_Gold_Coast_vs_Sydney,2012,Round 18,2012-07-28 19:40:00,Saturday,Gold Coast,Sydney,54,126,Sydney,72,11169,Carrara,False
2012_Round_18_Port_Adelaide_vs_Fremantle,2012,Round 18,2012-07-29 12:40:00,Sunday,Port Adelaide,Fremantle,48,75,Fremantle,27,14583,Football Park,False
2012_Round_18_West_Coast_vs_Brisbane_Lions,2012,Round 18,2012-07-29 14:40:00,Sunday,West Coast,Brisbane Lions,175,77,West Coast,98,35767,Subiaco,False
2012_Round_18_St_Kilda_vs_Western_Bulldogs,2012,Round 18,2012-07-29 15:15:00,Sunday,St Kilda,Western Bulldogs,118,42,St Kilda,76,23498,Docklands,False
2012_Round_19_Hawthorn_vs_Geelong,2012,Round 19,2012-08-03 19:50:00,Friday,Hawthorn,Geelong,116,118,Geelong,2,65287,M.C.G.,False
2012_Round_19_Western_Bulldogs_vs_North_Melbourne,2012,Round 19,2012-08-04 13:45:00,Saturday,Western Bulldogs,North Melbourne,61,115,North Melbourne,54,21599,Docklands,False
2012_Round_19_Greater_Western_Sydney_vs_Port_Adelaide,2012,Round 19,2012-08-04 14:10:00,Saturday,Greater Western Sydney,Port Adelaide,107,73,Greater Western Sydney,34,6811,Sydney Showground,False
2012_Round_19_Fremantle_vs_West_Coast,2012,Round 19,2012-08-04 14:40:00,Saturday,Fremantle,West Coast,113,48,Fremantle,65,39694,Subiaco,False
2012_Round_19_Brisbane_Lions_vs_Richmond,2012,Round 19,2012-08-04 19:40:00,Saturday,Brisbane Lions,Richmond,84,132,Richmond,48,22193,Gabba,False
2012_Round_19_Collingwood_vs_St_Kilda,2012,Round 19,2012-08-04 19:40:00,Saturday,Collingwood,St Kilda,91,85,Collingwood,6,57873,M.C.G.,False
2012_Round_19_Melbourne_vs_Gold_Coast,2012,Round 19,2012-08-05 13:10:00,Sunday,Melbourne,Gold Coast,108,66,Melbourne,42,18097,M.C.G.,False
2012_Round_19_Carlton_vs_Sydney,2012,Round 19,2012-08-05 15:15:00,Sunday,Carlton,Sydney,71,93,Sydney,22,36942,Docklands,False
2012_Round_19_Adelaide_vs_Essendon,2012,Round 19,2012-08-05 16:10:00,Sunday,Adelaide,Essendon,104,100,Adelaide,4,40030,Football Park,False
2012_Round_20_West_Coast_vs_Geelong,2012,Round 20,2012-08-10 18:40:00,Friday,West Coast,Geelong,102,97,West Coast,5,37812,Subiaco,False
2012_Round_20_Adelaide_vs_Fremantle,2012,Round 20,2012-08-11 13:40:00,Saturday,Adelaide,Fremantle,119,91,Adelaide,28,35027,Football Park,False
2012_Round_20_St_Kilda_vs_Melbourne,2012,Round 20,2012-08-11 13:45:00,Saturday,St Kilda,Melbourne,107,82,St Kilda,25,23464,M.C.G.,False
2012_Round_20_Gold_Coast_vs_Greater_Western_Sydney,2012,Round 20,2012-08-11 16:40:00,Saturday,Gold Coast,Greater Western Sydney,109,79,Gold Coast,30,14657,Carrara,False
2012_Round_20_Carlton_vs_Brisbane_Lions,2012,Round 20,2012-08-11 19:40:00,Saturday,Carlton,Brisbane Lions,113,77,Carlton,36,25977,Docklands,False
2012_Round_20_Sydney_vs_Collingwood,2012,Round 20,2012-08-11 19:40:00,Saturday,Sydney,Collingwood,70,78,Collingwood,8,45827,Stadium Australia,False
2012_Round_20_Hawthorn_vs_Port_Adelaide,2012,Round 20,2012-08-12 13:10:00,Sunday,Hawthorn,Port Adelaide,159,87,Hawthorn,72,14431,York Park,False
2012_Round_20_Richmond_vs_Western_Bulldogs,2012,Round 20,2012-08-12 15:15:00,Sunday,Richmond,Western Bulldogs,150,80,Richmond,70,28286,M.C.G.,False
2012_Round_20_Essendon_vs_North_Melbourne,2012,Round 20,2012-08-12 16:40:00,Sunday,Essendon,North Melbourne,76,100,North Melbourne,24,42674,Docklands,False
2012_Round_21_Geelong_vs_St_Kilda,2012,Round 21,2012-08-17 19:50:00,Friday,Geelong,St Kilda,123,81,Geelong,42,38169,Docklands,False
2012_Round_21_Essendon_vs_Carlton,2012,Round 21,2012-08-18 13:45:00,Saturday,Essendon,Carlton,60,156,Carlton,96,59381,M.C.G.,False
2012_Round_21_Greater_Western_Sydney_vs_Melbourne,2012,Round 21,2012-08-18 14:10:00,Saturday,Greater Western Sydney,Melbourne,59,84,Melbourne,25,7561,Manuka Oval,False
2012_Round_21_Fremantle_vs_Richmond,2012,Round 21,2012-08-18 14:40:00,Saturday,Fremantle,Richmond,94,72,Fremantle,22,32721,Subiaco,False
2012_Round_21_Brisbane_Lions_vs_Adelaide,2012,Round 21,2012-08-18 19:40:00,Saturday,Brisbane Lions,Adelaide,95,85,Brisbane Lions,10,18979,Gabba,False
2012_Round_21_Collingwood_vs_North_Melbourne,2012,Round 21,2012-08-18 19:40:00,Saturday,Collingwood,North Melbourne,61,91,North Melbourne,30,44956,Docklands,False
2012_Round_21_Port_Adelaide_vs_West_Coast,2012,Round 21,2012-08-19 12:40:00,Sunday,Port Adelaide,West Coast,50,98,West Coast,48,13683,Football Park,False
2012_Round_21_Western_Bulldogs_vs_Sydney,2012,Round 21,2012-08-19 15:15:00,Sunday,Western Bulldogs,Sydney,85,167,Sydney,82,19396,Docklands,False
2012_Round_21_Hawthorn_vs_Gold_Coast,2012,Round 21,2012-08-19 16:40:00,Sunday,Hawthorn,Gold Coast,129,65,Hawthorn,64,23098,M.C.G.,False
2012_Round_22_Richmond_vs_Essendon,2012,Round 22,2012-08-24 19:50:00,Friday,Richmond,Essendon,102,57,Richmond,45,47590,M.C.G.,False
2012_Round_22_Port_Adelaide_vs_Brisbane_Lions,2012,Round 22,2012-08-25 13:40:00,Saturday,Port Adelaide,Brisbane Lions,93,104,Brisbane Lions,11,13953,Football Park,False
2012_Round_22_St_Kilda_vs_Greater_Western_Sydney,2012,Round 22,2012-08-25 13:45:00,Saturday,St Kilda,Greater Western Sydney,163,35,St Kilda,128,17327,Docklands,False
2012_Round_22_Sydney_vs_Hawthorn,2012,Round 22,2012-08-25 16:40:00,Saturday,Sydney,Hawthorn,95,102,Hawthorn,7,31167,S.C.G.,False
2012_Round_22_West_Coast_vs_Collingwood,2012,Round 22,2012-08-25 17:40:00,Saturday,West Coast,Collingwood,107,58,West Coast,49,40527,Subiaco,False
2012_Round_22_Gold_Coast_vs_Carlton,2012,Round 22,2012-08-25 19:40:00,Saturday,Gold Coast,Carlton,98,86,Gold Coast,12,15251,Carrara,False
2012_Round_22_Geelong_vs_Western_Bulldogs,2012,Round 22,2012-08-26 13:10:00,Sunday,Geelong,Western Bulldogs,107,73,Geelong,34,18047,Kardinia Park,False
2012_Round_22_North_Melbourne_vs_Fremantle,2012,Round 22,2012-08-26 15:15:00,Sunday,North Melbourne,Fremantle,79,132,Fremantle,53,26482,Docklands,False
2012_Round_22_Melbourne_vs_Adelaide,2012,Round 22,2012-08-26 16:40:00,Sunday,Melbourne,Adelaide,81,150,Adelaide,69,18450,M.C.G.,False
2012_Round_23_Hawthorn_vs_West_Coast,2012,Round 23,2012-08-31 19:50:00,Friday,Hawthorn,West Coast,95,70,Hawthorn,25,50023,M.C.G.,False
2012_Round_23_Adelaide_vs_Gold_Coast,2012,Round 23,2012-09-01 13:40:00,Saturday,Adelaide,Gold Coast,153,62,Adelaide,91,35463,Football Park,False
2012_Round_23_Geelong_vs_Sydney,2012,Round 23,2012-09-01 13:45:00,Saturday,Geelong,Sydney,112,78,Geelong,34,20045,Kardinia Park,False
2012_Round_23_Greater_Western_Sydney_vs_North_Melbourne,2012,Round 23,2012-09-01 16:40:00,Saturday,Greater Western Sydney,North Melbourne,77,105,North Melbourne,28,6696,Sydney Showground,False
2012_Round_23_Fremantle_vs_Melbourne,2012,Round 23,2012-09-01 17:40:00,Saturday,Fremantle,Melbourne,101,40,Fremantle,61,32687,Subiaco,False
2012_Round_23_Essendon_vs_Collingwood,2012,Round 23,2012-09-01 19:40:00,Saturday,Essendon,Collingwood,72,104,Collingwood,32,56491,M.C.G.,False
2012_Round_23_Carlton_vs_St_Kilda,2012,Round 23,2012-09-02 13:10:00,Sunday,Carlton,St Kilda,91,106,St Kilda,15,31393,Docklands,False
2012_Round_23_Richmond_vs_Port_Adelaide,2012,Round 23,2012-09-02 15:15:00,Sunday,Richmond,Port Adelaide,106,106,Draw,0,27893,M.C.G.,False
2012_Round_23_Brisbane_Lions_vs_Western_Bulldogs,2012,Round 23,2012-09-02 16:40:00,Sunday,Brisbane Lions,Western Bulldogs,128,61,Brisbane Lions,67,18289,Gabba,False
2012_Qualifying_Final_Hawthorn_vs_Collingwood,2012,Qualifying Final,2012-09-07 19:50:00,Friday,Hawthorn,Collingwood,135,97,Hawthorn,38,85639,M.C.G.,True
2012_Qualifying_Final_Adelaide_vs_Sydney,2012,Qualifying Final,2012-09-08 14:45:00,Saturday,Adelaide,Sydney,42,71,Sydney,29,44849,Football Park,True
2012_Elimination_Final_Geelong_vs_Fremantle,2012,Elimination Final,2012-09-08 19:45:00,Saturday,Geelong,Fremantle,80,96,Fremantle,16,44460,M.C.G.,True
2012_Elimination_Final_West_Coast_vs_North_Melbourne,2012,Elimination Final,2012-09-09 13:15:00,Sunday,West Coast,North Melbourne,162,66,West Coast,96,41790,Subiaco,True
2012_Semi_Final_Adelaide_vs_Fremantle,2012,Semi Final,2012-09-14 20:15:00,Friday,Adelaide,Fremantle,81,71,Adelaide,10,31742,Football Park,True
2012_Semi_Final_Collingwood_vs_West_Coast,2012,Semi Final,2012-09-15 19:45:00,Saturday,Collingwood,West Coast,73,60,Collingwood,13,65483,M.C.G.,True
2012_Preliminary_Final_Sydney_vs_Collingwood,2012,Preliminary Final,2012-09-21 19:50:00,Friday,Sydney,Collingwood,96,70,Sydney,26,57156,Stadium Australia,True
2012_Preliminary_Final_Hawthorn_vs_Adelaide,2012,Preliminary Final,2012-09-22 17:15:00,Saturday,Hawthorn,Adelaide,97,92,Hawthorn,5,69146,M.C.G.,True
2012_Grand_Final_Hawthorn_vs_Sydney,2012,Grand Final,2012-09-29 14:30:00,Saturday,Hawthorn,Sydney,81,91,Sydney,10,99683,M.C.G.,True
2013_Round_1_Adelaide_vs_Essendon,2013,Round 1,2013-03-22 20:10:00,Friday,Adelaide,Essendon,82,117,Essendon,35,42218,Football Park,False
2013_Round_1_Fremantle_vs_West_Coast,2013,Round 1,2013-03-23 16:40:00,Saturday,Fremantle,West Coast,108,80,Fremantle,28,39629,Subiaco,False
2013_Round_1_Carlton_vs_Richmond,2013,Round 1,2013-03-28 19:45:00,Thursday,Carlton,Richmond,101,106,Richmond,5,80971,M.C.G.,False
2013_Round_1_Western_Bulldogs_vs_Brisbane_Lions,2013,Round 1,2013-03-30 13:40:00,Saturday,Western Bulldogs,Brisbane Lions,127,59,Western Bulldogs,68,25263,Docklands,False
2013_Round_1_Greater_Western_Sydney_vs_Sydney,2013,Round 1,2013-03-30 16:40:00,Saturday,Greater Western Sydney,Sydney,76,106,Sydney,30,23690,Stadium Australia,False
2013_Round_1_Gold_Coast_vs_St_Kilda,2013,Round 1,2013-03-30 18:45:00,Saturday,Gold Coast,St Kilda,90,77,Gold Coast,13,13832,Carrara,False
2013_Round_1_Melbourne_vs_Port_Adelaide,2013,Round 1,2013-03-31 13:10:00,Sunday,Melbourne,Port Adelaide,54,133,Port Adelaide,79,22924,M.C.G.,False
2013_Round_1_North_Melbourne_vs_Collingwood,2013,Round 1,2013-03-31 16:40:00,Sunday,North Melbourne,Collingwood,87,103,Collingwood,16,41040,Docklands,False
2013_Round_1_Hawthorn_vs_Geelong,2013,Round 1,2013-04-01 15:20:00,Monday,Hawthorn,Geelong,86,93,Geelong,7,76300,M.C.G.,False
2013_Round_2_St_Kilda_vs_Richmond,2013,Round 2,2013-04-05 19:50:00,Friday,St Kilda,Richmond,82,99,Richmond,17,56783,M.C.G.,False
2013_Round_2_Sydney_vs_Gold_Coast,2013,Round 2,2013-04-06 13:45:00,Saturday,Sydney,Gold Coast,114,73,Sydney,41,20372,S.C.G.,False
2013_Round_2_Western_Bulldogs_vs_Fremantle,2013,Round 2,2013-04-06 14:10:00,Saturday,Western Bulldogs,Fremantle,78,106,Fremantle,28,19210,Docklands,False
2013_Round_2_Brisbane_Lions_vs_Adelaide,2013,Round 2,2013-04-06 15:40:00,Saturday,Brisbane Lions,Adelaide,77,96,Adelaide,19,21308,Gabba,False
2013_Round_2_Port_Adelaide_vs_Greater_Western_Sydney,2013,Round 2,2013-04-06 19:10:00,Saturday,Port Adelaide,Greater Western Sydney,134,78,Port Adelaide,56,25122,Football Park,False
2013_Round_2_Essendon_vs_Melbourne,2013,Round 2,2013-04-06 19:40:00,Saturday,Essendon,Melbourne,184,36,Essendon,148,51153,M.C.G.,False
2013_Round_2_Geelong_vs_North_Melbourne,2013,Round 2,2013-04-07 13:10:00,Sunday,Geelong,North Melbourne,112,108,Geelong,4,34152,Docklands,False
2013_Round_2_West_Coast_vs_Hawthorn,2013,Round 2,2013-04-07 14:40:00,Sunday,West Coast,Hawthorn,98,148,Hawthorn,50,38389,Subiaco,False
2013_Round_2_Collingwood_vs_Carlton,2013,Round 2,2013-04-07 15:20:00,Sunday,Collingwood,Carlton,117,100,Collingwood,17,84247,M.C.G.,False
2013_Round_3_Fremantle_vs_Essendon,2013,Round 3,2013-04-12 18:40:00,Friday,Fremantle,Essendon,68,72,Essendon,4,35963,Subiaco,False
2013_Round_3_North_Melbourne_vs_Sydney,2013,Round 3,2013-04-13 13:45:00,Saturday,North Melbourne,Sydney,92,131,Sydney,39,13223,Bellerive Oval,False
2013_Round_3_Melbourne_vs_West_Coast,2013,Round 3,2013-04-13 14:10:00,Saturday,Melbourne,West Coast,83,177,West Coast,94,18571,M.C.G.,False
2013_Round_3_Greater_Western_Sydney_vs_St_Kilda,2013,Round 3,2013-04-13 16:40:00,Saturday,Greater Western Sydney,St Kilda,68,140,St Kilda,72,11092,Manuka Oval,False
2013_Round_3_Geelong_vs_Carlton,2013,Round 3,2013-04-13 19:40:00,Saturday,Geelong,Carlton,119,103,Geelong,16,43241,Docklands,False
2013_Round_3_Gold_Coast_vs_Brisbane_Lions,2013,Round 3,2013-04-13 19:40:00,Saturday,Gold Coast,Brisbane Lions,92,94,Brisbane Lions,2,12961,Carrara,False
2013_Round_3_Richmond_vs_Western_Bulldogs,2013,Round 3,2013-04-14 13:10:00,Sunday,Richmond,Western Bulldogs,135,68,Richmond,67,44045,Docklands,False
2013_Round_3_Collingwood_vs_Hawthorn,2013,Round 3,2013-04-14 15:20:00,Sunday,Collingwood,Hawthorn,90,145,Hawthorn,55,72254,M.C.G.,False
2013_Round_3_Port_Adelaide_vs_Adelaide,2013,Round 3,2013-04-14 16:10:00,Sunday,Port Adelaide,Adelaide,118,109,Port Adelaide,9,40707,Football Park,False
2013_Round_4_Sydney_vs_Geelong,2013,Round 4,2013-04-19 19:50:00,Friday,Sydney,Geelong,103,124,Geelong,21,31060,S.C.G.,False
2013_Round_4_Hawthorn_vs_Fremantle,2013,Round 4,2013-04-20 13:45:00,Saturday,Hawthorn,Fremantle,118,76,Hawthorn,42,12619,York Park,False
2013_Round_4_Richmond_vs_Collingwood,2013,Round 4,2013-04-20 14:10:00,Saturday,Richmond,Collingwood,79,113,Collingwood,34,81950,M.C.G.,False
2013_Round_4_St_Kilda_vs_Essendon,2013,Round 4,2013-04-20 16:40:00,Saturday,St Kilda,Essendon,91,128,Essendon,37,46965,Docklands,False
2013_Round_4_West_Coast_vs_Carlton,2013,Round 4,2013-04-20 17:40:00,Saturday,West Coast,Carlton,65,89,Carlton,24,38674,Subiaco,False
2013_Round_4_Gold_Coast_vs_Port_Adelaide,2013,Round 4,2013-04-20 19:40:00,Saturday,Gold Coast,Port Adelaide,66,104,Port Adelaide,38,11332,Carrara,False
2013_Round_4_Melbourne_vs_Greater_Western_Sydney,2013,Round 4,2013-04-21 13:10:00,Sunday,Melbourne,Greater Western Sydney,144,103,Melbourne,41,20018,M.C.G.,False
2013_Round_4_Adelaide_vs_Western_Bulldogs,2013,Round 4,2013-04-21 14:50:00,Sunday,Adelaide,Western Bulldogs,80,28,Adelaide,52,24684,Football Park,False
2013_Round_4_North_Melbourne_vs_Brisbane_Lions,2013,Round 4,2013-04-21 16:40:00,Sunday,North Melbourne,Brisbane Lions,125,62,North Melbourne,63,22776,Docklands,False
2013_Round_5_Essendon_vs_Collingwood,2013,Round 5,2013-04-25 14:40:00,Thursday,Essendon,Collingwood,121,75,Essendon,46,93373,M.C.G.,False
2013_Round_5_St_Kilda_vs_Sydney,2013,Round 5,2013-04-25 19:50:00,Thursday,St Kilda,Sydney,63,79,Sydney,16,22546,Wellington,False
2013_Round_5_Fremantle_vs_Richmond,2013,Round 5,2013-04-26 18:45:00,Friday,Fremantle,Richmond,81,80,Fremantle,1,36365,Subiaco,False
2013_Round_5_Greater_Western_Sydney_vs_Gold_Coast,2013,Round 5,2013-04-27 13:45:00,Saturday,Greater Western Sydney,Gold Coast,104,148,Gold Coast,44,6832,Manuka Oval,False
2013_Round_5_Carlton_vs_Adelaide,2013,Round 5,2013-04-27 16:40:00,Saturday,Carlton,Adelaide,115,83,Carlton,32,44711,M.C.G.,False
2013_Round_5_Port_Adelaide_vs_West_Coast,2013,Round 5,2013-04-27 19:15:00,Saturday,Port Adelaide,West Coast,84,79,Port Adelaide,5,26132,Football Park,False
2013_Round_5_Western_Bulldogs_vs_Geelong,2013,Round 5,2013-04-27 19:40:00,Saturday,Western Bulldogs,Geelong,86,107,Geelong,21,26153,Docklands,False
2013_Round_5_Brisbane_Lions_vs_Melbourne,2013,Round 5,2013-04-28 15:20:00,Sunday,Brisbane Lions,Melbourne,122,94,Brisbane Lions,28,19018,Gabba,False
2013_Round_5_Hawthorn_vs_North_Melbourne,2013,Round 5,2013-04-28 16:40:00,Sunday,Hawthorn,North Melbourne,99,96,Hawthorn,3,42103,M.C.G.,False
2013_Round_6_Collingwood_vs_St_Kilda,2013,Round 6,2013-05-03 19:50:00,Friday,Collingwood,St Kilda,103,77,Collingwood,26,40071,Docklands,False
2013_Round_6_Essendon_vs_Greater_Western_Sydney,2013,Round 6,2013-05-04 13:45:00,Saturday,Essendon,Greater Western Sydney,120,81,Essendon,39,30143,Docklands,False
2013_Round_6_North_Melbourne_vs_Port_Adelaide,2013,Round 6,2013-05-04 14:10:00,Saturday,North Melbourne,Port Adelaide,93,83,North Melbourne,10,10265,Bellerive Oval,False
2013_Round_6_Adelaide_vs_Hawthorn,2013,Round 6,2013-05-04 16:10:00,Saturday,Adelaide,Hawthorn,78,89,Hawthorn,11,37324,Football Park,False
2013_Round_6_Gold_Coast_vs_Fremantle,2013,Round 6,2013-05-04 19:40:00,Saturday,Gold Coast,Fremantle,54,99,Fremantle,45,10552,Carrara,False
2013_Round_6_Richmond_vs_Geelong,2013,Round 6,2013-05-04 19:40:00,Saturday,Richmond,Geelong,87,131,Geelong,44,55625,M.C.G.,False
2013_Round_6_Sydney_vs_Brisbane_Lions,2013,Round 6,2013-05-05 13:10:00,Sunday,Sydney,Brisbane Lions,115,55,Sydney,60,23315,S.C.G.,False
2013_Round_6_West_Coast_vs_Western_Bulldogs,2013,Round 6,2013-05-05 14:40:00,Sunday,West Coast,Western Bulldogs,137,67,West Coast,70,36163,Subiaco,False
2013_Round_6_Carlton_vs_Melbourne,2013,Round 6,2013-05-05 15:20:00,Sunday,Carlton,Melbourne,121,60,Carlton,61,35286,M.C.G.,False
2013_Round_7_Geelong_vs_Essendon,2013,Round 7,2013-05-10 19:50:00,Friday,Geelong,Essendon,113,85,Geelong,28,53014,Docklands,False
2013_Round_7_Port_Adelaide_vs_Richmond,2013,Round 7,2013-05-11 13:15:00,Saturday,Port Adelaide,Richmond,73,114,Richmond,41,25372,Football Park,False
2013_Round_7_Brisbane_Lions_vs_West_Coast,2013,Round 7,2013-05-11 14:10:00,Saturday,Brisbane Lions,West Coast,82,108,West Coast,26,17614,Gabba,False
2013_Round_7_Western_Bulldogs_vs_North_Melbourne,2013,Round 7,2013-05-11 16:40:00,Saturday,Western Bulldogs,North Melbourne,97,151,North Melbourne,54,23690,Docklands,False
2013_Round_7_Fremantle_vs_Collingwood,2013,Round 7,2013-05-11 17:40:00,Saturday,Fremantle,Collingwood,100,73,Fremantle,27,37214,Subiaco,False
2013_Round_7_Hawthorn_vs_Sydney,2013,Round 7,2013-05-11 19:40:00,Saturday,Hawthorn,Sydney,119,82,Hawthorn,37,54725,M.C.G.,False
2013_Round_7_Greater_Western_Sydney_vs_Adelaide,2013,Round 7,2013-05-12 13:10:00,Sunday,Greater Western Sydney,Adelaide,52,187,Adelaide,135,5830,Sydney Showground,False
2013_Round_7_Melbourne_vs_Gold_Coast,2013,Round 7,2013-05-12 16:40:00,Sunday,Melbourne,Gold Coast,54,114,Gold Coast,60,13304,M.C.G.,False
2013_Round_7_St_Kilda_vs_Carlton,2013,Round 7,2013-05-13 19:40:00,Monday,St Kilda,Carlton,77,68,St Kilda,9,34054,Docklands,False
2013_Round_8_West_Coast_vs_North_Melbourne,2013,Round 8,2013-05-17 18:40:00,Friday,West Coast,North Melbourne,90,88,West Coast,2,38146,Subiaco,False
2013_Round_8_Essendon_vs_Brisbane_Lions,2013,Round 8,2013-05-18 13:45:00,Saturday,Essendon,Brisbane Lions,86,96,Brisbane Lions,10,33915,Docklands,False
2013_Round_8_Hawthorn_vs_Greater_Western_Sydney,2013,Round 8,2013-05-18 14:10:00,Saturday,Hawthorn,Greater Western Sydney,140,57,Hawthorn,83,10513,York Park,False
2013_Round_8_Gold_Coast_vs_Western_Bulldogs,2013,Round 8,2013-05-18 16:40:00,Saturday,Gold Coast,Western Bulldogs,93,61,Gold Coast,32,13520,Carrara,False
2013_Round_8_Collingwood_vs_Geelong,2013,Round 8,2013-05-18 19:40:00,Saturday,Collingwood,Geelong,102,96,Collingwood,6,66768,M.C.G.,False
2013_Round_8_Sydney_vs_Fremantle,2013,Round 8,2013-05-18 19:40:00,Saturday,Sydney,Fremantle,70,70,Draw,0,22546,S.C.G.,False
2013_Round_8_Carlton_vs_Port_Adelaide,2013,Round 8,2013-05-19 13:10:00,Sunday,Carlton,Port Adelaide,109,91,Carlton,18,29936,Docklands,False
2013_Round_8_Richmond_vs_Melbourne,2013,Round 8,2013-05-19 15:20:00,Sunday,Richmond,Melbourne,106,72,Richmond,34,39148,M.C.G.,False
2013_Round_8_Adelaide_vs_St_Kilda,2013,Round 8,2013-05-19 16:10:00,Sunday,Adelaide,St Kilda,87,47,Adelaide,40,34605,Football Park,False
2013_Round_9_Collingwood_vs_Sydney,2013,Round 9,2013-05-24 19:50:00,Friday,Collingwood,Sydney,55,102,Sydney,47,65306,M.C.G.,False
2013_Round_9_Port_Adelaide_vs_Geelong,2013,Round 9,2013-05-25 13:15:00,Saturday,Port Adelaide,Geelong,68,116,Geelong,48,21309,Football Park,False
2013_Round_9_Greater_Western_Sydney_vs_West_Coast,2013,Round 9,2013-05-25 14:10:00,Saturday,Greater Western Sydney,West Coast,55,155,West Coast,100,6324,Sydney Showground,False
2013_Round_9_St_Kilda_vs_Western_Bulldogs,2013,Round 9,2013-05-25 16:40:00,Saturday,St Kilda,Western Bulldogs,101,110,Western Bulldogs,9,25982,Docklands,False
2013_Round_9_Brisbane_Lions_vs_Carlton,2013,Round 9,2013-05-25 19:40:00,Saturday,Brisbane Lions,Carlton,85,98,Carlton,13,24037,Gabba,False
2013_Round_9_Richmond_vs_Essendon,2013,Round 9,2013-05-25 19:45:00,Saturday,Richmond,Essendon,62,91,Essendon,29,84234,M.C.G.,False
2013_Round_9_Hawthorn_vs_Gold_Coast,2013,Round 9,2013-05-26 13:10:00,Sunday,Hawthorn,Gold Coast,118,92,Hawthorn,26,28112,M.C.G.,False
2013_Round_9_Fremantle_vs_Melbourne,2013,Round 9,2013-05-26 14:40:00,Sunday,Fremantle,Melbourne,130,40,Fremantle,90,32950,Subiaco,False
2013_Round_9_North_Melbourne_vs_Adelaide,2013,Round 9,2013-05-26 15:20:00,Sunday,North Melbourne,Adelaide,124,125,Adelaide,1,23033,Docklands,False
2013_Round_10_Brisbane_Lions_vs_Collingwood,2013,Round 10,2013-05-31 19:50:00,Friday,Brisbane Lions,Collingwood,51,100,Collingwood,49,26626,Gabba,False
2013_Round_10_Adelaide_vs_Fremantle,2013,Round 10,2013-06-01 13:40:00,Saturday,Adelaide,Fremantle,59,66,Fremantle,7,27684,Football Park,False
2013_Round_10_Carlton_vs_Greater_Western_Sydney,2013,Round 10,2013-06-01 13:45:00,Saturday,Carlton,Greater Western Sydney,148,54,Carlton,94,25008,Docklands,False
2013_Round_10_Sydney_vs_Essendon,2013,Round 10,2013-06-01 16:40:00,Saturday,Sydney,Essendon,115,71,Sydney,44,29792,S.C.G.,False
2013_Round_10_Western_Bulldogs_vs_Port_Adelaide,2013,Round 10,2013-06-01 19:10:00,Saturday,Western Bulldogs,Port Adelaide,67,58,Western Bulldogs,9,7850,Marrara Oval,False
2013_Round_10_Geelong_vs_Gold_Coast,2013,Round 10,2013-06-01 19:40:00,Saturday,Geelong,Gold Coast,123,71,Geelong,52,30087,Kardinia Park,False
2013_Round_10_Melbourne_vs_Hawthorn,2013,Round 10,2013-06-02 15:20:00,Sunday,Melbourne,Hawthorn,48,143,Hawthorn,95,28546,M.C.G.,False
2013_Round_10_North_Melbourne_vs_St_Kilda,2013,Round 10,2013-06-02 16:40:00,Sunday,North Melbourne,St Kilda,133,65,North Melbourne,68,25658,Docklands,False
2013_Round_10_West_Coast_vs_Richmond,2013,Round 10,2013-06-03 17:40:00,Monday,West Coast,Richmond,62,103,Richmond,41,37781,Subiaco,False
2013_Round_11_Essendon_vs_Carlton,2013,Round 11,2013-06-07 19:50:00,Friday,Essendon,Carlton,77,72,Essendon,5,82639,M.C.G.,False
2013_Round_11_Greater_Western_Sydney_vs_Geelong,2013,Round 11,2013-06-08 13:40:00,Saturday,Greater Western Sydney,Geelong,98,157,Geelong,59,7809,Sydney Showground,False
2013_Round_11_Adelaide_vs_Sydney,2013,Round 11,2013-06-08 16:10:00,Saturday,Adelaide,Sydney,50,127,Sydney,77,38374,Football Park,False
2013_Round_11_Gold_Coast_vs_North_Melbourne,2013,Round 11,2013-06-08 19:40:00,Saturday,Gold Coast,North Melbourne,66,51,Gold Coast,15,10891,Carrara,False
2013_Round_11_St_Kilda_vs_West_Coast,2013,Round 11,2013-06-09 16:40:00,Sunday,St Kilda,West Coast,80,84,West Coast,4,23795,Docklands,False
2013_Round_11_Melbourne_vs_Collingwood,2013,Round 11,2013-06-10 15:20:00,Monday,Melbourne,Collingwood,39,122,Collingwood,83,50835,M.C.G.,False
2013_Round_12_Carlton_vs_Hawthorn,2013,Round 12,2013-06-14 19:50:00,Friday,Carlton,Hawthorn,87,102,Hawthorn,15,45670,Docklands,False
2013_Round_12_Richmond_vs_Adelaide,2013,Round 12,2013-06-15 13:40:00,Saturday,Richmond,Adelaide,110,72,Richmond,38,43615,M.C.G.,False
2013_Round_12_Fremantle_vs_Brisbane_Lions,2013,Round 12,2013-06-15 14:40:00,Saturday,Fremantle,Brisbane Lions,86,46,Fremantle,40,33384,Subiaco,False
2013_Round_12_Essendon_vs_Gold_Coast,2013,Round 12,2013-06-15 19:40:00,Saturday,Essendon,Gold Coast,115,72,Essendon,43,31452,Docklands,False
2013_Round_12_Greater_Western_Sydney_vs_Port_Adelaide,2013,Round 12,2013-06-16 13:10:00,Sunday,Greater Western Sydney,Port Adelaide,50,125,Port Adelaide,75,6601,Sydney Showground,False
2013_Round_12_Collingwood_vs_Western_Bulldogs,2013,Round 12,2013-06-16 16:40:00,Sunday,Collingwood,Western Bulldogs,99,65,Collingwood,34,32253,Docklands,False
2013_Round_13_Hawthorn_vs_West_Coast,2013,Round 13,2013-06-21 19:50:00,Friday,Hawthorn,West Coast,123,103,Hawthorn,20,32567,Docklands,False
2013_Round_13_Port_Adelaide_vs_Sydney,2013,Round 13,2013-06-22 13:10:00,Saturday,Port Adelaide,Sydney,72,54,Port Adelaide,18,16096,Football Park,False
2013_Round_13_St_Kilda_vs_Melbourne,2013,Round 13,2013-06-22 16:40:00,Saturday,St Kilda,Melbourne,104,69,St Kilda,35,28751,M.C.G.,False
2013_Round_13_Western_Bulldogs_vs_Richmond,2013,Round 13,2013-06-22 19:40:00,Saturday,Western Bulldogs,Richmond,61,121,Richmond,60,29788,Docklands,False
2013_Round_13_Fremantle_vs_North_Melbourne,2013,Round 13,2013-06-23 13:20:00,Sunday,Fremantle,North Melbourne,67,29,Fremantle,38,31637,Subiaco,False
2013_Round_13_Brisbane_Lions_vs_Geelong,2013,Round 13,2013-06-23 16:40:00,Sunday,Brisbane Lions,Geelong,103,98,Brisbane Lions,5,24164,Gabba,False
2013_Round_14_West_Coast_vs_Essendon,2013,Round 14,2013-06-27 18:10:00,Thursday,West Coast,Essendon,91,98,Essendon,7,36451,Subiaco,False
2013_Round_14_Sydney_vs_Carlton,2013,Round 14,2013-06-28 19:50:00,Friday,Sydney,Carlton,65,43,Sydney,22,25349,S.C.G.,False
2013_Round_14_Gold_Coast_vs_Adelaide,2013,Round 14,2013-06-29 13:40:00,Saturday,Gold Coast,Adelaide,83,111,Adelaide,28,13791,Carrara,False
2013_Round_14_Port_Adelaide_vs_Collingwood,2013,Round 14,2013-06-29 16:10:00,Saturday,Port Adelaide,Collingwood,86,51,Port Adelaide,35,31121,Football Park,False
2013_Round_14_Geelong_vs_Fremantle,2013,Round 14,2013-06-29 19:40:00,Saturday,Geelong,Fremantle,85,44,Geelong,41,26743,Kardinia Park,False
2013_Round_14_Melbourne_vs_Western_Bulldogs,2013,Round 14,2013-06-29 19:40:00,Saturday,Melbourne,Western Bulldogs,103,100,Melbourne,3,21217,M.C.G.,False
2013_Round_14_Hawthorn_vs_Brisbane_Lions,2013,Round 14,2013-06-30 13:10:00,Sunday,Hawthorn,Brisbane Lions,143,85,Hawthorn,58,15796,York Park,False
2013_Round_14_North_Melbourne_vs_Greater_Western_Sydney,2013,Round 14,2013-06-30 15:20:00,Sunday,North Melbourne,Greater Western Sydney,130,44,North Melbourne,86,15438,Docklands,False
2013_Round_14_Richmond_vs_St_Kilda,2013,Round 14,2013-06-30 16:40:00,Sunday,Richmond,St Kilda,119,55,Richmond,64,52184,M.C.G.,False
2013_Round_15_Carlton_vs_Collingwood,2013,Round 15,2013-07-05 19:50:00,Friday,Carlton,Collingwood,77,118,Collingwood,41,78224,M.C.G.,False
2013_Round_15_Greater_Western_Sydney_vs_Western_Bulldogs,2013,Round 15,2013-07-06 13:45:00,Saturday,Greater Western Sydney,Western Bulldogs,83,87,Western Bulldogs,4,7132,Manuka Oval,False
2013_Round_15_North_Melbourne_vs_Richmond,2013,Round 15,2013-07-06 14:10:00,Saturday,North Melbourne,Richmond,128,66,North Melbourne,62,45966,Docklands,False
2013_Round_15_Brisbane_Lions_vs_Gold_Coast,2013,Round 15,2013-07-06 16:40:00,Saturday,Brisbane Lions,Gold Coast,116,83,Brisbane Lions,33,27170,Gabba,False
2013_Round_15_Adelaide_vs_West_Coast,2013,Round 15,2013-07-06 19:10:00,Saturday,Adelaide,West Coast,69,75,West Coast,6,26426,Football Park,False
2013_Round_15_Geelong_vs_Hawthorn,2013,Round 15,2013-07-06 19:40:00,Saturday,Geelong,Hawthorn,82,72,Geelong,10,85197,M.C.G.,False
2013_Round_15_Melbourne_vs_Sydney,2013,Round 15,2013-07-07 13:10:00,Sunday,Melbourne,Sydney,85,116,Sydney,31,26216,M.C.G.,False
2013_Round_15_Fremantle_vs_St_Kilda,2013,Round 15,2013-07-07 13:20:00,Sunday,Fremantle,St Kilda,100,70,Fremantle,30,34064,Subiaco,False
2013_Round_15_Essendon_vs_Port_Adelaide,2013,Round 15,2013-07-07 16:40:00,Sunday,Essendon,Port Adelaide,118,88,Essendon,30,40817,Docklands,False
2013_Round_16_Collingwood_vs_Adelaide,2013,Round 16,2013-07-12 19:50:00,Friday,Collingwood,Adelaide,111,84,Collingwood,27,54790,M.C.G.,False
2013_Round_16_Port_Adelaide_vs_Hawthorn,2013,Round 16,2013-07-13 13:15:00,Saturday,Port Adelaide,Hawthorn,79,124,Hawthorn,45,23748,Football Park,False
2013_Round_16_Geelong_vs_Melbourne,2013,Round 16,2013-07-13 14:10:00,Saturday,Geelong,Melbourne,98,30,Geelong,68,23172,Kardinia Park,False
2013_Round_16_Richmond_vs_Gold_Coast,2013,Round 16,2013-07-13 16:40:00,Saturday,Richmond,Gold Coast,53,44,Richmond,9,11197,Cazaly's Stadium,False
2013_Round_16_Brisbane_Lions_vs_North_Melbourne,2013,Round 16,2013-07-13 19:40:00,Saturday,Brisbane Lions,North Melbourne,117,105,Brisbane Lions,12,18131,Gabba,False
2013_Round_16_Carlton_vs_St_Kilda,2013,Round 16,2013-07-13 19:40:00,Saturday,Carlton,St Kilda,110,74,Carlton,36,30949,Docklands,False
2013_Round_16_Sydney_vs_Greater_Western_Sydney,2013,Round 16,2013-07-14 13:10:00,Sunday,Sydney,Greater Western Sydney,171,42,Sydney,129,21757,S.C.G.,False
2013_Round_16_West_Coast_vs_Fremantle,2013,Round 16,2013-07-14 14:40:00,Sunday,West Coast,Fremantle,93,121,Fremantle,28,39839,Subiaco,False
2013_Round_16_Western_Bulldogs_vs_Essendon,2013,Round 16,2013-07-14 15:20:00,Sunday,Western Bulldogs,Essendon,90,121,Essendon,31,32500,Docklands,False
2013_Round_17_North_Melbourne_vs_Carlton,2013,Round 17,2013-07-19 19:50:00,Friday,North Melbourne,Carlton,108,109,Carlton,1,37443,Docklands,False
2013_Round_17_Hawthorn_vs_Western_Bulldogs,2013,Round 17,2013-07-20 13:45:00,Saturday,Hawthorn,Western Bulldogs,95,76,Hawthorn,19,14022,York Park,False
2013_Round_17_Greater_Western_Sydney_vs_Essendon,2013,Round 17,2013-07-20 14:10:00,Saturday,Greater Western Sydney,Essendon,77,116,Essendon,39,10783,Sydney Showground,False
2013_Round_17_Gold_Coast_vs_Collingwood,2013,Round 17,2013-07-20 16:40:00,Saturday,Gold Coast,Collingwood,85,78,Gold Coast,7,19721,Carrara,False
2013_Round_17_Melbourne_vs_Brisbane_Lions,2013,Round 17,2013-07-20 19:10:00,Saturday,Melbourne,Brisbane Lions,75,94,Brisbane Lions,19,7615,Marrara Oval,False
2013_Round_17_St_Kilda_vs_Port_Adelaide,2013,Round 17,2013-07-20 19:40:00,Saturday,St Kilda,Port Adelaide,92,97,Port Adelaide,5,14878,Docklands,False
2013_Round_17_Richmond_vs_Fremantle,2013,Round 17,2013-07-21 13:10:00,Sunday,Richmond,Fremantle,84,57,Richmond,27,40125,M.C.G.,False
2013_Round_17_West_Coast_vs_Sydney,2013,Round 17,2013-07-21 14:40:00,Sunday,West Coast,Sydney,79,113,Sydney,34,35166,Subiaco,False
2013_Round_17_Adelaide_vs_Geelong,2013,Round 17,2013-07-21 14:50:00,Sunday,Adelaide,Geelong,94,92,Adelaide,2,28603,Football Park,False
2013_Round_18_Essendon_vs_Hawthorn,2013,Round 18,2013-07-26 19:50:00,Friday,Essendon,Hawthorn,87,143,Hawthorn,56,49505,Docklands,False
2013_Round_18_Gold_Coast_vs_Carlton,2013,Round 18,2013-07-27 13:45:00,Saturday,Gold Coast,Carlton,77,120,Carlton,43,19460,Carrara,False
2013_Round_18_Melbourne_vs_North_Melbourne,2013,Round 18,2013-07-27 14:10:00,Saturday,Melbourne,North Melbourne,28,150,North Melbourne,122,16962,Docklands,False
2013_Round_18_Collingwood_vs_Greater_Western_Sydney,2013,Round 18,2013-07-27 16:40:00,Saturday,Collingwood,Greater Western Sydney,106,66,Collingwood,40,32691,M.C.G.,False
2013_Round_18_Fremantle_vs_Adelaide,2013,Round 18,2013-07-27 17:40:00,Saturday,Fremantle,Adelaide,75,53,Fremantle,22,28765,Subiaco,False
2013_Round_18_Geelong_vs_St_Kilda,2013,Round 18,2013-07-27 19:40:00,Saturday,Geelong,St Kilda,137,36,Geelong,101,26833,Kardinia Park,False
2013_Round_18_Port_Adelaide_vs_Brisbane_Lions,2013,Round 18,2013-07-28 12:40:00,Sunday,Port Adelaide,Brisbane Lions,71,62,Port Adelaide,9,22631,Football Park,False
2013_Round_18_Western_Bulldogs_vs_West_Coast,2013,Round 18,2013-07-28 15:20:00,Sunday,Western Bulldogs,West Coast,111,89,Western Bulldogs,22,17019,Docklands,False
2013_Round_18_Sydney_vs_Richmond,2013,Round 18,2013-07-28 16:40:00,Sunday,Sydney,Richmond,110,63,Sydney,47,29738,S.C.G.,False
2013_Round_19_North_Melbourne_vs_Geelong,2013,Round 19,2013-08-02 19:50:00,Friday,North Melbourne,Geelong,96,86,North Melbourne,10,33584,Docklands,False
2013_Round_19_Greater_Western_Sydney_vs_Melbourne,2013,Round 19,2013-08-03 13:45:00,Saturday,Greater Western Sydney,Melbourne,124,87,Greater Western Sydney,37,8308,Sydney Showground,False
2013_Round_19_Hawthorn_vs_Richmond,2013,Round 19,2013-08-03 14:10:00,Saturday,Hawthorn,Richmond,66,107,Richmond,41,64324,M.C.G.,False
2013_Round_19_West_Coast_vs_Gold_Coast,2013,Round 19,2013-08-03 14:40:00,Saturday,West Coast,Gold Coast,130,113,West Coast,17,32140,Subiaco,False
2013_Round_19_Brisbane_Lions_vs_St_Kilda,2013,Round 19,2013-08-03 19:40:00,Saturday,Brisbane Lions,St Kilda,108,77,Brisbane Lions,31,19856,Gabba,False
2013_Round_19_Carlton_vs_Fremantle,2013,Round 19,2013-08-03 19:40:00,Saturday,Carlton,Fremantle,80,116,Fremantle,36,30457,Docklands,False
2013_Round_19_Western_Bulldogs_vs_Sydney,2013,Round 19,2013-08-04 13:10:00,Sunday,Western Bulldogs,Sydney,99,134,Sydney,35,22647,Docklands,False
2013_Round_19_Adelaide_vs_Port_Adelaide,2013,Round 19,2013-08-04 14:50:00,Sunday,Adelaide,Port Adelaide,103,107,Port Adelaide,4,43368,Football Park,False
2013_Round_19_Collingwood_vs_Essendon,2013,Round 19,2013-08-04 16:40:00,Sunday,Collingwood,Essendon,133,54,Collingwood,79,69821,M.C.G.,False
2013_Round_20_St_Kilda_vs_Hawthorn,2013,Round 20,2013-08-09 19:50:00,Friday,St Kilda,Hawthorn,56,102,Hawthorn,46,24765,Docklands,False
2013_Round_20_Richmond_vs_Brisbane_Lions,2013,Round 20,2013-08-10 13:45:00,Saturday,Richmond,Brisbane Lions,97,74,Richmond,23,46961,M.C.G.,False
2013_Round_20_Geelong_vs_Port_Adelaide,2013,Round 20,2013-08-10 14:10:00,Saturday,Geelong,Port Adelaide,129,104,Geelong,25,24784,Kardinia Park,False
2013_Round_20_Carlton_vs_Western_Bulldogs,2013,Round 20,2013-08-10 16:40:00,Saturday,Carlton,Western Bulldogs,89,117,Western Bulldogs,28,31126,Docklands,False
2013_Round_20_Gold_Coast_vs_Melbourne,2013,Round 20,2013-08-10 19:40:00,Saturday,Gold Coast,Melbourne,90,77,Gold Coast,13,13840,Carrara,False
2013_Round_20_Sydney_vs_Collingwood,2013,Round 20,2013-08-10 19:40:00,Saturday,Sydney,Collingwood,71,100,Collingwood,29,42627,Stadium Australia,False
2013_Round_20_Essendon_vs_West_Coast,2013,Round 20,2013-08-11 13:10:00,Sunday,Essendon,West Coast,67,120,West Coast,53,32595,Docklands,False
2013_Round_20_Fremantle_vs_Greater_Western_Sydney,2013,Round 20,2013-08-11 14:40:00,Sunday,Fremantle,Greater Western Sydney,157,44,Fremantle,113,31390,Subiaco,False
2013_Round_20_Adelaide_vs_North_Melbourne,2013,Round 20,2013-08-11 14:50:00,Sunday,Adelaide,North Melbourne,79,70,Adelaide,9,31801,Football Park,False
2013_Round_21_Hawthorn_vs_Collingwood,2013,Round 21,2013-08-16 19:50:00,Friday,Hawthorn,Collingwood,119,84,Hawthorn,35,71533,M.C.G.,False
2013_Round_21_Port_Adelaide_vs_Gold_Coast,2013,Round 21,2013-08-17 13:40:00,Saturday,Port Adelaide,Gold Coast,113,96,Port Adelaide,17,18703,Football Park,False
2013_Round_21_Richmond_vs_Carlton,2013,Round 21,2013-08-17 13:45:00,Saturday,Richmond,Carlton,96,106,Carlton,10,60825,M.C.G.,False
2013_Round_21_Essendon_vs_North_Melbourne,2013,Round 21,2013-08-17 16:40:00,Saturday,Essendon,North Melbourne,70,115,North Melbourne,45,34102,Docklands,False
2013_Round_21_West_Coast_vs_Geelong,2013,Round 21,2013-08-17 17:40:00,Saturday,West Coast,Geelong,41,107,Geelong,66,34394,Subiaco,False
2013_Round_21_Brisbane_Lions_vs_Greater_Western_Sydney,2013,Round 21,2013-08-17 19:40:00,Saturday,Brisbane Lions,Greater Western Sydney,123,63,Brisbane Lions,60,13855,Gabba,False
2013_Round_21_Melbourne_vs_Fremantle,2013,Round 21,2013-08-18 13:10:00,Sunday,Melbourne,Fremantle,38,133,Fremantle,95,13768,M.C.G.,False
2013_Round_21_Sydney_vs_St_Kilda,2013,Round 21,2013-08-18 15:20:00,Sunday,Sydney,St Kilda,118,59,Sydney,59,26730,S.C.G.,False
2013_Round_21_Western_Bulldogs_vs_Adelaide,2013,Round 21,2013-08-18 16:40:00,Sunday,Western Bulldogs,Adelaide,131,114,Western Bulldogs,17,17159,Docklands,False
2013_Round_22_Collingwood_vs_West_Coast,2013,Round 22,2013-08-23 19:50:00,Friday,Collingwood,West Coast,101,39,Collingwood,62,41198,M.C.G.,False
2013_Round_22_Adelaide_vs_Melbourne,2013,Round 22,2013-08-24 13:15:00,Saturday,Adelaide,Melbourne,120,52,Adelaide,68,34653,Football Park,False
2013_Round_22_North_Melbourne_vs_Hawthorn,2013,Round 22,2013-08-24 14:10:00,Saturday,North Melbourne,Hawthorn,103,117,Hawthorn,14,33039,Docklands,False
2013_Round_22_Geelong_vs_Sydney,2013,Round 22,2013-08-24 16:40:00,Saturday,Geelong,Sydney,92,48,Geelong,44,28459,Kardinia Park,False
2013_Round_22_Fremantle_vs_Port_Adelaide,2013,Round 22,2013-08-24 17:40:00,Saturday,Fremantle,Port Adelaide,134,60,Fremantle,74,35565,Subiaco,False
2013_Round_22_Carlton_vs_Essendon,2013,Round 22,2013-08-24 19:40:00,Saturday,Carlton,Essendon,76,82,Essendon,6,53630,M.C.G.,False
2013_Round_22_St_Kilda_vs_Gold_Coast,2013,Round 22,2013-08-25 13:10:00,Sunday,St Kilda,Gold Coast,116,70,St Kilda,46,17622,Docklands,False
2013_Round_22_Greater_Western_Sydney_vs_Richmond,2013,Round 22,2013-08-25 15:20:00,Sunday,Greater Western Sydney,Richmond,42,163,Richmond,121,12314,Sydney Showground,False
2013_Round_22_Brisbane_Lions_vs_Western_Bulldogs,2013,Round 22,2013-08-25 16:40:00,Sunday,Brisbane Lions,Western Bulldogs,100,93,Brisbane Lions,7,20130,Gabba,False
2013_Round_23_Sydney_vs_Hawthorn,2013,Round 23,2013-08-30 19:50:00,Friday,Sydney,Hawthorn,100,112,Hawthorn,12,37980,Stadium Australia,False
2013_Round_23_St_Kilda_vs_Fremantle,2013,Round 23,2013-08-31 13:45:00,Saturday,St Kilda,Fremantle,112,41,St Kilda,71,22476,Docklands,False
2013_Round_23_Geelong_vs_Brisbane_Lions,2013,Round 23,2013-08-31 14:10:00,Saturday,Geelong,Brisbane Lions,112,111,Geelong,1,27467,Kardinia Park,False
2013_Round_23_Port_Adelaide_vs_Carlton,2013,Round 23,2013-08-31 16:10:00,Saturday,Port Adelaide,Carlton,103,104,Carlton,1,45127,Football Park,False
2013_Round_23_West_Coast_vs_Adelaide,2013,Round 23,2013-08-31 18:10:00,Saturday,West Coast,Adelaide,43,129,Adelaide,86,29416,Subiaco,False
2013_Round_23_Essendon_vs_Richmond,2013,Round 23,2013-08-31 19:40:00,Saturday,Essendon,Richmond,65,104,Richmond,39,60979,M.C.G.,False
2013_Round_23_Gold_Coast_vs_Greater_Western_Sydney,2013,Round 23,2013-09-01 13:10:00,Sunday,Gold Coast,Greater Western Sydney,146,63,Gold Coast,83,13080,Carrara,False
2013_Round_23_Collingwood_vs_North_Melbourne,2013,Round 23,2013-09-01 15:20:00,Sunday,Collingwood,North Melbourne,114,125,North Melbourne,11,50958,M.C.G.,False
2013_Round_23_Western_Bulldogs_vs_Melbourne,2013,Round 23,2013-09-01 16:40:00,Sunday,Western Bulldogs,Melbourne,107,87,Western Bulldogs,20,22176,Docklands,False
2013_Qualifying_Final_Hawthorn_vs_Sydney,2013,Qualifying Final,2013-09-06 19:50:00,Friday,Hawthorn,Sydney,105,51,Hawthorn,54,59615,M.C.G.,True
2013_Qualifying_Final_Geelong_vs_Fremantle,2013,Qualifying Final,2013-09-07 14:20:00,Saturday,Geelong,Fremantle,72,87,Fremantle,15,32458,Kardinia Park,True
2013_Elimination_Final_Collingwood_vs_Port_Adelaide,2013,Elimination Final,2013-09-07 19:45:00,Saturday,Collingwood,Port Adelaide,63,87,Port Adelaide,24,51722,M.C.G.,True
2013_Elimination_Final_Richmond_vs_Carlton,2013,Elimination Final,2013-09-08 15:20:00,Sunday,Richmond,Carlton,96,116,Carlton,20,94690,M.C.G.,True
2013_Semi_Final_Geelong_vs_Port_Adelaide,2013,Semi Final,2013-09-13 19:50:00,Friday,Geelong,Port Adelaide,96,80,Geelong,16,52744,M.C.G.,True
2013_Semi_Final_Sydney_vs_Carlton,2013,Semi Final,2013-09-14 19:45:00,Saturday,Sydney,Carlton,86,62,Sydney,24,37980,Stadium Australia,True
2013_Preliminary_Final_Hawthorn_vs_Geelong,2013,Preliminary Final,2013-09-20 19:50:00,Friday,Hawthorn,Geelong,102,97,Hawthorn,5,85569,M.C.G.,True
2013_Preliminary_Final_Fremantle_vs_Sydney,2013,Preliminary Final,2013-09-21 17:45:00,Saturday,Fremantle,Sydney,99,74,Fremantle,25,43249,Subiaco,True
2013_Grand_Final_Hawthorn_vs_Fremantle,2013,Grand Final,2013-09-28 14:30:00,Saturday,Hawthorn,Fremantle,77,62,Hawthorn,15,100007,M.C.G.,True
2014_Round_1_Collingwood_vs_Fremantle,2014,Round 1,2014-03-14 19:50:00,Friday,Collingwood,Fremantle,46,116,Fremantle,70,37571,Docklands,False
2014_Round_1_Greater_Western_Sydney_vs_Sydney,2014,Round 1,2014-03-15 16:40:00,Saturday,Greater Western Sydney,Sydney,99,67,Greater Western Sydney,32,17102,Sydney Showground,False
2014_Round_1_Gold_Coast_vs_Richmond,2014,Round 1,2014-03-15 18:55:00,Saturday,Gold Coast,Richmond,87,69,Gold Coast,18,19425,Carrara,False
2014_Round_1_Carlton_vs_Port_Adelaide,2014,Round 1,2014-03-16 19:40:00,Sunday,Carlton,Port Adelaide,87,120,Port Adelaide,33,24640,Docklands,False
2014_Round_1_Geelong_vs_Adelaide,2014,Round 1,2014-03-20 19:10:00,Thursday,Geelong,Adelaide,119,81,Geelong,38,23622,Kardinia Park,False
2014_Round_1_North_Melbourne_vs_Essendon,2014,Round 1,2014-03-21 19:50:00,Friday,North Melbourne,Essendon,60,99,Essendon,39,42332,Docklands,False
2014_Round_1_Hawthorn_vs_Brisbane_Lions,2014,Round 1,2014-03-22 16:40:00,Saturday,Hawthorn,Brisbane Lions,139,91,Hawthorn,48,12430,York Park,False
2014_Round_1_St_Kilda_vs_Melbourne,2014,Round 1,2014-03-22 19:40:00,Saturday,St Kilda,Melbourne,68,51,St Kilda,17,31657,Docklands,False
2014_Round_1_West_Coast_vs_Western_Bulldogs,2014,Round 1,2014-03-23 16:40:00,Sunday,West Coast,Western Bulldogs,134,69,West Coast,65,36752,Subiaco,False
2014_Round_2_Richmond_vs_Carlton,2014,Round 2,2014-03-27 19:45:00,Thursday,Richmond,Carlton,98,86,Richmond,12,62037,M.C.G.,False
2014_Round_2_Essendon_vs_Hawthorn,2014,Round 2,2014-03-28 19:50:00,Friday,Essendon,Hawthorn,86,90,Hawthorn,4,44163,Docklands,False
2014_Round_2_St_Kilda_vs_Greater_Western_Sydney,2014,Round 2,2014-03-29 13:40:00,Saturday,St Kilda,Greater Western Sydney,95,88,St Kilda,7,19640,Docklands,False
2014_Round_2_Port_Adelaide_vs_Adelaide,2014,Round 2,2014-03-29 16:15:00,Saturday,Port Adelaide,Adelaide,127,73,Port Adelaide,54,50397,Adelaide Oval,False
2014_Round_2_Fremantle_vs_Gold_Coast,2014,Round 2,2014-03-29 16:40:00,Saturday,Fremantle,Gold Coast,87,39,Fremantle,48,35583,Subiaco,False
2014_Round_2_Sydney_vs_Collingwood,2014,Round 2,2014-03-29 19:40:00,Saturday,Sydney,Collingwood,69,89,Collingwood,20,32347,Stadium Australia,False
2014_Round_2_Brisbane_Lions_vs_Geelong,2014,Round 2,2014-03-30 12:10:00,Sunday,Brisbane Lions,Geelong,68,93,Geelong,25,20933,Gabba,False
2014_Round_2_Melbourne_vs_West_Coast,2014,Round 2,2014-03-30 15:20:00,Sunday,Melbourne,West Coast,30,123,West Coast,93,22230,M.C.G.,False
2014_Round_2_Western_Bulldogs_vs_North_Melbourne,2014,Round 2,2014-03-30 16:40:00,Sunday,Western Bulldogs,North Melbourne,54,83,North Melbourne,29,28512,Docklands,False
2014_Round_3_Hawthorn_vs_Fremantle,2014,Round 3,2014-04-04 19:50:00,Friday,Hawthorn,Fremantle,137,79,Hawthorn,58,43583,M.C.G.,False
2014_Round_3_Adelaide_vs_Sydney,2014,Round 3,2014-04-05 13:40:00,Saturday,Adelaide,Sydney,71,134,Sydney,63,47426,Adelaide Oval,False
2014_Round_3_Western_Bulldogs_vs_Richmond,2014,Round 3,2014-04-05 13:45:00,Saturday,Western Bulldogs,Richmond,100,98,Western Bulldogs,2,31724,Docklands,False
2014_Round_3_Gold_Coast_vs_Brisbane_Lions,2014,Round 3,2014-04-05 15:40:00,Saturday,Gold Coast,Brisbane Lions,114,61,Gold Coast,53,16593,Carrara,False
2014_Round_3_West_Coast_vs_St_Kilda,2014,Round 3,2014-04-05 16:40:00,Saturday,West Coast,St Kilda,83,58,West Coast,25,36448,Subiaco,False
2014_Round_3_Collingwood_vs_Geelong,2014,Round 3,2014-04-05 19:40:00,Saturday,Collingwood,Geelong,76,87,Geelong,11,63152,M.C.G.,False
2014_Round_3_Greater_Western_Sydney_vs_Melbourne,2014,Round 3,2014-04-06 13:10:00,Sunday,Greater Western Sydney,Melbourne,79,47,Greater Western Sydney,32,7016,Sydney Showground,False
2014_Round_3_North_Melbourne_vs_Port_Adelaide,2014,Round 3,2014-04-06 16:10:00,Sunday,North Melbourne,Port Adelaide,97,90,North Melbourne,7,19111,Docklands,False
2014_Round_3_Essendon_vs_Carlton,2014,Round 3,2014-04-06 19:10:00,Sunday,Essendon,Carlton,138,57,Essendon,81,62730,M.C.G.,False
2014_Round_4_Richmond_vs_Collingwood,2014,Round 4,2014-04-11 19:50:00,Friday,Richmond,Collingwood,72,110,Collingwood,38,62100,M.C.G.,False
2014_Round_4_Port_Adelaide_vs_Brisbane_Lions,2014,Round 4,2014-04-12 13:40:00,Saturday,Port Adelaide,Brisbane Lions,159,46,Port Adelaide,113,36231,Adelaide Oval,False
2014_Round_4_Carlton_vs_Melbourne,2014,Round 4,2014-04-12 13:45:00,Saturday,Carlton,Melbourne,58,81,Melbourne,23,37323,M.C.G.,False
2014_Round_4_Greater_Western_Sydney_vs_Western_Bulldogs,2014,Round 4,2014-04-12 16:40:00,Saturday,Greater Western Sydney,Western Bulldogs,83,110,Western Bulldogs,27,7863,Manuka Oval,False
2014_Round_4_Geelong_vs_West_Coast,2014,Round 4,2014-04-12 19:40:00,Saturday,Geelong,West Coast,107,32,Geelong,75,25271,Kardinia Park,False
2014_Round_4_Gold_Coast_vs_Hawthorn,2014,Round 4,2014-04-12 19:40:00,Saturday,Gold Coast,Hawthorn,49,148,Hawthorn,99,17729,Carrara,False
2014_Round_4_Sydney_vs_North_Melbourne,2014,Round 4,2014-04-13 13:10:00,Sunday,Sydney,North Melbourne,48,91,North Melbourne,43,25505,S.C.G.,False
2014_Round_4_Fremantle_vs_Essendon,2014,Round 4,2014-04-13 14:40:00,Sunday,Fremantle,Essendon,113,60,Fremantle,53,36722,Subiaco,False
2014_Round_4_St_Kilda_vs_Adelaide,2014,Round 4,2014-04-13 15:20:00,Sunday,St Kilda,Adelaide,50,136,Adelaide,86,22923,Docklands,False
2014_Round_5_Brisbane_Lions_vs_Richmond,2014,Round 5,2014-04-17 19:50:00,Thursday,Brisbane Lions,Richmond,63,106,Richmond,43,20676,Gabba,False
2014_Round_5_Collingwood_vs_North_Melbourne,2014,Round 5,2014-04-19 13:40:00,Saturday,Collingwood,North Melbourne,93,58,Collingwood,35,57116,M.C.G.,False
2014_Round_5_Sydney_vs_Fremantle,2014,Round 5,2014-04-19 16:40:00,Saturday,Sydney,Fremantle,92,75,Sydney,17,25376,S.C.G.,False
2014_Round_5_West_Coast_vs_Port_Adelaide,2014,Round 5,2014-04-19 17:40:00,Saturday,West Coast,Port Adelaide,56,70,Port Adelaide,14,35366,Subiaco,False
2014_Round_5_Essendon_vs_St_Kilda,2014,Round 5,2014-04-19 19:40:00,Saturday,Essendon,St Kilda,65,81,St Kilda,16,36041,Docklands,False
2014_Round_5_Adelaide_vs_Greater_Western_Sydney,2014,Round 5,2014-04-20 12:40:00,Sunday,Adelaide,Greater Western Sydney,137,72,Adelaide,65,44770,Adelaide Oval,False
2014_Round_5_Melbourne_vs_Gold_Coast,2014,Round 5,2014-04-20 15:20:00,Sunday,Melbourne,Gold Coast,78,86,Gold Coast,8,17243,M.C.G.,False
2014_Round_5_Western_Bulldogs_vs_Carlton,2014,Round 5,2014-04-20 16:40:00,Sunday,Western Bulldogs,Carlton,91,119,Carlton,28,27986,Docklands,False
2014_Round_5_Geelong_vs_Hawthorn,2014,Round 5,2014-04-21 15:20:00,Monday,Geelong,Hawthorn,106,87,Geelong,19,80222,M.C.G.,False
2014_Round_6_Collingwood_vs_Essendon,2014,Round 6,2014-04-25 14:40:00,Friday,Collingwood,Essendon,83,60,Collingwood,23,91731,M.C.G.,False
2014_Round_6_Fremantle_vs_North_Melbourne,2014,Round 6,2014-04-25 18:45:00,Friday,Fremantle,North Melbourne,61,74,North Melbourne,13,37624,Subiaco,False
2014_Round_6_St_Kilda_vs_Brisbane_Lions,2014,Round 6,2014-04-25 19:45:00,Friday,St Kilda,Brisbane Lions,79,82,Brisbane Lions,3,13409,Wellington,False
2014_Round_6_Gold_Coast_vs_Greater_Western_Sydney,2014,Round 6,2014-04-26 13:40:00,Saturday,Gold Coast,Greater Western Sydney,134,94,Gold Coast,40,11504,Carrara,False
2014_Round_6_Carlton_vs_West_Coast,2014,Round 6,2014-04-26 16:40:00,Saturday,Carlton,West Coast,92,89,Carlton,3,31005,Docklands,False
2014_Round_6_Melbourne_vs_Sydney,2014,Round 6,2014-04-26 19:40:00,Saturday,Melbourne,Sydney,38,69,Sydney,31,24855,M.C.G.,False
2014_Round_6_Western_Bulldogs_vs_Adelaide,2014,Round 6,2014-04-27 13:10:00,Sunday,Western Bulldogs,Adelaide,83,92,Adelaide,9,17404,Docklands,False
2014_Round_6_Richmond_vs_Hawthorn,2014,Round 6,2014-04-27 15:20:00,Sunday,Richmond,Hawthorn,52,118,Hawthorn,66,52990,M.C.G.,False
2014_Round_6_Port_Adelaide_vs_Geelong,2014,Round 6,2014-04-27 16:10:00,Sunday,Port Adelaide,Geelong,107,67,Port Adelaide,40,47007,Adelaide Oval,False
2014_Round_7_Carlton_vs_Collingwood,2014,Round 7,2014-05-02 19:50:00,Friday,Carlton,Collingwood,70,104,Collingwood,34,68251,M.C.G.,False
2014_Round_7_Hawthorn_vs_St_Kilda,2014,Round 7,2014-05-03 13:45:00,Saturday,Hawthorn,St Kilda,175,30,Hawthorn,145,32924,M.C.G.,False
2014_Round_7_Greater_Western_Sydney_vs_Port_Adelaide,2014,Round 7,2014-05-03 14:10:00,Saturday,Greater Western Sydney,Port Adelaide,97,132,Port Adelaide,35,6549,Manuka Oval,False
2014_Round_7_Adelaide_vs_Melbourne,2014,Round 7,2014-05-03 16:10:00,Saturday,Adelaide,Melbourne,67,70,Melbourne,3,44216,Adelaide Oval,False
2014_Round_7_Brisbane_Lions_vs_Sydney,2014,Round 7,2014-05-03 19:40:00,Saturday,Brisbane Lions,Sydney,44,123,Sydney,79,17953,Gabba,False
2014_Round_7_Essendon_vs_Western_Bulldogs,2014,Round 7,2014-05-03 19:40:00,Saturday,Essendon,Western Bulldogs,73,65,Essendon,8,33289,Docklands,False
2014_Round_7_North_Melbourne_vs_Gold_Coast,2014,Round 7,2014-05-04 13:10:00,Sunday,North Melbourne,Gold Coast,77,120,Gold Coast,43,19819,Docklands,False
2014_Round_7_West_Coast_vs_Fremantle,2014,Round 7,2014-05-04 14:40:00,Sunday,West Coast,Fremantle,54,73,Fremantle,19,40476,Subiaco,False
2014_Round_7_Geelong_vs_Richmond,2014,Round 7,2014-05-04 15:20:00,Sunday,Geelong,Richmond,81,76,Geelong,5,34377,M.C.G.,False
2014_Round_8_Sydney_vs_Hawthorn,2014,Round 8,2014-05-09 19:50:00,Friday,Sydney,Hawthorn,107,88,Sydney,19,34506,Stadium Australia,False
2014_Round_8_Port_Adelaide_vs_Fremantle,2014,Round 8,2014-05-10 13:10:00,Saturday,Port Adelaide,Fremantle,94,76,Port Adelaide,18,38234,Adelaide Oval,False
2014_Round_8_Brisbane_Lions_vs_Essendon,2014,Round 8,2014-05-10 16:40:00,Saturday,Brisbane Lions,Essendon,57,65,Essendon,8,26522,Gabba,False
2014_Round_8_Melbourne_vs_Western_Bulldogs,2014,Round 8,2014-05-10 19:40:00,Saturday,Melbourne,Western Bulldogs,83,99,Western Bulldogs,16,36326,M.C.G.,False
2014_Round_8_West_Coast_vs_Greater_Western_Sydney,2014,Round 8,2014-05-11 14:40:00,Sunday,West Coast,Greater Western Sydney,188,77,West Coast,111,29391,Subiaco,False
2014_Round_8_St_Kilda_vs_Carlton,2014,Round 8,2014-05-12 19:20:00,Monday,St Kilda,Carlton,69,101,Carlton,32,26708,Docklands,False
2014_Round_9_Adelaide_vs_Collingwood,2014,Round 9,2014-05-15 19:20:00,Thursday,Adelaide,Collingwood,76,55,Adelaide,21,50051,Adelaide Oval,False
2014_Round_9_Essendon_vs_Sydney,2014,Round 9,2014-05-16 19:50:00,Friday,Essendon,Sydney,64,114,Sydney,50,41098,Docklands,False
2014_Round_9_Richmond_vs_Melbourne,2014,Round 9,2014-05-17 13:40:00,Saturday,Richmond,Melbourne,74,91,Melbourne,17,56910,M.C.G.,False
2014_Round_9_North_Melbourne_vs_Brisbane_Lions,2014,Round 9,2014-05-17 16:40:00,Saturday,North Melbourne,Brisbane Lions,125,38,North Melbourne,87,21152,Docklands,False
2014_Round_9_Fremantle_vs_Geelong,2014,Round 9,2014-05-17 17:40:00,Saturday,Fremantle,Geelong,96,64,Fremantle,32,38565,Subiaco,False
2014_Round_9_St_Kilda_vs_Gold_Coast,2014,Round 9,2014-05-18 16:40:00,Sunday,St Kilda,Gold Coast,87,125,Gold Coast,38,14625,Docklands,False
2014_Round_10_Geelong_vs_North_Melbourne,2014,Round 10,2014-05-23 19:50:00,Friday,Geelong,North Melbourne,111,91,Geelong,20,27402,Kardinia Park,False
2014_Round_10_Greater_Western_Sydney_vs_Richmond,2014,Round 10,2014-05-24 13:40:00,Saturday,Greater Western Sydney,Richmond,41,154,Richmond,113,8331,Sydney Showground,False
2014_Round_10_Collingwood_vs_West_Coast,2014,Round 10,2014-05-24 16:40:00,Saturday,Collingwood,West Coast,109,101,Collingwood,8,53049,M.C.G.,False
2014_Round_10_Port_Adelaide_vs_Hawthorn,2014,Round 10,2014-05-24 19:10:00,Saturday,Port Adelaide,Hawthorn,100,86,Port Adelaide,14,52233,Adelaide Oval,False
2014_Round_10_Gold_Coast_vs_Western_Bulldogs,2014,Round 10,2014-05-25 15:20:00,Sunday,Gold Coast,Western Bulldogs,119,74,Gold Coast,45,14235,Carrara,False
2014_Round_10_Carlton_vs_Adelaide,2014,Round 10,2014-05-25 16:40:00,Sunday,Carlton,Adelaide,81,76,Carlton,5,32419,M.C.G.,False
2014_Round_11_Sydney_vs_Geelong,2014,Round 11,2014-05-29 19:10:00,Thursday,Sydney,Geelong,148,38,Sydney,110,37355,S.C.G.,False
2014_Round_11_St_Kilda_vs_Collingwood,2014,Round 11,2014-05-30 19:50:00,Friday,St Kilda,Collingwood,54,140,Collingwood,86,34855,Docklands,False
2014_Round_11_Melbourne_vs_Port_Adelaide,2014,Round 11,2014-05-31 13:10:00,Saturday,Melbourne,Port Adelaide,75,95,Port Adelaide,20,5655,Traeger Park,False
2014_Round_11_Brisbane_Lions_vs_Carlton,2014,Round 11,2014-05-31 16:40:00,Saturday,Brisbane Lions,Carlton,98,91,Brisbane Lions,7,24625,Gabba,False
2014_Round_11_Essendon_vs_Richmond,2014,Round 11,2014-05-31 19:45:00,Saturday,Essendon,Richmond,104,54,Essendon,50,74664,M.C.G.,False
2014_Round_11_Adelaide_vs_Gold_Coast,2014,Round 11,2014-06-01 12:40:00,Sunday,Adelaide,Gold Coast,109,77,Adelaide,32,49069,Adelaide Oval,False
2014_Round_11_Western_Bulldogs_vs_Fremantle,2014,Round 11,2014-06-01 15:20:00,Sunday,Western Bulldogs,Fremantle,51,89,Fremantle,38,14913,Docklands,False
2014_Round_11_Hawthorn_vs_Greater_Western_Sydney,2014,Round 11,2014-06-01 16:40:00,Sunday,Hawthorn,Greater Western Sydney,94,87,Hawthorn,7,17906,M.C.G.,False
2014_Round_11_West_Coast_vs_North_Melbourne,2014,Round 11,2014-06-01 17:40:00,Sunday,West Coast,North Melbourne,44,82,North Melbourne,38,35914,Subiaco,False
2014_Round_12_Geelong_vs_Carlton,2014,Round 12,2014-06-06 19:50:00,Friday,Geelong,Carlton,107,102,Geelong,5,36952,Docklands,False
2014_Round_12_Hawthorn_vs_West_Coast,2014,Round 12,2014-06-07 13:40:00,Saturday,Hawthorn,West Coast,123,79,Hawthorn,44,15504,York Park,False
2014_Round_12_Port_Adelaide_vs_St_Kilda,2014,Round 12,2014-06-07 16:10:00,Saturday,Port Adelaide,St Kilda,129,59,Port Adelaide,70,42374,Adelaide Oval,False
2014_Round_12_Greater_Western_Sydney_vs_Essendon,2014,Round 12,2014-06-07 19:40:00,Saturday,Greater Western Sydney,Essendon,66,81,Essendon,15,8429,Sydney Showground,False
2014_Round_12_Western_Bulldogs_vs_Brisbane_Lions,2014,Round 12,2014-06-07 19:40:00,Saturday,Western Bulldogs,Brisbane Lions,87,95,Brisbane Lions,8,18054,Docklands,False
2014_Round_12_Fremantle_vs_Adelaide,2014,Round 12,2014-06-08 14:10:00,Sunday,Fremantle,Adelaide,90,50,Fremantle,40,35389,Subiaco,False
2014_Round_12_Gold_Coast_vs_Sydney,2014,Round 12,2014-06-08 15:20:00,Sunday,Gold Coast,Sydney,74,109,Sydney,35,21354,Carrara,False
2014_Round_12_North_Melbourne_vs_Richmond,2014,Round 12,2014-06-08 19:10:00,Sunday,North Melbourne,Richmond,116,88,North Melbourne,28,32977,Docklands,False
2014_Round_12_Melbourne_vs_Collingwood,2014,Round 12,2014-06-09 15:20:00,Monday,Melbourne,Collingwood,28,61,Collingwood,33,68130,M.C.G.,False
2014_Round_13_Carlton_vs_Hawthorn,2014,Round 13,2014-06-13 19:50:00,Friday,Carlton,Hawthorn,90,118,Hawthorn,28,49624,M.C.G.,False
2014_Round_13_Richmond_vs_Fremantle,2014,Round 13,2014-06-14 13:45:00,Saturday,Richmond,Fremantle,85,105,Fremantle,20,22083,M.C.G.,False
2014_Round_13_Sydney_vs_Port_Adelaide,2014,Round 13,2014-06-14 14:10:00,Saturday,Sydney,Port Adelaide,98,94,Sydney,4,41317,S.C.G.,False
2014_Round_13_West_Coast_vs_Gold_Coast,2014,Round 13,2014-06-14 14:40:00,Saturday,West Coast,Gold Coast,103,100,West Coast,3,32942,Subiaco,False
2014_Round_13_Adelaide_vs_North_Melbourne,2014,Round 13,2014-06-14 19:10:00,Saturday,Adelaide,North Melbourne,109,73,Adelaide,36,47205,Adelaide Oval,False
2014_Round_13_Brisbane_Lions_vs_Greater_Western_Sydney,2014,Round 13,2014-06-14 19:40:00,Saturday,Brisbane Lions,Greater Western Sydney,80,125,Greater Western Sydney,45,12700,Gabba,False
2014_Round_13_Geelong_vs_St_Kilda,2014,Round 13,2014-06-15 13:10:00,Sunday,Geelong,St Kilda,133,37,Geelong,96,25180,Kardinia Park,False
2014_Round_13_Collingwood_vs_Western_Bulldogs,2014,Round 13,2014-06-15 15:20:00,Sunday,Collingwood,Western Bulldogs,98,106,Western Bulldogs,8,28339,Docklands,False
2014_Round_13_Essendon_vs_Melbourne,2014,Round 13,2014-06-15 16:40:00,Sunday,Essendon,Melbourne,77,78,Melbourne,1,44626,M.C.G.,False
2014_Round_14_Richmond_vs_Sydney,2014,Round 14,2014-06-20 19:50:00,Friday,Richmond,Sydney,51,62,Sydney,11,34648,M.C.G.,False
2014_Round_14_Port_Adelaide_vs_Western_Bulldogs,2014,Round 14,2014-06-21 13:15:00,Saturday,Port Adelaide,Western Bulldogs,128,56,Port Adelaide,72,34258,Adelaide Oval,False
2014_Round_14_Hawthorn_vs_Collingwood,2014,Round 14,2014-06-21 14:10:00,Saturday,Hawthorn,Collingwood,115,86,Hawthorn,29,70516,M.C.G.,False
2014_Round_14_Gold_Coast_vs_Geelong,2014,Round 14,2014-06-21 16:40:00,Saturday,Gold Coast,Geelong,118,78,Gold Coast,40,18236,Carrara,False
2014_Round_14_Fremantle_vs_Brisbane_Lions,2014,Round 14,2014-06-21 17:40:00,Saturday,Fremantle,Brisbane Lions,105,22,Fremantle,83,25152,Subiaco,False
2014_Round_14_Essendon_vs_Adelaide,2014,Round 14,2014-06-21 19:40:00,Saturday,Essendon,Adelaide,101,92,Essendon,9,30948,Docklands,False
2014_Round_14_Greater_Western_Sydney_vs_Carlton,2014,Round 14,2014-06-22 13:10:00,Sunday,Greater Western Sydney,Carlton,100,92,Greater Western Sydney,8,9059,Sydney Showground,False
2014_Round_14_St_Kilda_vs_West_Coast,2014,Round 14,2014-06-22 15:20:00,Sunday,St Kilda,West Coast,70,103,West Coast,33,17317,Docklands,False
2014_Round_14_Melbourne_vs_North_Melbourne,2014,Round 14,2014-06-22 16:40:00,Sunday,Melbourne,North Melbourne,66,107,North Melbourne,41,26615,M.C.G.,False
2014_Round_15_Geelong_vs_Essendon,2014,Round 15,2014-06-27 19:50:00,Friday,Geelong,Essendon,89,80,Geelong,9,43732,Docklands,False
2014_Round_15_Hawthorn_vs_Gold_Coast,2014,Round 15,2014-06-28 13:45:00,Saturday,Hawthorn,Gold Coast,116,63,Hawthorn,53,13178,York Park,False
2014_Round_15_St_Kilda_vs_Richmond,2014,Round 15,2014-06-28 14:10:00,Saturday,St Kilda,Richmond,73,117,Richmond,44,28487,Docklands,False
2014_Round_15_Fremantle_vs_West_Coast,2014,Round 15,2014-06-28 14:40:00,Saturday,Fremantle,West Coast,88,81,Fremantle,7,40490,Subiaco,False
2014_Round_15_Brisbane_Lions_vs_North_Melbourne,2014,Round 15,2014-06-28 19:40:00,Saturday,Brisbane Lions,North Melbourne,70,66,Brisbane Lions,4,15862,Gabba,False
2014_Round_15_Sydney_vs_Greater_Western_Sydney,2014,Round 15,2014-06-28 19:40:00,Saturday,Sydney,Greater Western Sydney,106,60,Sydney,46,27778,S.C.G.,False
2014_Round_15_Western_Bulldogs_vs_Melbourne,2014,Round 15,2014-06-29 13:10:00,Sunday,Western Bulldogs,Melbourne,91,85,Western Bulldogs,6,24953,Docklands,False
2014_Round_15_Adelaide_vs_Port_Adelaide,2014,Round 15,2014-06-29 15:40:00,Sunday,Adelaide,Port Adelaide,99,76,Adelaide,23,50552,Adelaide Oval,False
2014_Round_15_Collingwood_vs_Carlton,2014,Round 15,2014-06-29 19:10:00,Sunday,Collingwood,Carlton,91,76,Collingwood,15,40939,M.C.G.,False
2014_Round_16_North_Melbourne_vs_Hawthorn,2014,Round 16,2014-07-04 19:50:00,Friday,North Melbourne,Hawthorn,108,88,North Melbourne,20,35025,Docklands,False
2014_Round_16_Richmond_vs_Brisbane_Lions,2014,Round 16,2014-07-05 13:45:00,Saturday,Richmond,Brisbane Lions,79,54,Richmond,25,34577,M.C.G.,False
2014_Round_16_Greater_Western_Sydney_vs_Adelaide,2014,Round 16,2014-07-05 14:10:00,Saturday,Greater Western Sydney,Adelaide,72,140,Adelaide,68,8383,Sydney Showground,False
2014_Round_16_Gold_Coast_vs_Collingwood,2014,Round 16,2014-07-05 16:40:00,Saturday,Gold Coast,Collingwood,80,75,Gold Coast,5,24032,Carrara,False
2014_Round_16_Melbourne_vs_Fremantle,2014,Round 16,2014-07-05 19:10:00,Saturday,Melbourne,Fremantle,34,97,Fremantle,63,9290,Marrara Oval,False
2014_Round_16_Port_Adelaide_vs_Essendon,2014,Round 16,2014-07-05 19:10:00,Saturday,Port Adelaide,Essendon,60,62,Essendon,2,46786,Adelaide Oval,False
2014_Round_16_Carlton_vs_St_Kilda,2014,Round 16,2014-07-06 13:10:00,Sunday,Carlton,St Kilda,151,66,Carlton,85,29297,Docklands,False
2014_Round_16_West_Coast_vs_Sydney,2014,Round 16,2014-07-06 13:20:00,Sunday,West Coast,Sydney,51,79,Sydney,28,25076,Subiaco,False
2014_Round_16_Geelong_vs_Western_Bulldogs,2014,Round 16,2014-07-06 16:40:00,Sunday,Geelong,Western Bulldogs,69,56,Geelong,13,24766,Kardinia Park,False
2014_Round_17_Adelaide_vs_Hawthorn,2014,Round 17,2014-07-11 19:20:00,Friday,Adelaide,Hawthorn,92,104,Hawthorn,12,50321,Adelaide Oval,False
2014_Round_17_Melbourne_vs_Geelong,2014,Round 17,2014-07-12 13:45:00,Saturday,Melbourne,Geelong,36,102,Geelong,66,36385,M.C.G.,False
2014_Round_17_North_Melbourne_vs_St_Kilda,2014,Round 17,2014-07-12 14:10:00,Saturday,North Melbourne,St Kilda,92,33,North Melbourne,59,10641,Bellerive Oval,False
2014_Round_17_Western_Bulldogs_vs_Gold_Coast,2014,Round 17,2014-07-12 16:40:00,Saturday,Western Bulldogs,Gold Coast,94,66,Western Bulldogs,28,9746,Cazaly's Stadium,False
2014_Round_17_Brisbane_Lions_vs_West_Coast,2014,Round 17,2014-07-12 19:40:00,Saturday,Brisbane Lions,West Coast,64,76,West Coast,12,13610,Gabba,False
2014_Round_17_Sydney_vs_Carlton,2014,Round 17,2014-07-12 19:40:00,Saturday,Sydney,Carlton,122,51,Sydney,71,34965,S.C.G.,False
2014_Round_17_Richmond_vs_Port_Adelaide,2014,Round 17,2014-07-13 13:10:00,Sunday,Richmond,Port Adelaide,126,106,Richmond,20,21483,Docklands,False
2014_Round_17_Fremantle_vs_Greater_Western_Sydney,2014,Round 17,2014-07-13 14:40:00,Sunday,Fremantle,Greater Western Sydney,136,60,Fremantle,76,33597,Subiaco,False
2014_Round_17_Essendon_vs_Collingwood,2014,Round 17,2014-07-13 15:20:00,Sunday,Essendon,Collingwood,103,39,Essendon,64,58996,M.C.G.,False
2014_Round_18_Carlton_vs_North_Melbourne,2014,Round 18,2014-07-18 19:50:00,Friday,Carlton,North Melbourne,109,86,Carlton,23,36689,Docklands,False
2014_Round_18_St_Kilda_vs_Fremantle,2014,Round 18,2014-07-19 16:40:00,Saturday,St Kilda,Fremantle,118,60,St Kilda,58,16594,Docklands,False
2014_Round_18_Greater_Western_Sydney_vs_Geelong,2014,Round 18,2014-07-19 19:40:00,Saturday,Greater Western Sydney,Geelong,87,94,Geelong,7,7697,Sydney Showground,False
2014_Round_18_Port_Adelaide_vs_Melbourne,2014,Round 18,2014-07-20 12:40:00,Sunday,Port Adelaide,Melbourne,72,69,Port Adelaide,3,37894,Adelaide Oval,False
2014_Round_18_Western_Bulldogs_vs_Essendon,2014,Round 18,2014-07-20 16:40:00,Sunday,Western Bulldogs,Essendon,94,101,Essendon,7,34476,Docklands,False
2014_Round_18_West_Coast_vs_Richmond,2014,Round 18,2014-07-25 18:40:00,Friday,West Coast,Richmond,42,59,Richmond,17,32270,Subiaco,False
2014_Round_18_Brisbane_Lions_vs_Gold_Coast,2014,Round 18,2014-07-26 16:40:00,Saturday,Brisbane Lions,Gold Coast,110,56,Brisbane Lions,54,27167,Gabba,False
2014_Round_18_Hawthorn_vs_Sydney,2014,Round 18,2014-07-26 19:40:00,Saturday,Hawthorn,Sydney,104,94,Hawthorn,10,72768,M.C.G.,False
2014_Round_18_Collingwood_vs_Adelaide,2014,Round 18,2014-07-27 16:40:00,Sunday,Collingwood,Adelaide,82,98,Adelaide,16,41486,M.C.G.,False
2014_Round_19_Fremantle_vs_Carlton,2014,Round 19,2014-07-31 18:10:00,Thursday,Fremantle,Carlton,83,78,Fremantle,5,35401,Subiaco,False
2014_Round_19_Sydney_vs_Essendon,2014,Round 19,2014-08-01 19:50:00,Friday,Sydney,Essendon,79,57,Sydney,22,36804,S.C.G.,False
2014_Round_19_Adelaide_vs_West_Coast,2014,Round 19,2014-08-02 13:10:00,Saturday,Adelaide,West Coast,105,136,West Coast,31,49470,Adelaide Oval,False
2014_Round_19_Richmond_vs_Greater_Western_Sydney,2014,Round 19,2014-08-02 16:40:00,Saturday,Richmond,Greater Western Sydney,89,62,Richmond,27,23095,M.C.G.,False
2014_Round_19_Gold_Coast_vs_St_Kilda,2014,Round 19,2014-08-02 19:40:00,Saturday,Gold Coast,St Kilda,117,64,Gold Coast,53,12027,Carrara,False
2014_Round_19_North_Melbourne_vs_Geelong,2014,Round 19,2014-08-02 19:40:00,Saturday,North Melbourne,Geelong,79,111,Geelong,32,32564,Docklands,False
2014_Round_19_Melbourne_vs_Brisbane_Lions,2014,Round 19,2014-08-03 13:10:00,Sunday,Melbourne,Brisbane Lions,51,74,Brisbane Lions,23,18079,Docklands,False
2014_Round_19_Hawthorn_vs_Western_Bulldogs,2014,Round 19,2014-08-03 15:20:00,Sunday,Hawthorn,Western Bulldogs,107,45,Hawthorn,62,14187,York Park,False
2014_Round_19_Collingwood_vs_Port_Adelaide,2014,Round 19,2014-08-03 16:40:00,Sunday,Collingwood,Port Adelaide,76,70,Collingwood,6,32807,M.C.G.,False
2014_Round_20_Richmond_vs_Essendon,2014,Round 20,2014-08-08 19:50:00,Friday,Richmond,Essendon,95,77,Richmond,18,58032,M.C.G.,False
2014_Round_20_Greater_Western_Sydney_vs_North_Melbourne,2014,Round 20,2014-08-09 13:45:00,Saturday,Greater Western Sydney,North Melbourne,51,126,North Melbourne,75,10211,Manuka Oval,False
2014_Round_20_Carlton_vs_Gold_Coast,2014,Round 20,2014-08-09 14:10:00,Saturday,Carlton,Gold Coast,97,58,Carlton,39,28840,Docklands,False
2014_Round_20_Hawthorn_vs_Melbourne,2014,Round 20,2014-08-09 16:40:00,Saturday,Hawthorn,Melbourne,115,65,Hawthorn,50,37088,M.C.G.,False
2014_Round_20_Port_Adelaide_vs_Sydney,2014,Round 20,2014-08-09 19:10:00,Saturday,Port Adelaide,Sydney,58,84,Sydney,26,50087,Adelaide Oval,False
2014_Round_20_Geelong_vs_Fremantle,2014,Round 20,2014-08-09 19:40:00,Saturday,Geelong,Fremantle,81,79,Geelong,2,26885,Kardinia Park,False
2014_Round_20_Brisbane_Lions_vs_Adelaide,2014,Round 20,2014-08-10 13:10:00,Sunday,Brisbane Lions,Adelaide,63,168,Adelaide,105,19657,Gabba,False
2014_Round_20_West_Coast_vs_Collingwood,2014,Round 20,2014-08-10 14:40:00,Sunday,West Coast,Collingwood,126,66,West Coast,60,36458,Subiaco,False
2014_Round_20_St_Kilda_vs_Western_Bulldogs,2014,Round 20,2014-08-10 15:20:00,Sunday,St Kilda,Western Bulldogs,99,122,Western Bulldogs,23,30095,Docklands,False
2014_Round_21_Carlton_vs_Geelong,2014,Round 21,2014-08-15 19:50:00,Friday,Carlton,Geelong,76,82,Geelong,6,38812,Docklands,False
2014_Round_21_Sydney_vs_St_Kilda,2014,Round 21,2014-08-16 13:45:00,Saturday,Sydney,St Kilda,127,56,Sydney,71,31361,S.C.G.,False
2014_Round_21_Gold_Coast_vs_Port_Adelaide,2014,Round 21,2014-08-16 14:10:00,Saturday,Gold Coast,Port Adelaide,47,56,Port Adelaide,9,10042,Carrara,False
2014_Round_21_Essendon_vs_West_Coast,2014,Round 21,2014-08-16 16:40:00,Saturday,Essendon,West Coast,77,74,Essendon,3,35905,Docklands,False
2014_Round_21_Adelaide_vs_Richmond,2014,Round 21,2014-08-16 19:10:00,Saturday,Adelaide,Richmond,69,79,Richmond,10,50459,Adelaide Oval,False
2014_Round_21_Collingwood_vs_Brisbane_Lions,2014,Round 21,2014-08-16 19:40:00,Saturday,Collingwood,Brisbane Lions,56,123,Brisbane Lions,67,32929,M.C.G.,False
2014_Round_21_North_Melbourne_vs_Western_Bulldogs,2014,Round 21,2014-08-17 13:10:00,Sunday,North Melbourne,Western Bulldogs,111,61,North Melbourne,50,27164,Docklands,False
2014_Round_21_Fremantle_vs_Hawthorn,2014,Round 21,2014-08-17 14:40:00,Sunday,Fremantle,Hawthorn,110,91,Fremantle,19,38506,Subiaco,False
2014_Round_21_Melbourne_vs_Greater_Western_Sydney,2014,Round 21,2014-08-17 15:20:00,Sunday,Melbourne,Greater Western Sydney,34,98,Greater Western Sydney,64,17227,M.C.G.,False
2014_Round_22_Port_Adelaide_vs_Carlton,2014,Round 22,2014-08-22 19:20:00,Friday,Port Adelaide,Carlton,140,37,Port Adelaide,103,52505,Adelaide Oval,False
2014_Round_22_North_Melbourne_vs_Adelaide,2014,Round 22,2014-08-23 13:45:00,Saturday,North Melbourne,Adelaide,101,94,North Melbourne,7,10702,Bellerive Oval,False
2014_Round_22_Essendon_vs_Gold_Coast,2014,Round 22,2014-08-23 14:10:00,Saturday,Essendon,Gold Coast,108,89,Essendon,19,33281,Docklands,False
2014_Round_22_Greater_Western_Sydney_vs_Collingwood,2014,Round 22,2014-08-23 16:40:00,Saturday,Greater Western Sydney,Collingwood,67,75,Collingwood,8,10851,Sydney Showground,False
2014_Round_22_West_Coast_vs_Melbourne,2014,Round 22,2014-08-23 17:40:00,Saturday,West Coast,Melbourne,119,53,West Coast,66,35083,Subiaco,False
2014_Round_22_Hawthorn_vs_Geelong,2014,Round 22,2014-08-23 19:40:00,Saturday,Hawthorn,Geelong,94,71,Hawthorn,23,72216,M.C.G.,False
2014_Round_22_Brisbane_Lions_vs_Fremantle,2014,Round 22,2014-08-24 13:10:00,Sunday,Brisbane Lions,Fremantle,48,106,Fremantle,58,17473,Gabba,False
2014_Round_22_Western_Bulldogs_vs_Sydney,2014,Round 22,2014-08-24 15:20:00,Sunday,Western Bulldogs,Sydney,67,130,Sydney,63,22430,Docklands,False
2014_Round_22_Richmond_vs_St_Kilda,2014,Round 22,2014-08-24 16:40:00,Sunday,Richmond,St Kilda,98,72,Richmond,26,47200,M.C.G.,False
2014_Round_23_Collingwood_vs_Hawthorn,2014,Round 23,2014-08-29 19:50:00,Friday,Collingwood,Hawthorn,56,121,Hawthorn,65,48980,M.C.G.,False
2014_Round_23_Fremantle_vs_Port_Adelaide,2014,Round 23,2014-08-30 13:10:00,Saturday,Fremantle,Port Adelaide,105,97,Fremantle,8,38209,Subiaco,False
2014_Round_23_Carlton_vs_Essendon,2014,Round 23,2014-08-30 13:45:00,Saturday,Carlton,Essendon,90,90,Draw,0,56663,M.C.G.,False
2014_Round_23_Sydney_vs_Richmond,2014,Round 23,2014-08-30 16:40:00,Saturday,Sydney,Richmond,65,68,Richmond,3,31227,Stadium Australia,False
2014_Round_23_Geelong_vs_Brisbane_Lions,2014,Round 23,2014-08-30 19:40:00,Saturday,Geelong,Brisbane Lions,143,81,Geelong,62,24659,Kardinia Park,False
2014_Round_23_North_Melbourne_vs_Melbourne,2014,Round 23,2014-08-30 19:40:00,Saturday,North Melbourne,Melbourne,123,93,North Melbourne,30,17174,Docklands,False
2014_Round_23_Gold_Coast_vs_West_Coast,2014,Round 23,2014-08-31 13:10:00,Sunday,Gold Coast,West Coast,99,151,West Coast,52,11840,Carrara,False
2014_Round_23_Adelaide_vs_St_Kilda,2014,Round 23,2014-08-31 14:50:00,Sunday,Adelaide,St Kilda,141,62,Adelaide,79,44969,Adelaide Oval,False
2014_Round_23_Western_Bulldogs_vs_Greater_Western_Sydney,2014,Round 23,2014-08-31 16:40:00,Sunday,Western Bulldogs,Greater Western Sydney,109,115,Greater Western Sydney,6,14725,Docklands,False
2014_Qualifying_Final_Hawthorn_vs_Geelong,2014,Qualifying Final,2014-09-05 19:50:00,Friday,Hawthorn,Geelong,104,68,Hawthorn,36,74757,M.C.G.,True
2014_Qualifying_Final_Sydney_vs_Fremantle,2014,Qualifying Final,2014-09-06 14:45:00,Saturday,Sydney,Fremantle,93,69,Sydney,24,35998,Stadium Australia,True
2014_Elimination_Final_North_Melbourne_vs_Essendon,2014,Elimination Final,2014-09-06 19:15:00,Saturday,North Melbourne,Essendon,93,81,North Melbourne,12,78561,M.C.G.,True
2014_Elimination_Final_Port_Adelaide_vs_Richmond,2014,Elimination Final,2014-09-07 14:50:00,Sunday,Port Adelaide,Richmond,132,75,Port Adelaide,57,49886,Adelaide Oval,True
2014_Semi_Final_Geelong_vs_North_Melbourne,2014,Semi Final,2014-09-12 19:50:00,Friday,Geelong,North Melbourne,92,98,North Melbourne,6,65964,M.C.G.,True
2014_Semi_Final_Fremantle_vs_Port_Adelaide,2014,Semi Final,2014-09-13 17:45:00,Saturday,Fremantle,Port Adelaide,83,105,Port Adelaide,22,42338,Subiaco,True
2014_Preliminary_Final_Sydney_vs_North_Melbourne,2014,Preliminary Final,2014-09-19 19:50:00,Friday,Sydney,North Melbourne,136,65,Sydney,71,48029,Stadium Australia,True
2014_Preliminary_Final_Hawthorn_vs_Port_Adelaide,2014,Preliminary Final,2014-09-20 16:45:00,Saturday,Hawthorn,Port Adelaide,97,94,Hawthorn,3,74856,M.C.G.,True
2014_Grand_Final_Sydney_vs_Hawthorn,2014,Grand Final,2014-09-27 14:30:00,Saturday,Sydney,Hawthorn,74,137,Hawthorn,63,99454,M.C.G.,True
2015_Round_1_Carlton_vs_Richmond,2015,Round 1,2015-04-02 19:20:00,Thursday,Carlton,Richmond,78,105,Richmond,27,83493,M.C.G.,False
2015_Round_1_Melbourne_vs_Gold_Coast,2015,Round 1,2015-04-04 13:40:00,Saturday,Melbourne,Gold Coast,115,89,Melbourne,26,27013,M.C.G.,False
2015_Round_1_Sydney_vs_Essendon,2015,Round 1,2015-04-04 16:35:00,Saturday,Sydney,Essendon,72,60,Sydney,12,23274,Stadium Australia,False
2015_Round_1_Brisbane_Lions_vs_Collingwood,2015,Round 1,2015-04-04 18:20:00,Saturday,Brisbane Lions,Collingwood,74,86,Collingwood,12,31240,Gabba,False
2015_Round_1_Western_Bulldogs_vs_West_Coast,2015,Round 1,2015-04-04 19:20:00,Saturday,Western Bulldogs,West Coast,97,87,Western Bulldogs,10,22366,Docklands,False
2015_Round_1_St_Kilda_vs_Greater_Western_Sydney,2015,Round 1,2015-04-05 13:10:00,Sunday,St Kilda,Greater Western Sydney,78,87,Greater Western Sydney,9,18794,Docklands,False
2015_Round_1_Adelaide_vs_North_Melbourne,2015,Round 1,2015-04-05 14:50:00,Sunday,Adelaide,North Melbourne,140,63,Adelaide,77,45607,Adelaide Oval,False
2015_Round_1_Fremantle_vs_Port_Adelaide,2015,Round 1,2015-04-05 16:40:00,Sunday,Fremantle,Port Adelaide,75,68,Fremantle,7,34099,Subiaco,False
2015_Round_1_Hawthorn_vs_Geelong,2015,Round 1,2015-04-06 15:20:00,Monday,Hawthorn,Geelong,123,61,Hawthorn,62,73584,M.C.G.,False
2015_Round_2_West_Coast_vs_Carlton,2015,Round 2,2015-04-10 18:10:00,Friday,West Coast,Carlton,131,62,West Coast,69,34588,Subiaco,False
2015_Round_2_Richmond_vs_Western_Bulldogs,2015,Round 2,2015-04-11 13:45:00,Saturday,Richmond,Western Bulldogs,66,85,Western Bulldogs,19,49945,M.C.G.,False
2015_Round_2_Greater_Western_Sydney_vs_Melbourne,2015,Round 2,2015-04-11 14:10:00,Saturday,Greater Western Sydney,Melbourne,101,56,Greater Western Sydney,45,8811,Manuka Oval,False
2015_Round_2_Collingwood_vs_Adelaide,2015,Round 2,2015-04-11 16:35:00,Saturday,Collingwood,Adelaide,63,90,Adelaide,27,33771,Docklands,False
2015_Round_2_Port_Adelaide_vs_Sydney,2015,Round 2,2015-04-11 19:10:00,Saturday,Port Adelaide,Sydney,44,92,Sydney,48,49765,Adelaide Oval,False
2015_Round_2_Gold_Coast_vs_St_Kilda,2015,Round 2,2015-04-11 19:20:00,Saturday,Gold Coast,St Kilda,76,104,St Kilda,28,13649,Carrara,False
2015_Round_2_Geelong_vs_Fremantle,2015,Round 2,2015-04-12 13:10:00,Sunday,Geelong,Fremantle,60,104,Fremantle,44,23723,Kardinia Park,False
2015_Round_2_Essendon_vs_Hawthorn,2015,Round 2,2015-04-12 15:20:00,Sunday,Essendon,Hawthorn,78,76,Essendon,2,59866,M.C.G.,False
2015_Round_2_North_Melbourne_vs_Brisbane_Lions,2015,Round 2,2015-04-12 16:40:00,Sunday,North Melbourne,Brisbane Lions,133,51,North Melbourne,82,22275,Docklands,False
2015_Round_3_Collingwood_vs_St_Kilda,2015,Round 3,2015-04-17 19:50:00,Friday,Collingwood,St Kilda,140,66,Collingwood,74,45197,M.C.G.,False
2015_Round_3_Adelaide_vs_Melbourne,2015,Round 3,2015-04-18 13:40:00,Saturday,Adelaide,Melbourne,80,55,Adelaide,25,43713,Adelaide Oval,False
2015_Round_3_Carlton_vs_Essendon,2015,Round 3,2015-04-18 13:45:00,Saturday,Carlton,Essendon,84,105,Essendon,21,54854,M.C.G.,False
2015_Round_3_Sydney_vs_Greater_Western_Sydney,2015,Round 3,2015-04-18 16:35:00,Saturday,Sydney,Greater Western Sydney,111,90,Sydney,21,31966,S.C.G.,False
2015_Round_3_Brisbane_Lions_vs_Richmond,2015,Round 3,2015-04-18 19:20:00,Saturday,Brisbane Lions,Richmond,58,137,Richmond,79,22441,Gabba,False
2015_Round_3_North_Melbourne_vs_Port_Adelaide,2015,Round 3,2015-04-18 19:20:00,Saturday,North Melbourne,Port Adelaide,105,113,Port Adelaide,8,22586,Docklands,False
2015_Round_3_Hawthorn_vs_Western_Bulldogs,2015,Round 3,2015-04-19 13:10:00,Sunday,Hawthorn,Western Bulldogs,127,57,Hawthorn,70,15559,York Park,False
2015_Round_3_West_Coast_vs_Fremantle,2015,Round 3,2015-04-19 14:40:00,Sunday,West Coast,Fremantle,81,111,Fremantle,30,39138,Subiaco,False
2015_Round_3_Geelong_vs_Gold_Coast,2015,Round 3,2015-04-19 15:20:00,Sunday,Geelong,Gold Coast,105,96,Geelong,9,20813,Kardinia Park,False
2015_Round_4_Richmond_vs_Melbourne,2015,Round 4,2015-04-24 19:50:00,Friday,Richmond,Melbourne,51,83,Melbourne,32,58175,M.C.G.,False
2015_Round_4_St_Kilda_vs_Carlton,2015,Round 4,2015-04-25 13:10:00,Saturday,St Kilda,Carlton,81,121,Carlton,40,12125,Wellington,False
2015_Round_4_Essendon_vs_Collingwood,2015,Round 4,2015-04-25 14:40:00,Saturday,Essendon,Collingwood,49,69,Collingwood,20,88395,M.C.G.,False
2015_Round_4_Greater_Western_Sydney_vs_Gold_Coast,2015,Round 4,2015-04-25 17:40:00,Saturday,Greater Western Sydney,Gold Coast,119,53,Greater Western Sydney,66,6917,Manuka Oval,False
2015_Round_4_Fremantle_vs_Sydney,2015,Round 4,2015-04-25 18:45:00,Saturday,Fremantle,Sydney,74,60,Fremantle,14,39009,Subiaco,False
2015_Round_4_Port_Adelaide_vs_Hawthorn,2015,Round 4,2015-04-25 19:10:00,Saturday,Port Adelaide,Hawthorn,99,91,Port Adelaide,8,49831,Adelaide Oval,False
2015_Round_4_Brisbane_Lions_vs_West_Coast,2015,Round 4,2015-04-26 13:10:00,Sunday,Brisbane Lions,West Coast,65,118,West Coast,53,16632,Gabba,False
2015_Round_4_Geelong_vs_North_Melbourne,2015,Round 4,2015-04-26 15:20:00,Sunday,Geelong,North Melbourne,67,83,North Melbourne,16,23452,Kardinia Park,False
2015_Round_4_Western_Bulldogs_vs_Adelaide,2015,Round 4,2015-04-26 16:40:00,Sunday,Western Bulldogs,Adelaide,125,68,Western Bulldogs,57,19915,Docklands,False
2015_Round_5_Carlton_vs_Collingwood,2015,Round 5,2015-05-01 19:50:00,Friday,Carlton,Collingwood,45,120,Collingwood,75,71759,M.C.G.,False
2015_Round_5_Richmond_vs_Geelong,2015,Round 5,2015-05-02 13:45:00,Saturday,Richmond,Geelong,76,85,Geelong,9,45228,M.C.G.,False
2015_Round_5_Sydney_vs_Western_Bulldogs,2015,Round 5,2015-05-02 14:10:00,Saturday,Sydney,Western Bulldogs,73,77,Western Bulldogs,4,25541,S.C.G.,False
2015_Round_5_Gold_Coast_vs_Brisbane_Lions,2015,Round 5,2015-05-02 16:35:00,Saturday,Gold Coast,Brisbane Lions,118,54,Gold Coast,64,12464,Carrara,False
2015_Round_5_West_Coast_vs_Greater_Western_Sydney,2015,Round 5,2015-05-02 17:40:00,Saturday,West Coast,Greater Western Sydney,120,33,West Coast,87,34554,Subiaco,False
2015_Round_5_North_Melbourne_vs_Hawthorn,2015,Round 5,2015-05-02 19:20:00,Saturday,North Melbourne,Hawthorn,70,130,Hawthorn,60,38077,Docklands,False
2015_Round_5_Melbourne_vs_Fremantle,2015,Round 5,2015-05-03 13:10:00,Sunday,Melbourne,Fremantle,50,118,Fremantle,68,22892,M.C.G.,False
2015_Round_5_St_Kilda_vs_Essendon,2015,Round 5,2015-05-03 15:20:00,Sunday,St Kilda,Essendon,80,82,Essendon,2,29869,Docklands,False
2015_Round_5_Adelaide_vs_Port_Adelaide,2015,Round 5,2015-05-03 16:10:00,Sunday,Adelaide,Port Adelaide,91,115,Port Adelaide,24,49617,Adelaide Oval,False
2015_Round_6_Collingwood_vs_Geelong,2015,Round 6,2015-05-08 19:50:00,Friday,Collingwood,Geelong,59,100,Geelong,41,52152,M.C.G.,False
2015_Round_6_North_Melbourne_vs_Richmond,2015,Round 6,2015-05-09 13:45:00,Saturday,North Melbourne,Richmond,109,74,North Melbourne,35,17544,Bellerive Oval,False
2015_Round_6_Western_Bulldogs_vs_St_Kilda,2015,Round 6,2015-05-09 14:10:00,Saturday,Western Bulldogs,St Kilda,87,94,St Kilda,7,29619,Docklands,False
2015_Round_6_Greater_Western_Sydney_vs_Hawthorn,2015,Round 6,2015-05-09 16:35:00,Saturday,Greater Western Sydney,Hawthorn,108,98,Greater Western Sydney,10,13556,Sydney Showground,False
2015_Round_6_Gold_Coast_vs_Adelaide,2015,Round 6,2015-05-09 17:10:00,Saturday,Gold Coast,Adelaide,78,119,Adelaide,41,12464,Carrara,False
2015_Round_6_Fremantle_vs_Essendon,2015,Round 6,2015-05-09 18:10:00,Saturday,Fremantle,Essendon,80,52,Fremantle,28,37535,Subiaco,False
2015_Round_6_Melbourne_vs_Sydney,2015,Round 6,2015-05-09 19:20:00,Saturday,Melbourne,Sydney,50,88,Sydney,38,26894,M.C.G.,False
2015_Round_6_Carlton_vs_Brisbane_Lions,2015,Round 6,2015-05-10 15:20:00,Sunday,Carlton,Brisbane Lions,75,84,Brisbane Lions,9,20273,Docklands,False
2015_Round_6_Port_Adelaide_vs_West_Coast,2015,Round 6,2015-05-10 16:10:00,Sunday,Port Adelaide,West Coast,68,78,West Coast,10,38508,Adelaide Oval,False
2015_Round_7_Essendon_vs_North_Melbourne,2015,Round 7,2015-05-15 19:50:00,Friday,Essendon,North Melbourne,82,93,North Melbourne,11,43972,Docklands,False
2015_Round_7_Adelaide_vs_St_Kilda,2015,Round 7,2015-05-16 13:15:00,Saturday,Adelaide,St Kilda,119,73,Adelaide,46,43532,Adelaide Oval,False
2015_Round_7_Hawthorn_vs_Melbourne,2015,Round 7,2015-05-16 14:10:00,Saturday,Hawthorn,Melbourne,155,50,Hawthorn,105,41935,M.C.G.,False
2015_Round_7_Carlton_vs_Greater_Western_Sydney,2015,Round 7,2015-05-16 16:35:00,Saturday,Carlton,Greater Western Sydney,57,135,Greater Western Sydney,78,16676,Docklands,False
2015_Round_7_West_Coast_vs_Gold_Coast,2015,Round 7,2015-05-16 17:40:00,Saturday,West Coast,Gold Coast,135,43,West Coast,92,26964,Subiaco,False
2015_Round_7_Sydney_vs_Geelong,2015,Round 7,2015-05-16 19:20:00,Saturday,Sydney,Geelong,120,77,Sydney,43,28063,Stadium Australia,False
2015_Round_7_Western_Bulldogs_vs_Fremantle,2015,Round 7,2015-05-17 13:10:00,Sunday,Western Bulldogs,Fremantle,88,101,Fremantle,13,18170,Docklands,False
2015_Round_7_Richmond_vs_Collingwood,2015,Round 7,2015-05-17 15:20:00,Sunday,Richmond,Collingwood,105,100,Richmond,5,59034,M.C.G.,False
2015_Round_7_Brisbane_Lions_vs_Port_Adelaide,2015,Round 7,2015-05-17 16:40:00,Sunday,Brisbane Lions,Port Adelaide,102,65,Brisbane Lions,37,15957,Gabba,False
2015_Round_8_Geelong_vs_Carlton,2015,Round 8,2015-05-22 19:50:00,Friday,Geelong,Carlton,140,63,Geelong,77,32032,Docklands,False
2015_Round_8_St_Kilda_vs_West_Coast,2015,Round 8,2015-05-23 13:45:00,Saturday,St Kilda,West Coast,78,131,West Coast,53,23598,Docklands,False
2015_Round_8_Greater_Western_Sydney_vs_Adelaide,2015,Round 8,2015-05-23 14:10:00,Saturday,Greater Western Sydney,Adelaide,108,84,Greater Western Sydney,24,9481,Sydney Showground,False
2015_Round_8_Gold_Coast_vs_Collingwood,2015,Round 8,2015-05-23 16:35:00,Saturday,Gold Coast,Collingwood,63,132,Collingwood,69,16440,Carrara,False
2015_Round_8_Fremantle_vs_North_Melbourne,2015,Round 8,2015-05-23 17:40:00,Saturday,Fremantle,North Melbourne,115,42,Fremantle,73,35836,Subiaco,False
2015_Round_8_Hawthorn_vs_Sydney,2015,Round 8,2015-05-23 19:20:00,Saturday,Hawthorn,Sydney,69,73,Sydney,4,63319,M.C.G.,False
2015_Round_8_Essendon_vs_Brisbane_Lions,2015,Round 8,2015-05-24 13:10:00,Sunday,Essendon,Brisbane Lions,136,78,Essendon,58,36857,Docklands,False
2015_Round_8_Melbourne_vs_Western_Bulldogs,2015,Round 8,2015-05-24 15:20:00,Sunday,Melbourne,Western Bulldogs,103,64,Melbourne,39,29381,M.C.G.,False
2015_Round_8_Port_Adelaide_vs_Richmond,2015,Round 8,2015-05-24 16:10:00,Sunday,Port Adelaide,Richmond,43,76,Richmond,33,44451,Adelaide Oval,False
2015_Round_9_Sydney_vs_Carlton,2015,Round 9,2015-05-29 19:50:00,Friday,Sydney,Carlton,122,62,Sydney,60,32105,S.C.G.,False
2015_Round_9_Melbourne_vs_Port_Adelaide,2015,Round 9,2015-05-30 13:40:00,Saturday,Melbourne,Port Adelaide,54,115,Port Adelaide,61,4866,Traeger Park,False
2015_Round_9_Hawthorn_vs_Gold_Coast,2015,Round 9,2015-05-30 13:45:00,Saturday,Hawthorn,Gold Coast,93,40,Hawthorn,53,11320,York Park,False
2015_Round_9_Western_Bulldogs_vs_Greater_Western_Sydney,2015,Round 9,2015-05-30 16:35:00,Saturday,Western Bulldogs,Greater Western Sydney,113,68,Western Bulldogs,45,16395,Docklands,False
2015_Round_9_Adelaide_vs_Fremantle,2015,Round 9,2015-05-30 19:10:00,Saturday,Adelaide,Fremantle,57,68,Fremantle,11,45518,Adelaide Oval,False
2015_Round_9_Richmond_vs_Essendon,2015,Round 9,2015-05-30 19:20:00,Saturday,Richmond,Essendon,72,59,Richmond,13,83804,M.C.G.,False
2015_Round_9_Brisbane_Lions_vs_St_Kilda,2015,Round 9,2015-05-31 13:10:00,Sunday,Brisbane Lions,St Kilda,86,108,St Kilda,22,16898,Gabba,False
2015_Round_9_West_Coast_vs_Geelong,2015,Round 9,2015-05-31 14:40:00,Sunday,West Coast,Geelong,120,64,West Coast,56,37676,Subiaco,False
2015_Round_9_Collingwood_vs_North_Melbourne,2015,Round 9,2015-05-31 15:20:00,Sunday,Collingwood,North Melbourne,112,95,Collingwood,17,43452,M.C.G.,False
2015_Round_10_Fremantle_vs_Richmond,2015,Round 10,2015-06-05 18:10:00,Friday,Fremantle,Richmond,70,97,Richmond,27,38019,Subiaco,False
2015_Round_10_Carlton_vs_Adelaide,2015,Round 10,2015-06-06 13:40:00,Saturday,Carlton,Adelaide,90,99,Adelaide,9,32035,M.C.G.,False
2015_Round_10_Gold_Coast_vs_Sydney,2015,Round 10,2015-06-06 16:35:00,Saturday,Gold Coast,Sydney,41,93,Sydney,52,13068,Carrara,False
2015_Round_10_Port_Adelaide_vs_Western_Bulldogs,2015,Round 10,2015-06-06 19:10:00,Saturday,Port Adelaide,Western Bulldogs,100,62,Port Adelaide,38,40907,Adelaide Oval,False
2015_Round_10_Essendon_vs_Geelong,2015,Round 10,2015-06-06 19:20:00,Saturday,Essendon,Geelong,53,122,Geelong,69,40632,Docklands,False
2015_Round_10_Greater_Western_Sydney_vs_Brisbane_Lions,2015,Round 10,2015-06-07 13:10:00,Sunday,Greater Western Sydney,Brisbane Lions,97,67,Greater Western Sydney,30,9079,Sydney Showground,False
2015_Round_10_North_Melbourne_vs_West_Coast,2015,Round 10,2015-06-07 15:20:00,Sunday,North Melbourne,West Coast,85,75,North Melbourne,10,12011,Bellerive Oval,False
2015_Round_10_St_Kilda_vs_Hawthorn,2015,Round 10,2015-06-07 16:40:00,Sunday,St Kilda,Hawthorn,69,132,Hawthorn,63,33886,Docklands,False
2015_Round_10_Melbourne_vs_Collingwood,2015,Round 10,2015-06-08 15:20:00,Monday,Melbourne,Collingwood,85,110,Collingwood,25,66120,M.C.G.,False
2015_Round_11_Port_Adelaide_vs_Geelong,2015,Round 11,2015-06-12 19:20:00,Friday,Port Adelaide,Geelong,69,92,Geelong,23,46140,Adelaide Oval,False
2015_Round_11_Gold_Coast_vs_Fremantle,2015,Round 11,2015-06-13 13:40:00,Saturday,Gold Coast,Fremantle,46,53,Fremantle,7,8911,Carrara,False
2015_Round_11_West_Coast_vs_Essendon,2015,Round 11,2015-06-13 14:35:00,Saturday,West Coast,Essendon,96,46,West Coast,50,37306,Subiaco,False
2015_Round_11_North_Melbourne_vs_Sydney,2015,Round 11,2015-06-13 19:20:00,Saturday,North Melbourne,Sydney,75,91,Sydney,16,32127,Docklands,False
2015_Round_11_Collingwood_vs_Greater_Western_Sydney,2015,Round 11,2015-06-14 13:10:00,Sunday,Collingwood,Greater Western Sydney,119,77,Collingwood,42,43390,M.C.G.,False
2015_Round_11_St_Kilda_vs_Melbourne,2015,Round 11,2015-06-14 16:40:00,Sunday,St Kilda,Melbourne,85,83,St Kilda,2,25217,Docklands,False
2015_Round_12_Adelaide_vs_Hawthorn,2015,Round 12,2015-06-18 19:20:00,Thursday,Adelaide,Hawthorn,85,114,Hawthorn,29,49108,Adelaide Oval,False
2015_Round_12_Richmond_vs_West_Coast,2015,Round 12,2015-06-19 19:50:00,Friday,Richmond,West Coast,70,90,West Coast,20,45178,M.C.G.,False
2015_Round_12_Carlton_vs_Port_Adelaide,2015,Round 12,2015-06-20 13:40:00,Saturday,Carlton,Port Adelaide,110,106,Carlton,4,27693,M.C.G.,False
2015_Round_12_Greater_Western_Sydney_vs_North_Melbourne,2015,Round 12,2015-06-20 16:35:00,Saturday,Greater Western Sydney,North Melbourne,61,117,North Melbourne,56,7824,Sydney Showground,False
2015_Round_12_Western_Bulldogs_vs_Brisbane_Lions,2015,Round 12,2015-06-20 19:20:00,Saturday,Western Bulldogs,Brisbane Lions,146,74,Western Bulldogs,72,21129,Docklands,False
2015_Round_12_Geelong_vs_Melbourne,2015,Round 12,2015-06-21 15:20:00,Sunday,Geelong,Melbourne,89,113,Melbourne,24,28007,Kardinia Park,False
2015_Round_13_Fremantle_vs_Collingwood,2015,Round 13,2015-06-25 18:10:00,Thursday,Fremantle,Collingwood,80,73,Fremantle,7,37145,Subiaco,False
2015_Round_13_Sydney_vs_Richmond,2015,Round 13,2015-06-26 19:50:00,Friday,Sydney,Richmond,77,95,Richmond,18,37579,S.C.G.,False
2015_Round_13_Hawthorn_vs_Essendon,2015,Round 13,2015-06-27 13:40:00,Saturday,Hawthorn,Essendon,114,76,Hawthorn,38,62500,M.C.G.,False
2015_Round_13_Brisbane_Lions_vs_Adelaide,2015,Round 13,2015-06-27 16:35:00,Saturday,Brisbane Lions,Adelaide,69,82,Adelaide,13,18146,Gabba,False
2015_Round_13_St_Kilda_vs_Western_Bulldogs,2015,Round 13,2015-06-27 19:20:00,Saturday,St Kilda,Western Bulldogs,56,62,Western Bulldogs,6,26511,Docklands,False
2015_Round_13_Carlton_vs_Gold_Coast,2015,Round 13,2015-06-28 15:20:00,Sunday,Carlton,Gold Coast,103,69,Carlton,34,30207,Docklands,False
2015_Round_14_Sydney_vs_Port_Adelaide,2015,Round 14,2015-07-02 19:20:00,Thursday,Sydney,Port Adelaide,94,84,Sydney,10,28316,S.C.G.,False
2015_Round_14_Collingwood_vs_Hawthorn,2015,Round 14,2015-07-03 19:50:00,Friday,Collingwood,Hawthorn,91,101,Hawthorn,10,75880,M.C.G.,False
2015_Round_14_Richmond_vs_Greater_Western_Sydney,2015,Round 14,2015-07-04 13:40:00,Saturday,Richmond,Greater Western Sydney,78,69,Richmond,9,35968,M.C.G.,False
2015_Round_14_Gold_Coast_vs_North_Melbourne,2015,Round 14,2015-07-04 16:40:00,Saturday,Gold Coast,North Melbourne,125,70,Gold Coast,55,14444,Carrara,False
2015_Round_14_Melbourne_vs_West_Coast,2015,Round 14,2015-07-04 19:10:00,Saturday,Melbourne,West Coast,60,114,West Coast,54,11873,Marrara Oval,False
2015_Round_14_Western_Bulldogs_vs_Carlton,2015,Round 14,2015-07-04 19:30:00,Saturday,Western Bulldogs,Carlton,64,53,Western Bulldogs,11,31445,Docklands,False
2015_Round_14_Essendon_vs_St_Kilda,2015,Round 14,2015-07-05 13:10:00,Sunday,Essendon,St Kilda,52,162,St Kilda,110,38020,Docklands,False
2015_Round_14_Fremantle_vs_Brisbane_Lions,2015,Round 14,2015-07-05 14:40:00,Sunday,Fremantle,Brisbane Lions,84,48,Fremantle,36,32970,Subiaco,False
2015_Round_15_Port_Adelaide_vs_Collingwood,2015,Round 15,2015-07-09 19:20:00,Thursday,Port Adelaide,Collingwood,66,63,Port Adelaide,3,44496,Adelaide Oval,False
2015_Round_15_Richmond_vs_Carlton,2015,Round 15,2015-07-10 19:50:00,Friday,Richmond,Carlton,71,41,Richmond,30,52564,M.C.G.,False
2015_Round_15_Essendon_vs_Melbourne,2015,Round 15,2015-07-11 13:40:00,Saturday,Essendon,Melbourne,69,60,Essendon,9,38861,M.C.G.,False
2015_Round_15_Western_Bulldogs_vs_Gold_Coast,2015,Round 15,2015-07-11 16:35:00,Saturday,Western Bulldogs,Gold Coast,95,73,Western Bulldogs,22,9449,Cazaly's Stadium,False
2015_Round_15_West_Coast_vs_Adelaide,2015,Round 15,2015-07-11 17:40:00,Saturday,West Coast,Adelaide,147,91,West Coast,56,38133,Subiaco,False
2015_Round_15_North_Melbourne_vs_Geelong,2015,Round 15,2015-07-11 19:20:00,Saturday,North Melbourne,Geelong,120,79,North Melbourne,41,31270,Docklands,False
2015_Round_15_Greater_Western_Sydney_vs_St_Kilda,2015,Round 15,2015-07-12 13:10:00,Sunday,Greater Western Sydney,St Kilda,84,49,Greater Western Sydney,35,9178,Sydney Showground,False
2015_Round_15_Hawthorn_vs_Fremantle,2015,Round 15,2015-07-12 15:20:00,Sunday,Hawthorn,Fremantle,115,43,Hawthorn,72,16792,York Park,False
2015_Round_15_Brisbane_Lions_vs_Sydney,2015,Round 15,2015-07-12 16:40:00,Sunday,Brisbane Lions,Sydney,49,70,Sydney,21,16936,Gabba,False
2015_Round_16_North_Melbourne_vs_Essendon,2015,Round 16,2015-07-17 19:50:00,Friday,North Melbourne,Essendon,93,68,North Melbourne,25,31025,Docklands,False
2015_Round_16_Geelong_vs_Western_Bulldogs,2015,Round 16,2015-07-18 13:45:00,Saturday,Geelong,Western Bulldogs,72,64,Geelong,8,25041,Kardinia Park,False
2015_Round_16_Gold_Coast_vs_Greater_Western_Sydney,2015,Round 16,2015-07-18 14:10:00,Saturday,Gold Coast,Greater Western Sydney,79,94,Greater Western Sydney,15,9589,Carrara,False
2015_Round_16_Collingwood_vs_West_Coast,2015,Round 16,2015-07-18 16:35:00,Saturday,Collingwood,West Coast,56,87,West Coast,31,36527,Docklands,False
2015_Round_16_Fremantle_vs_Carlton,2015,Round 16,2015-07-18 17:40:00,Saturday,Fremantle,Carlton,95,53,Fremantle,42,33581,Subiaco,False
2015_Round_16_Sydney_vs_Hawthorn,2015,Round 16,2015-07-18 19:20:00,Saturday,Sydney,Hawthorn,57,146,Hawthorn,89,37369,Stadium Australia,False
2015_Round_16_Melbourne_vs_Brisbane_Lions,2015,Round 16,2015-07-19 13:10:00,Sunday,Melbourne,Brisbane Lions,60,36,Melbourne,24,25149,M.C.G.,False
2015_Round_16_Port_Adelaide_vs_Adelaide,2015,Round 16,2015-07-19 14:50:00,Sunday,Port Adelaide,Adelaide,113,116,Adelaide,3,53518,Adelaide Oval,False
2015_Round_16_St_Kilda_vs_Richmond,2015,Round 16,2015-07-19 16:40:00,Sunday,St Kilda,Richmond,73,89,Richmond,16,45722,Docklands,False
2015_Round_17_Carlton_vs_Hawthorn,2015,Round 17,2015-07-24 19:50:00,Friday,Carlton,Hawthorn,35,173,Hawthorn,138,26815,Docklands,False
2015_Round_17_Adelaide_vs_Gold_Coast,2015,Round 17,2015-07-25 13:40:00,Saturday,Adelaide,Gold Coast,125,80,Adelaide,45,41715,Adelaide Oval,False
2015_Round_17_Greater_Western_Sydney_vs_Geelong,2015,Round 17,2015-07-25 13:45:00,Saturday,Greater Western Sydney,Geelong,42,69,Geelong,27,14667,Manuka Oval,False
2015_Round_17_Richmond_vs_Fremantle,2015,Round 17,2015-07-25 16:35:00,Saturday,Richmond,Fremantle,78,82,Fremantle,4,39777,M.C.G.,False
2015_Round_17_Brisbane_Lions_vs_North_Melbourne,2015,Round 17,2015-07-25 19:20:00,Saturday,Brisbane Lions,North Melbourne,38,110,North Melbourne,72,15563,Gabba,False
2015_Round_17_Essendon_vs_Port_Adelaide,2015,Round 17,2015-07-25 19:20:00,Saturday,Essendon,Port Adelaide,116,129,Port Adelaide,13,23705,Docklands,False
2015_Round_17_Western_Bulldogs_vs_Collingwood,2015,Round 17,2015-07-26 13:10:00,Sunday,Western Bulldogs,Collingwood,104,86,Western Bulldogs,18,40581,Docklands,False
2015_Round_17_West_Coast_vs_Sydney,2015,Round 17,2015-07-26 14:40:00,Sunday,West Coast,Sydney,103,51,West Coast,52,38760,Subiaco,False
2015_Round_17_Melbourne_vs_St_Kilda,2015,Round 17,2015-07-26 15:20:00,Sunday,Melbourne,St Kilda,46,83,St Kilda,37,22945,M.C.G.,False
2015_Round_18_Hawthorn_vs_Richmond,2015,Round 18,2015-07-31 19:50:00,Friday,Hawthorn,Richmond,53,71,Richmond,18,66305,M.C.G.,False
2015_Round_18_Geelong_vs_Brisbane_Lions,2015,Round 18,2015-08-01 13:45:00,Saturday,Geelong,Brisbane Lions,113,57,Geelong,56,21913,Kardinia Park,False
2015_Round_18_Collingwood_vs_Melbourne,2015,Round 18,2015-08-01 14:10:00,Saturday,Collingwood,Melbourne,54,91,Melbourne,37,37894,M.C.G.,False
2015_Round_18_Sydney_vs_Adelaide,2015,Round 18,2015-08-01 16:35:00,Saturday,Sydney,Adelaide,117,65,Sydney,52,38690,S.C.G.,False
2015_Round_18_Carlton_vs_North_Melbourne,2015,Round 18,2015-08-01 19:20:00,Saturday,Carlton,North Melbourne,54,118,North Melbourne,64,25251,Docklands,False
2015_Round_18_Gold_Coast_vs_West_Coast,2015,Round 18,2015-08-01 19:20:00,Saturday,Gold Coast,West Coast,83,83,Draw,0,9341,Carrara,False
2015_Round_18_Port_Adelaide_vs_St_Kilda,2015,Round 18,2015-08-02 12:40:00,Sunday,Port Adelaide,St Kilda,112,49,Port Adelaide,63,35977,Adelaide Oval,False
2015_Round_18_Fremantle_vs_Greater_Western_Sydney,2015,Round 18,2015-08-02 14:40:00,Sunday,Fremantle,Greater Western Sydney,84,63,Fremantle,21,34625,Subiaco,False
2015_Round_18_Essendon_vs_Western_Bulldogs,2015,Round 18,2015-08-02 15:20:00,Sunday,Essendon,Western Bulldogs,40,127,Western Bulldogs,87,33466,Docklands,False
2015_Round_19_Adelaide_vs_Richmond,2015,Round 19,2015-08-07 19:20:00,Friday,Adelaide,Richmond,88,52,Adelaide,36,49116,Adelaide Oval,False
2015_Round_19_Collingwood_vs_Carlton,2015,Round 19,2015-08-08 13:45:00,Saturday,Collingwood,Carlton,105,87,Collingwood,18,48133,M.C.G.,False
2015_Round_19_Western_Bulldogs_vs_Port_Adelaide,2015,Round 19,2015-08-08 14:10:00,Saturday,Western Bulldogs,Port Adelaide,128,64,Western Bulldogs,64,20590,Docklands,False
2015_Round_19_Brisbane_Lions_vs_Gold_Coast,2015,Round 19,2015-08-08 16:35:00,Saturday,Brisbane Lions,Gold Coast,100,114,Gold Coast,14,19920,Gabba,False
2015_Round_19_West_Coast_vs_Hawthorn,2015,Round 19,2015-08-08 17:40:00,Saturday,West Coast,Hawthorn,74,88,Hawthorn,14,34843,Subiaco,False
2015_Round_19_Geelong_vs_Sydney,2015,Round 19,2015-08-08 19:20:00,Saturday,Geelong,Sydney,95,63,Geelong,32,27910,Kardinia Park,False
2015_Round_19_Melbourne_vs_North_Melbourne,2015,Round 19,2015-08-09 13:10:00,Sunday,Melbourne,North Melbourne,92,127,North Melbourne,35,30695,M.C.G.,False
2015_Round_19_Greater_Western_Sydney_vs_Essendon,2015,Round 19,2015-08-09 15:20:00,Sunday,Greater Western Sydney,Essendon,93,61,Greater Western Sydney,32,10093,Sydney Showground,False
2015_Round_19_St_Kilda_vs_Fremantle,2015,Round 19,2015-08-09 16:40:00,Sunday,St Kilda,Fremantle,59,96,Fremantle,37,16409,Docklands,False
2015_Round_20_Sydney_vs_Collingwood,2015,Round 20,2015-08-14 19:50:00,Friday,Sydney,Collingwood,87,76,Sydney,11,38408,S.C.G.,False
2015_Round_20_Essendon_vs_Adelaide,2015,Round 20,2015-08-15 13:45:00,Saturday,Essendon,Adelaide,59,171,Adelaide,112,25914,Docklands,False
2015_Round_20_North_Melbourne_vs_St_Kilda,2015,Round 20,2015-08-15 14:10:00,Saturday,North Melbourne,St Kilda,120,83,North Melbourne,37,14346,Bellerive Oval,False
2015_Round_20_Port_Adelaide_vs_Greater_Western_Sydney,2015,Round 20,2015-08-15 16:05:00,Saturday,Port Adelaide,Greater Western Sydney,111,90,Port Adelaide,21,32436,Adelaide Oval,False
2015_Round_20_Brisbane_Lions_vs_Carlton,2015,Round 20,2015-08-15 19:20:00,Saturday,Brisbane Lions,Carlton,131,67,Brisbane Lions,64,17744,Gabba,False
2015_Round_20_Geelong_vs_Hawthorn,2015,Round 20,2015-08-15 19:20:00,Saturday,Geelong,Hawthorn,85,121,Hawthorn,36,55802,M.C.G.,False
2015_Round_20_Richmond_vs_Gold_Coast,2015,Round 20,2015-08-16 13:10:00,Sunday,Richmond,Gold Coast,138,55,Richmond,83,38508,M.C.G.,False
2015_Round_20_Fremantle_vs_West_Coast,2015,Round 20,2015-08-16 14:40:00,Sunday,Fremantle,West Coast,80,104,West Coast,24,41959,Subiaco,False
2015_Round_20_Western_Bulldogs_vs_Melbourne,2015,Round 20,2015-08-16 15:20:00,Sunday,Western Bulldogs,Melbourne,153,55,Western Bulldogs,98,27805,Docklands,False
2015_Round_21_Hawthorn_vs_Port_Adelaide,2015,Round 21,2015-08-21 19:50:00,Friday,Hawthorn,Port Adelaide,86,108,Port Adelaide,22,28657,Docklands,False
2015_Round_21_Collingwood_vs_Richmond,2015,Round 21,2015-08-22 13:45:00,Saturday,Collingwood,Richmond,56,147,Richmond,91,63178,M.C.G.,False
2015_Round_21_Greater_Western_Sydney_vs_Sydney,2015,Round 21,2015-08-22 14:10:00,Saturday,Greater Western Sydney,Sydney,44,133,Sydney,89,19507,Sydney Showground,False
2015_Round_21_Gold_Coast_vs_Essendon,2015,Round 21,2015-08-22 16:35:00,Saturday,Gold Coast,Essendon,97,95,Gold Coast,2,16253,Carrara,False
2015_Round_21_Adelaide_vs_Brisbane_Lions,2015,Round 21,2015-08-22 19:10:00,Saturday,Adelaide,Brisbane Lions,131,44,Adelaide,87,46609,Adelaide Oval,False
2015_Round_21_St_Kilda_vs_Geelong,2015,Round 21,2015-08-22 19:20:00,Saturday,St Kilda,Geelong,97,97,Draw,0,25245,Docklands,False
2015_Round_21_North_Melbourne_vs_Fremantle,2015,Round 21,2015-08-23 13:10:00,Sunday,North Melbourne,Fremantle,94,83,North Melbourne,11,23857,Docklands,False
2015_Round_21_West_Coast_vs_Western_Bulldogs,2015,Round 21,2015-08-23 14:40:00,Sunday,West Coast,Western Bulldogs,162,85,West Coast,77,37733,Subiaco,False
2015_Round_21_Carlton_vs_Melbourne,2015,Round 21,2015-08-23 15:20:00,Sunday,Carlton,Melbourne,78,55,Carlton,23,33962,M.C.G.,False
2015_Round_22_Geelong_vs_Collingwood,2015,Round 22,2015-08-28 19:50:00,Friday,Geelong,Collingwood,62,110,Collingwood,48,40582,M.C.G.,False
2015_Round_22_Greater_Western_Sydney_vs_Carlton,2015,Round 22,2015-08-29 13:45:00,Saturday,Greater Western Sydney,Carlton,132,51,Greater Western Sydney,81,9538,Sydney Showground,False
2015_Round_22_Hawthorn_vs_Brisbane_Lions,2015,Round 22,2015-08-29 14:10:00,Saturday,Hawthorn,Brisbane Lions,134,62,Hawthorn,72,11731,York Park,False
2015_Round_22_North_Melbourne_vs_Western_Bulldogs,2015,Round 22,2015-08-29 16:35:00,Saturday,North Melbourne,Western Bulldogs,73,96,Western Bulldogs,23,37299,Docklands,False
2015_Round_22_Essendon_vs_Richmond,2015,Round 22,2015-08-29 19:20:00,Saturday,Essendon,Richmond,47,74,Richmond,27,37864,M.C.G.,False
2015_Round_22_Gold_Coast_vs_Port_Adelaide,2015,Round 22,2015-08-29 19:20:00,Saturday,Gold Coast,Port Adelaide,51,88,Port Adelaide,37,9343,Carrara,False
2015_Round_22_Adelaide_vs_West_Coast,2015,Round 22,2015-08-30 12:40:00,Sunday,Adelaide,West Coast,126,69,Adelaide,57,52460,Adelaide Oval,False
2015_Round_22_Fremantle_vs_Melbourne,2015,Round 22,2015-08-30 14:40:00,Sunday,Fremantle,Melbourne,108,54,Fremantle,54,33529,Subiaco,False
2015_Round_22_St_Kilda_vs_Sydney,2015,Round 22,2015-08-30 15:20:00,Sunday,St Kilda,Sydney,38,135,Sydney,97,27856,Docklands,False
2015_Round_23_Richmond_vs_North_Melbourne,2015,Round 23,2015-09-04 19:50:00,Friday,Richmond,North Melbourne,108,67,Richmond,41,40461,Docklands,False
2015_Round_23_Geelong_vs_Adelaide,2015,Round 23,2015-09-05 13:05:00,Saturday,Geelong,Adelaide,119,80,Geelong,39,26128,Kardinia Park,False
2015_Round_23_Brisbane_Lions_vs_Western_Bulldogs,2015,Round 23,2015-09-05 13:45:00,Saturday,Brisbane Lions,Western Bulldogs,130,122,Brisbane Lions,8,15434,Gabba,False
2015_Round_23_Port_Adelaide_vs_Fremantle,2015,Round 23,2015-09-05 15:20:00,Saturday,Port Adelaide,Fremantle,122,53,Port Adelaide,69,37922,Adelaide Oval,False
2015_Round_23_Hawthorn_vs_Carlton,2015,Round 23,2015-09-05 16:40:00,Saturday,Hawthorn,Carlton,113,56,Hawthorn,57,33182,M.C.G.,False
2015_Round_23_West_Coast_vs_St_Kilda,2015,Round 23,2015-09-05 17:40:00,Saturday,West Coast,St Kilda,125,30,West Coast,95,36165,Subiaco,False
2015_Round_23_Sydney_vs_Gold_Coast,2015,Round 23,2015-09-05 19:25:00,Saturday,Sydney,Gold Coast,127,64,Sydney,63,25424,S.C.G.,False
2015_Round_23_Melbourne_vs_Greater_Western_Sydney,2015,Round 23,2015-09-06 13:10:00,Sunday,Melbourne,Greater Western Sydney,103,77,Melbourne,26,8974,Docklands,False
2015_Round_23_Collingwood_vs_Essendon,2015,Round 23,2015-09-06 15:20:00,Sunday,Collingwood,Essendon,92,95,Essendon,3,40270,M.C.G.,False
2015_Qualifying_Final_West_Coast_vs_Hawthorn,2015,Qualifying Final,2015-09-11 18:20:00,Friday,West Coast,Hawthorn,96,64,West Coast,32,42663,Subiaco,True
2015_Qualifying_Final_Fremantle_vs_Sydney,2015,Qualifying Final,2015-09-12 13:20:00,Saturday,Fremantle,Sydney,69,60,Fremantle,9,40071,Subiaco,True
2015_Elimination_Final_Western_Bulldogs_vs_Adelaide,2015,Elimination Final,2015-09-12 19:20:00,Saturday,Western Bulldogs,Adelaide,102,109,Adelaide,7,60872,M.C.G.,True
2015_Elimination_Final_Richmond_vs_North_Melbourne,2015,Elimination Final,2015-09-13 15:20:00,Sunday,Richmond,North Melbourne,88,105,North Melbourne,17,90186,M.C.G.,True
2015_Semi_Final_Hawthorn_vs_Adelaide,2015,Semi Final,2015-09-18 19:50:00,Friday,Hawthorn,Adelaide,135,61,Hawthorn,74,70879,M.C.G.,True
2015_Semi_Final_Sydney_vs_North_Melbourne,2015,Semi Final,2015-09-19 19:20:00,Saturday,Sydney,North Melbourne,51,77,North Melbourne,26,31162,Stadium Australia,True
2015_Preliminary_Final_Fremantle_vs_Hawthorn,2015,Preliminary Final,2015-09-25 18:20:00,Friday,Fremantle,Hawthorn,67,94,Hawthorn,27,41508,Subiaco,True
2015_Preliminary_Final_West_Coast_vs_North_Melbourne,2015,Preliminary Final,2015-09-26 17:45:00,Saturday,West Coast,North Melbourne,80,55,West Coast,25,43080,Subiaco,True
2015_Grand_Final_West_Coast_vs_Hawthorn,2015,Grand Final,2015-10-03 14:30:00,Saturday,West Coast,Hawthorn,61,107,Hawthorn,46,98632,M.C.G.,True
2016_Round_1_Richmond_vs_Carlton,2016,Round 1,2016-03-24 19:20:00,Thursday,Richmond,Carlton,92,83,Richmond,9,75706,M.C.G.,False
2016_Round_1_Melbourne_vs_Greater_Western_Sydney,2016,Round 1,2016-03-26 13:40:00,Saturday,Melbourne,Greater Western Sydney,80,78,Melbourne,2,28505,M.C.G.,False
2016_Round_1_Gold_Coast_vs_Essendon,2016,Round 1,2016-03-26 15:35:00,Saturday,Gold Coast,Essendon,121,60,Gold Coast,61,16239,Carrara,False
2016_Round_1_North_Melbourne_vs_Adelaide,2016,Round 1,2016-03-26 19:25:00,Saturday,North Melbourne,Adelaide,107,97,North Melbourne,10,25485,Docklands,False
2016_Round_1_Sydney_vs_Collingwood,2016,Round 1,2016-03-26 19:25:00,Saturday,Sydney,Collingwood,133,53,Sydney,80,33857,S.C.G.,False
2016_Round_1_Western_Bulldogs_vs_Fremantle,2016,Round 1,2016-03-27 13:10:00,Sunday,Western Bulldogs,Fremantle,103,38,Western Bulldogs,65,27832,Docklands,False
2016_Round_1_Port_Adelaide_vs_St_Kilda,2016,Round 1,2016-03-27 14:50:00,Sunday,Port Adelaide,St Kilda,133,100,Port Adelaide,33,42896,Adelaide Oval,False
2016_Round_1_West_Coast_vs_Brisbane_Lions,2016,Round 1,2016-03-27 16:40:00,Sunday,West Coast,Brisbane Lions,166,102,West Coast,64,35201,Subiaco,False
2016_Round_1_Geelong_vs_Hawthorn,2016,Round 1,2016-03-28 15:20:00,Monday,Geelong,Hawthorn,116,86,Geelong,30,74218,M.C.G.,False
2016_Round_2_Collingwood_vs_Richmond,2016,Round 2,2016-04-01 19:50:00,Friday,Collingwood,Richmond,87,86,Collingwood,1,72761,M.C.G.,False
2016_Round_2_Adelaide_vs_Port_Adelaide,2016,Round 2,2016-04-02 13:15:00,Saturday,Adelaide,Port Adelaide,144,86,Adelaide,58,50555,Adelaide Oval,False
2016_Round_2_Essendon_vs_Melbourne,2016,Round 2,2016-04-02 14:10:00,Saturday,Essendon,Melbourne,80,67,Essendon,13,50424,M.C.G.,False
2016_Round_2_Brisbane_Lions_vs_North_Melbourne,2016,Round 2,2016-04-02 15:35:00,Saturday,Brisbane Lions,North Melbourne,83,117,North Melbourne,34,18021,Gabba,False
2016_Round_2_Fremantle_vs_Gold_Coast,2016,Round 2,2016-04-02 16:40:00,Saturday,Fremantle,Gold Coast,100,126,Gold Coast,26,34208,Subiaco,False
2016_Round_2_St_Kilda_vs_Western_Bulldogs,2016,Round 2,2016-04-02 19:25:00,Saturday,St Kilda,Western Bulldogs,36,93,Western Bulldogs,57,37353,Docklands,False
2016_Round_2_Greater_Western_Sydney_vs_Geelong,2016,Round 2,2016-04-03 13:10:00,Sunday,Greater Western Sydney,Geelong,89,76,Greater Western Sydney,13,13656,Manuka Oval,False
2016_Round_2_Hawthorn_vs_West_Coast,2016,Round 2,2016-04-03 15:20:00,Sunday,Hawthorn,West Coast,99,53,Hawthorn,46,42977,M.C.G.,False
2016_Round_2_Carlton_vs_Sydney,2016,Round 2,2016-04-03 16:40:00,Sunday,Carlton,Sydney,71,131,Sydney,60,33146,Docklands,False
2016_Round_3_Port_Adelaide_vs_Essendon,2016,Round 3,2016-04-08 19:20:00,Friday,Port Adelaide,Essendon,112,51,Port Adelaide,61,43663,Adelaide Oval,False
2016_Round_3_St_Kilda_vs_Collingwood,2016,Round 3,2016-04-09 13:45:00,Saturday,St Kilda,Collingwood,119,90,St Kilda,29,50903,M.C.G.,False
2016_Round_3_Richmond_vs_Adelaide,2016,Round 3,2016-04-09 14:10:00,Saturday,Richmond,Adelaide,92,128,Adelaide,36,29951,Docklands,False
2016_Round_3_Sydney_vs_Greater_Western_Sydney,2016,Round 3,2016-04-09 16:35:00,Saturday,Sydney,Greater Western Sydney,93,68,Sydney,25,37045,S.C.G.,False
2016_Round_3_West_Coast_vs_Fremantle,2016,Round 3,2016-04-09 17:40:00,Saturday,West Coast,Fremantle,92,59,West Coast,33,40555,Subiaco,False
2016_Round_3_Gold_Coast_vs_Carlton,2016,Round 3,2016-04-09 19:25:00,Saturday,Gold Coast,Carlton,95,41,Gold Coast,54,13885,Carrara,False
2016_Round_3_North_Melbourne_vs_Melbourne,2016,Round 3,2016-04-10 13:10:00,Sunday,North Melbourne,Melbourne,136,131,North Melbourne,5,12607,Bellerive Oval,False
2016_Round_3_Western_Bulldogs_vs_Hawthorn,2016,Round 3,2016-04-10 15:20:00,Sunday,Western Bulldogs,Hawthorn,90,93,Hawthorn,3,46808,Docklands,False
2016_Round_3_Geelong_vs_Brisbane_Lions,2016,Round 3,2016-04-10 16:40:00,Sunday,Geelong,Brisbane Lions,125,56,Geelong,69,23320,Kardinia Park,False
2016_Round_4_West_Coast_vs_Richmond,2016,Round 4,2016-04-15 18:10:00,Friday,West Coast,Richmond,125,57,West Coast,68,38860,Subiaco,False
2016_Round_4_Essendon_vs_Geelong,2016,Round 4,2016-04-16 13:45:00,Saturday,Essendon,Geelong,42,72,Geelong,30,42723,M.C.G.,False
2016_Round_4_Hawthorn_vs_St_Kilda,2016,Round 4,2016-04-16 14:10:00,Saturday,Hawthorn,St Kilda,87,84,Hawthorn,3,17052,York Park,False
2016_Round_4_Brisbane_Lions_vs_Gold_Coast,2016,Round 4,2016-04-16 16:35:00,Saturday,Brisbane Lions,Gold Coast,107,94,Brisbane Lions,13,20041,Gabba,False
2016_Round_4_Adelaide_vs_Sydney,2016,Round 4,2016-04-16 19:10:00,Saturday,Adelaide,Sydney,113,103,Adelaide,10,50369,Adelaide Oval,False
2016_Round_4_Carlton_vs_Western_Bulldogs,2016,Round 4,2016-04-16 19:25:00,Saturday,Carlton,Western Bulldogs,49,85,Western Bulldogs,36,27622,Docklands,False
2016_Round_4_Greater_Western_Sydney_vs_Port_Adelaide,2016,Round 4,2016-04-17 13:10:00,Sunday,Greater Western Sydney,Port Adelaide,151,65,Greater Western Sydney,86,10028,Manuka Oval,False
2016_Round_4_Collingwood_vs_Melbourne,2016,Round 4,2016-04-17 15:20:00,Sunday,Collingwood,Melbourne,67,102,Melbourne,35,47558,M.C.G.,False
2016_Round_4_North_Melbourne_vs_Fremantle,2016,Round 4,2016-04-17 16:40:00,Sunday,North Melbourne,Fremantle,132,101,North Melbourne,31,23393,Docklands,False
2016_Round_5_Hawthorn_vs_Adelaide,2016,Round 5,2016-04-22 19:50:00,Friday,Hawthorn,Adelaide,112,109,Hawthorn,3,45781,M.C.G.,False
2016_Round_5_Sydney_vs_West_Coast,2016,Round 5,2016-04-23 13:45:00,Saturday,Sydney,West Coast,88,49,Sydney,39,35427,S.C.G.,False
2016_Round_5_Gold_Coast_vs_North_Melbourne,2016,Round 5,2016-04-23 16:35:00,Saturday,Gold Coast,North Melbourne,81,119,North Melbourne,38,13351,Carrara,False
2016_Round_5_Port_Adelaide_vs_Geelong,2016,Round 5,2016-04-23 19:15:00,Saturday,Port Adelaide,Geelong,59,107,Geelong,48,43984,Adelaide Oval,False
2016_Round_5_Western_Bulldogs_vs_Brisbane_Lions,2016,Round 5,2016-04-23 19:25:00,Saturday,Western Bulldogs,Brisbane Lions,120,67,Western Bulldogs,53,25097,Docklands,False
2016_Round_5_St_Kilda_vs_Greater_Western_Sydney,2016,Round 5,2016-04-24 13:10:00,Sunday,St Kilda,Greater Western Sydney,79,126,Greater Western Sydney,47,21052,Docklands,False
2016_Round_5_Fremantle_vs_Carlton,2016,Round 5,2016-04-24 14:15:00,Sunday,Fremantle,Carlton,68,72,Carlton,4,34796,Subiaco,False
2016_Round_5_Melbourne_vs_Richmond,2016,Round 5,2016-04-24 19:10:00,Sunday,Melbourne,Richmond,129,96,Melbourne,33,60867,M.C.G.,False
2016_Round_5_Collingwood_vs_Essendon,2016,Round 5,2016-04-25 15:20:00,Monday,Collingwood,Essendon,142,73,Collingwood,69,85082,M.C.G.,False
2016_Round_6_North_Melbourne_vs_Western_Bulldogs,2016,Round 6,2016-04-29 19:50:00,Friday,North Melbourne,Western Bulldogs,61,45,North Melbourne,16,47622,Docklands,False
2016_Round_6_Adelaide_vs_Fremantle,2016,Round 6,2016-04-30 13:40:00,Saturday,Adelaide,Fremantle,97,64,Adelaide,33,46431,Adelaide Oval,False
2016_Round_6_Melbourne_vs_St_Kilda,2016,Round 6,2016-04-30 13:45:00,Saturday,Melbourne,St Kilda,96,135,St Kilda,39,27260,Docklands,False
2016_Round_6_Greater_Western_Sydney_vs_Hawthorn,2016,Round 6,2016-04-30 16:35:00,Saturday,Greater Western Sydney,Hawthorn,158,83,Greater Western Sydney,75,13766,Sydney Showground,False
2016_Round_6_Geelong_vs_Gold_Coast,2016,Round 6,2016-04-30 19:25:00,Saturday,Geelong,Gold Coast,168,48,Geelong,120,23007,Kardinia Park,False
2016_Round_6_Richmond_vs_Port_Adelaide,2016,Round 6,2016-04-30 19:25:00,Saturday,Richmond,Port Adelaide,59,94,Port Adelaide,35,27077,M.C.G.,False
2016_Round_6_Brisbane_Lions_vs_Sydney,2016,Round 6,2016-05-01 13:10:00,Sunday,Brisbane Lions,Sydney,94,97,Sydney,3,14646,Gabba,False
2016_Round_6_West_Coast_vs_Collingwood,2016,Round 6,2016-05-01 14:40:00,Sunday,West Coast,Collingwood,124,62,West Coast,62,37931,Subiaco,False
2016_Round_6_Carlton_vs_Essendon,2016,Round 6,2016-05-01 15:20:00,Sunday,Carlton,Essendon,72,57,Carlton,15,43827,M.C.G.,False
2016_Round_7_Richmond_vs_Hawthorn,2016,Round 7,2016-05-06 19:50:00,Friday,Richmond,Hawthorn,90,136,Hawthorn,46,49678,M.C.G.,False
2016_Round_7_Collingwood_vs_Carlton,2016,Round 7,2016-05-07 13:45:00,Saturday,Collingwood,Carlton,84,99,Carlton,15,60222,M.C.G.,False
2016_Round_7_Geelong_vs_West_Coast,2016,Round 7,2016-05-07 14:10:00,Saturday,Geelong,West Coast,123,79,Geelong,44,25429,Kardinia Park,False
2016_Round_7_Sydney_vs_Essendon,2016,Round 7,2016-05-07 16:35:00,Saturday,Sydney,Essendon,135,54,Sydney,81,29527,S.C.G.,False
2016_Round_7_Gold_Coast_vs_Melbourne,2016,Round 7,2016-05-07 17:10:00,Saturday,Gold Coast,Melbourne,87,160,Melbourne,73,12780,Carrara,False
2016_Round_7_Fremantle_vs_Greater_Western_Sydney,2016,Round 7,2016-05-07 18:10:00,Saturday,Fremantle,Greater Western Sydney,77,95,Greater Western Sydney,18,28201,Subiaco,False
2016_Round_7_Western_Bulldogs_vs_Adelaide,2016,Round 7,2016-05-07 19:40:00,Saturday,Western Bulldogs,Adelaide,123,108,Western Bulldogs,15,26984,Docklands,False
2016_Round_7_St_Kilda_vs_North_Melbourne,2016,Round 7,2016-05-08 15:20:00,Sunday,St Kilda,North Melbourne,75,82,North Melbourne,7,27254,Docklands,False
2016_Round_7_Port_Adelaide_vs_Brisbane_Lions,2016,Round 7,2016-05-08 16:10:00,Sunday,Port Adelaide,Brisbane Lions,136,59,Port Adelaide,77,31544,Adelaide Oval,False
2016_Round_8_Adelaide_vs_Geelong,2016,Round 8,2016-05-13 19:20:00,Friday,Adelaide,Geelong,72,98,Geelong,26,53141,Adelaide Oval,False
2016_Round_8_Essendon_vs_North_Melbourne,2016,Round 8,2016-05-14 13:45:00,Saturday,Essendon,North Melbourne,60,74,North Melbourne,14,30321,Docklands,False
2016_Round_8_Hawthorn_vs_Fremantle,2016,Round 8,2016-05-14 14:10:00,Saturday,Hawthorn,Fremantle,116,75,Hawthorn,41,12012,York Park,False
2016_Round_8_Greater_Western_Sydney_vs_Gold_Coast,2016,Round 8,2016-05-14 16:35:00,Saturday,Greater Western Sydney,Gold Coast,149,58,Greater Western Sydney,91,8308,Sydney Showground,False
2016_Round_8_Brisbane_Lions_vs_Collingwood,2016,Round 8,2016-05-14 19:25:00,Saturday,Brisbane Lions,Collingwood,65,143,Collingwood,78,24552,Gabba,False
2016_Round_8_Richmond_vs_Sydney,2016,Round 8,2016-05-14 19:25:00,Saturday,Richmond,Sydney,101,100,Richmond,1,36014,M.C.G.,False
2016_Round_8_Carlton_vs_Port_Adelaide,2016,Round 8,2016-05-15 13:10:00,Sunday,Carlton,Port Adelaide,93,91,Carlton,2,26924,Docklands,False
2016_Round_8_West_Coast_vs_St_Kilda,2016,Round 8,2016-05-15 14:40:00,Sunday,West Coast,St Kilda,132,29,West Coast,103,36140,Subiaco,False
2016_Round_8_Melbourne_vs_Western_Bulldogs,2016,Round 8,2016-05-15 15:20:00,Sunday,Melbourne,Western Bulldogs,82,114,Western Bulldogs,32,39921,M.C.G.,False
2016_Round_9_Hawthorn_vs_Sydney,2016,Round 9,2016-05-20 19:50:00,Friday,Hawthorn,Sydney,55,69,Sydney,14,61552,M.C.G.,False
2016_Round_9_Collingwood_vs_Geelong,2016,Round 9,2016-05-21 13:45:00,Saturday,Collingwood,Geelong,104,80,Collingwood,24,59864,M.C.G.,False
2016_Round_9_Gold_Coast_vs_Adelaide,2016,Round 9,2016-05-21 14:10:00,Saturday,Gold Coast,Adelaide,74,149,Adelaide,75,11692,Carrara,False
2016_Round_9_Port_Adelaide_vs_West_Coast,2016,Round 9,2016-05-21 16:05:00,Saturday,Port Adelaide,West Coast,86,94,West Coast,8,38695,Adelaide Oval,False
2016_Round_9_Fremantle_vs_Richmond,2016,Round 9,2016-05-21 17:40:00,Saturday,Fremantle,Richmond,45,83,Richmond,38,20184,Subiaco,False
2016_Round_9_North_Melbourne_vs_Carlton,2016,Round 9,2016-05-21 19:25:00,Saturday,North Melbourne,Carlton,113,46,North Melbourne,67,38419,Docklands,False
2016_Round_9_Melbourne_vs_Brisbane_Lions,2016,Round 9,2016-05-22 13:10:00,Sunday,Melbourne,Brisbane Lions,131,68,Melbourne,63,26892,M.C.G.,False
2016_Round_9_Greater_Western_Sydney_vs_Western_Bulldogs,2016,Round 9,2016-05-22 15:20:00,Sunday,Greater Western Sydney,Western Bulldogs,98,73,Greater Western Sydney,25,9612,Sydney Showground,False
2016_Round_9_St_Kilda_vs_Essendon,2016,Round 9,2016-05-22 16:40:00,Sunday,St Kilda,Essendon,109,63,St Kilda,46,29026,Docklands,False
2016_Round_10_Sydney_vs_North_Melbourne,2016,Round 10,2016-05-27 19:50:00,Friday,Sydney,North Melbourne,91,65,Sydney,26,38498,S.C.G.,False
2016_Round_10_Melbourne_vs_Port_Adelaide,2016,Round 10,2016-05-28 13:40:00,Saturday,Melbourne,Port Adelaide,76,121,Port Adelaide,45,5146,Traeger Park,False
2016_Round_10_Brisbane_Lions_vs_Hawthorn,2016,Round 10,2016-05-28 13:45:00,Saturday,Brisbane Lions,Hawthorn,87,135,Hawthorn,48,23691,Gabba,False
2016_Round_10_St_Kilda_vs_Fremantle,2016,Round 10,2016-05-28 16:35:00,Saturday,St Kilda,Fremantle,101,67,St Kilda,34,17927,Docklands,False
2016_Round_10_Adelaide_vs_Greater_Western_Sydney,2016,Round 10,2016-05-28 19:10:00,Saturday,Adelaide,Greater Western Sydney,107,85,Adelaide,22,46737,Adelaide Oval,False
2016_Round_10_Essendon_vs_Richmond,2016,Round 10,2016-05-28 19:25:00,Saturday,Essendon,Richmond,67,105,Richmond,38,56948,M.C.G.,False
2016_Round_10_Carlton_vs_Geelong,2016,Round 10,2016-05-29 13:10:00,Sunday,Carlton,Geelong,104,85,Carlton,19,33535,Docklands,False
2016_Round_10_West_Coast_vs_Gold_Coast,2016,Round 10,2016-05-29 14:40:00,Sunday,West Coast,Gold Coast,132,55,West Coast,77,34945,Subiaco,False
2016_Round_10_Collingwood_vs_Western_Bulldogs,2016,Round 10,2016-05-29 15:20:00,Sunday,Collingwood,Western Bulldogs,53,74,Western Bulldogs,21,45078,M.C.G.,False
2016_Round_11_North_Melbourne_vs_Richmond,2016,Round 11,2016-06-03 19:50:00,Friday,North Melbourne,Richmond,124,54,North Melbourne,70,17844,Bellerive Oval,False
2016_Round_11_Hawthorn_vs_Melbourne,2016,Round 11,2016-06-04 13:45:00,Saturday,Hawthorn,Melbourne,82,64,Hawthorn,18,41833,M.C.G.,False
2016_Round_11_Carlton_vs_Brisbane_Lions,2016,Round 11,2016-06-04 14:10:00,Saturday,Carlton,Brisbane Lions,102,64,Carlton,38,30722,Docklands,False
2016_Round_11_Geelong_vs_Greater_Western_Sydney,2016,Round 11,2016-06-04 16:35:00,Saturday,Geelong,Greater Western Sydney,98,88,Geelong,10,22007,Kardinia Park,False
2016_Round_11_Fremantle_vs_Essendon,2016,Round 11,2016-06-04 17:40:00,Saturday,Fremantle,Essendon,126,47,Fremantle,79,31199,Subiaco,False
2016_Round_11_Gold_Coast_vs_Sydney,2016,Round 11,2016-06-04 19:25:00,Saturday,Gold Coast,Sydney,41,79,Sydney,38,4368,Carrara,False
2016_Round_11_Collingwood_vs_Port_Adelaide,2016,Round 11,2016-06-05 13:10:00,Sunday,Collingwood,Port Adelaide,58,125,Port Adelaide,67,28567,M.C.G.,False
2016_Round_11_Western_Bulldogs_vs_West_Coast,2016,Round 11,2016-06-05 15:20:00,Sunday,Western Bulldogs,West Coast,83,75,Western Bulldogs,8,28769,Docklands,False
2016_Round_11_Adelaide_vs_St_Kilda,2016,Round 11,2016-06-05 16:10:00,Sunday,Adelaide,St Kilda,133,45,Adelaide,88,40896,Adelaide Oval,False
2016_Round_12_Essendon_vs_Hawthorn,2016,Round 12,2016-06-10 19:50:00,Friday,Essendon,Hawthorn,43,151,Hawthorn,108,27567,Docklands,False
2016_Round_12_Port_Adelaide_vs_Western_Bulldogs,2016,Round 12,2016-06-11 13:10:00,Saturday,Port Adelaide,Western Bulldogs,97,100,Western Bulldogs,3,40096,Adelaide Oval,False
2016_Round_12_Brisbane_Lions_vs_Fremantle,2016,Round 12,2016-06-11 16:35:00,Saturday,Brisbane Lions,Fremantle,64,147,Fremantle,83,12899,Gabba,False
2016_Round_12_West_Coast_vs_Adelaide,2016,Round 12,2016-06-11 17:40:00,Saturday,West Coast,Adelaide,76,105,Adelaide,29,37591,Subiaco,False
2016_Round_12_Geelong_vs_North_Melbourne,2016,Round 12,2016-06-11 19:25:00,Saturday,Geelong,North Melbourne,105,74,Geelong,31,44025,Docklands,False
2016_Round_12_St_Kilda_vs_Carlton,2016,Round 12,2016-06-12 13:10:00,Sunday,St Kilda,Carlton,110,78,St Kilda,32,47945,Docklands,False
2016_Round_12_Richmond_vs_Gold_Coast,2016,Round 12,2016-06-12 15:20:00,Sunday,Richmond,Gold Coast,114,97,Richmond,17,30448,M.C.G.,False
2016_Round_12_Greater_Western_Sydney_vs_Sydney,2016,Round 12,2016-06-12 16:40:00,Sunday,Greater Western Sydney,Sydney,105,63,Greater Western Sydney,42,21541,Sydney Showground,False
2016_Round_12_Melbourne_vs_Collingwood,2016,Round 12,2016-06-13 15:20:00,Monday,Melbourne,Collingwood,104,58,Melbourne,46,60158,M.C.G.,False
2016_Round_13_North_Melbourne_vs_Hawthorn,2016,Round 13,2016-06-17 19:50:00,Friday,North Melbourne,Hawthorn,84,93,Hawthorn,9,37073,Docklands,False
2016_Round_13_Brisbane_Lions_vs_West_Coast,2016,Round 13,2016-06-18 13:40:00,Saturday,Brisbane Lions,West Coast,82,131,West Coast,49,12777,Gabba,False
2016_Round_13_Fremantle_vs_Port_Adelaide,2016,Round 13,2016-06-18 14:35:00,Saturday,Fremantle,Port Adelaide,86,69,Fremantle,17,32448,Subiaco,False
2016_Round_13_Western_Bulldogs_vs_Geelong,2016,Round 13,2016-06-18 19:25:00,Saturday,Western Bulldogs,Geelong,43,100,Geelong,57,41725,Docklands,False
2016_Round_13_Sydney_vs_Melbourne,2016,Round 13,2016-06-19 13:10:00,Sunday,Sydney,Melbourne,86,31,Sydney,55,19086,S.C.G.,False
2016_Round_13_Essendon_vs_Greater_Western_Sydney,2016,Round 13,2016-06-19 16:40:00,Sunday,Essendon,Greater Western Sydney,90,117,Greater Western Sydney,27,14463,Docklands,False
2016_Round_14_Adelaide_vs_North_Melbourne,2016,Round 14,2016-06-23 19:20:00,Thursday,Adelaide,North Melbourne,100,67,Adelaide,33,37890,Adelaide Oval,False
2016_Round_14_Collingwood_vs_Fremantle,2016,Round 14,2016-06-24 19:50:00,Friday,Collingwood,Fremantle,85,37,Collingwood,48,20320,M.C.G.,False
2016_Round_14_Richmond_vs_Brisbane_Lions,2016,Round 14,2016-06-25 13:40:00,Saturday,Richmond,Brisbane Lions,117,75,Richmond,42,28883,M.C.G.,False
2016_Round_14_Greater_Western_Sydney_vs_Carlton,2016,Round 14,2016-06-25 16:35:00,Saturday,Greater Western Sydney,Carlton,127,65,Greater Western Sydney,62,10355,Sydney Showground,False
2016_Round_14_St_Kilda_vs_Geelong,2016,Round 14,2016-06-25 19:25:00,Saturday,St Kilda,Geelong,93,90,St Kilda,3,28745,Docklands,False
2016_Round_14_Hawthorn_vs_Gold_Coast,2016,Round 14,2016-06-26 15:20:00,Sunday,Hawthorn,Gold Coast,86,60,Hawthorn,26,10121,York Park,False
2016_Round_15_West_Coast_vs_Essendon,2016,Round 15,2016-06-30 18:10:00,Thursday,West Coast,Essendon,130,52,West Coast,78,33117,Subiaco,False
2016_Round_15_Port_Adelaide_vs_Richmond,2016,Round 15,2016-07-01 19:20:00,Friday,Port Adelaide,Richmond,94,56,Port Adelaide,38,37848,Adelaide Oval,False
2016_Round_15_Gold_Coast_vs_St_Kilda,2016,Round 15,2016-07-02 13:40:00,Saturday,Gold Coast,St Kilda,108,68,Gold Coast,40,14071,Carrara,False
2016_Round_15_Sydney_vs_Western_Bulldogs,2016,Round 15,2016-07-02 16:35:00,Saturday,Sydney,Western Bulldogs,79,83,Western Bulldogs,4,33386,S.C.G.,False
2016_Round_15_Carlton_vs_Collingwood,2016,Round 15,2016-07-02 19:25:00,Saturday,Carlton,Collingwood,45,57,Collingwood,12,56157,M.C.G.,False
2016_Round_15_Melbourne_vs_Adelaide,2016,Round 15,2016-07-03 15:20:00,Sunday,Melbourne,Adelaide,98,120,Adelaide,22,29133,M.C.G.,False
2016_Round_16_Port_Adelaide_vs_Hawthorn,2016,Round 16,2016-07-07 19:20:00,Thursday,Port Adelaide,Hawthorn,79,101,Hawthorn,22,43025,Adelaide Oval,False
2016_Round_16_Geelong_vs_Sydney,2016,Round 16,2016-07-08 19:50:00,Friday,Geelong,Sydney,60,98,Sydney,38,24339,Kardinia Park,False
2016_Round_16_Greater_Western_Sydney_vs_Collingwood,2016,Round 16,2016-07-09 13:40:00,Saturday,Greater Western Sydney,Collingwood,93,125,Collingwood,32,13483,Sydney Showground,False
2016_Round_16_Gold_Coast_vs_Brisbane_Lions,2016,Round 16,2016-07-09 16:35:00,Saturday,Gold Coast,Brisbane Lions,139,113,Gold Coast,26,13528,Carrara,False
2016_Round_16_Melbourne_vs_Fremantle,2016,Round 16,2016-07-09 19:10:00,Saturday,Melbourne,Fremantle,87,55,Melbourne,32,8163,Marrara Oval,False
2016_Round_16_Western_Bulldogs_vs_Richmond,2016,Round 16,2016-07-09 19:25:00,Saturday,Western Bulldogs,Richmond,85,75,Western Bulldogs,10,39679,Docklands,False
2016_Round_16_Carlton_vs_Adelaide,2016,Round 16,2016-07-10 13:10:00,Sunday,Carlton,Adelaide,47,107,Adelaide,60,32430,M.C.G.,False
2016_Round_16_West_Coast_vs_North_Melbourne,2016,Round 16,2016-07-10 13:20:00,Sunday,West Coast,North Melbourne,104,72,West Coast,32,35618,Subiaco,False
2016_Round_16_Essendon_vs_St_Kilda,2016,Round 16,2016-07-10 16:40:00,Sunday,Essendon,St Kilda,98,109,St Kilda,11,25204,Docklands,False
2016_Round_17_Sydney_vs_Hawthorn,2016,Round 17,2016-07-14 19:20:00,Thursday,Sydney,Hawthorn,70,75,Hawthorn,5,42314,S.C.G.,False
2016_Round_17_Fremantle_vs_Geelong,2016,Round 17,2016-07-15 18:10:00,Friday,Fremantle,Geelong,61,78,Geelong,17,31042,Subiaco,False
2016_Round_17_Richmond_vs_Essendon,2016,Round 17,2016-07-16 13:40:00,Saturday,Richmond,Essendon,102,83,Richmond,19,44908,M.C.G.,False
2016_Round_17_North_Melbourne_vs_Port_Adelaide,2016,Round 17,2016-07-16 16:35:00,Saturday,North Melbourne,Port Adelaide,77,105,Port Adelaide,28,24361,Docklands,False
2016_Round_17_Adelaide_vs_Collingwood,2016,Round 17,2016-07-16 19:10:00,Saturday,Adelaide,Collingwood,97,69,Adelaide,28,50002,Adelaide Oval,False
2016_Round_17_Western_Bulldogs_vs_Gold_Coast,2016,Round 17,2016-07-16 19:25:00,Saturday,Western Bulldogs,Gold Coast,107,59,Western Bulldogs,48,8509,Cazaly's Stadium,False
2016_Round_17_Carlton_vs_West_Coast,2016,Round 17,2016-07-17 13:10:00,Sunday,Carlton,West Coast,75,82,West Coast,7,26389,M.C.G.,False
2016_Round_17_St_Kilda_vs_Melbourne,2016,Round 17,2016-07-17 15:20:00,Sunday,St Kilda,Melbourne,110,74,St Kilda,36,25322,Docklands,False
2016_Round_17_Brisbane_Lions_vs_Greater_Western_Sydney,2016,Round 17,2016-07-17 16:40:00,Sunday,Brisbane Lions,Greater Western Sydney,67,146,Greater Western Sydney,79,10195,Gabba,False
2016_Round_18_Collingwood_vs_North_Melbourne,2016,Round 18,2016-07-22 19:50:00,Friday,Collingwood,North Melbourne,84,124,North Melbourne,40,36041,Docklands,False
2016_Round_18_Sydney_vs_Carlton,2016,Round 18,2016-07-23 13:45:00,Saturday,Sydney,Carlton,74,68,Sydney,6,31765,S.C.G.,False
2016_Round_18_Gold_Coast_vs_Fremantle,2016,Round 18,2016-07-23 14:10:00,Saturday,Gold Coast,Fremantle,105,81,Gold Coast,24,8933,Carrara,False
2016_Round_18_West_Coast_vs_Melbourne,2016,Round 18,2016-07-23 14:35:00,Saturday,West Coast,Melbourne,66,60,West Coast,6,33908,Subiaco,False
2016_Round_18_Geelong_vs_Adelaide,2016,Round 18,2016-07-23 19:25:00,Saturday,Geelong,Adelaide,85,55,Geelong,30,21127,Kardinia Park,False
2016_Round_18_Western_Bulldogs_vs_St_Kilda,2016,Round 18,2016-07-23 19:25:00,Saturday,Western Bulldogs,St Kilda,60,75,St Kilda,15,26532,Docklands,False
2016_Round_18_Essendon_vs_Brisbane_Lions,2016,Round 18,2016-07-24 13:10:00,Sunday,Essendon,Brisbane Lions,91,128,Brisbane Lions,37,34869,Docklands,False
2016_Round_18_Hawthorn_vs_Richmond,2016,Round 18,2016-07-24 15:20:00,Sunday,Hawthorn,Richmond,114,44,Hawthorn,70,51892,M.C.G.,False
2016_Round_18_Port_Adelaide_vs_Greater_Western_Sydney,2016,Round 18,2016-07-24 16:10:00,Sunday,Port Adelaide,Greater Western Sydney,60,79,Greater Western Sydney,19,27935,Adelaide Oval,False
2016_Round_19_Geelong_vs_Western_Bulldogs,2016,Round 19,2016-07-29 19:50:00,Friday,Geelong,Western Bulldogs,103,78,Geelong,25,24331,Kardinia Park,False
2016_Round_19_Greater_Western_Sydney_vs_Richmond,2016,Round 19,2016-07-30 13:45:00,Saturday,Greater Western Sydney,Richmond,111,23,Greater Western Sydney,88,14974,Manuka Oval,False
2016_Round_19_Hawthorn_vs_Carlton,2016,Round 19,2016-07-30 14:10:00,Saturday,Hawthorn,Carlton,74,55,Hawthorn,19,18112,York Park,False
2016_Round_19_Collingwood_vs_West_Coast,2016,Round 19,2016-07-30 16:35:00,Saturday,Collingwood,West Coast,91,72,Collingwood,19,34929,M.C.G.,False
2016_Round_19_Brisbane_Lions_vs_Port_Adelaide,2016,Round 19,2016-07-30 19:25:00,Saturday,Brisbane Lions,Port Adelaide,79,173,Port Adelaide,94,13085,Gabba,False
2016_Round_19_North_Melbourne_vs_St_Kilda,2016,Round 19,2016-07-30 19:25:00,Saturday,North Melbourne,St Kilda,85,62,North Melbourne,23,44287,Docklands,False
2016_Round_19_Melbourne_vs_Gold_Coast,2016,Round 19,2016-07-31 13:10:00,Sunday,Melbourne,Gold Coast,66,64,Melbourne,2,20627,M.C.G.,False
2016_Round_19_Fremantle_vs_Sydney,2016,Round 19,2016-07-31 13:20:00,Sunday,Fremantle,Sydney,47,137,Sydney,90,32401,Subiaco,False
2016_Round_19_Adelaide_vs_Essendon,2016,Round 19,2016-07-31 16:10:00,Sunday,Adelaide,Essendon,143,61,Adelaide,82,44264,Adelaide Oval,False
2016_Round_20_Richmond_vs_Collingwood,2016,Round 20,2016-08-05 19:50:00,Friday,Richmond,Collingwood,92,77,Richmond,15,49122,M.C.G.,False
2016_Round_20_Sydney_vs_Port_Adelaide,2016,Round 20,2016-08-06 13:45:00,Saturday,Sydney,Port Adelaide,100,33,Sydney,67,30204,S.C.G.,False
2016_Round_20_Melbourne_vs_Hawthorn,2016,Round 20,2016-08-06 14:10:00,Saturday,Melbourne,Hawthorn,110,81,Melbourne,29,38818,M.C.G.,False
2016_Round_20_Gold_Coast_vs_Greater_Western_Sydney,2016,Round 20,2016-08-06 16:35:00,Saturday,Gold Coast,Greater Western Sydney,84,92,Greater Western Sydney,8,9108,Carrara,False
2016_Round_20_Adelaide_vs_Brisbane_Lions,2016,Round 20,2016-08-06 19:10:00,Saturday,Adelaide,Brisbane Lions,177,39,Adelaide,138,43549,Adelaide Oval,False
2016_Round_20_Western_Bulldogs_vs_North_Melbourne,2016,Round 20,2016-08-06 19:25:00,Saturday,Western Bulldogs,North Melbourne,61,47,Western Bulldogs,14,30740,Docklands,False
2016_Round_20_Carlton_vs_St_Kilda,2016,Round 20,2016-08-07 13:10:00,Sunday,Carlton,St Kilda,51,122,St Kilda,71,37797,M.C.G.,False
2016_Round_20_Fremantle_vs_West_Coast,2016,Round 20,2016-08-07 14:40:00,Sunday,Fremantle,West Coast,64,110,West Coast,46,36215,Subiaco,False
2016_Round_20_Geelong_vs_Essendon,2016,Round 20,2016-08-07 15:20:00,Sunday,Geelong,Essendon,100,34,Geelong,66,29254,Docklands,False
2016_Round_21_Western_Bulldogs_vs_Collingwood,2016,Round 21,2016-08-12 19:50:00,Friday,Western Bulldogs,Collingwood,95,92,Western Bulldogs,3,35010,Docklands,False
2016_Round_21_Brisbane_Lions_vs_Carlton,2016,Round 21,2016-08-13 13:45:00,Saturday,Brisbane Lions,Carlton,99,95,Brisbane Lions,4,17432,Gabba,False
2016_Round_21_Hawthorn_vs_North_Melbourne,2016,Round 21,2016-08-13 14:10:00,Saturday,Hawthorn,North Melbourne,96,57,Hawthorn,39,50657,M.C.G.,False
2016_Round_21_Greater_Western_Sydney_vs_West_Coast,2016,Round 21,2016-08-13 16:35:00,Saturday,Greater Western Sydney,West Coast,96,97,West Coast,1,10385,Sydney Showground,False
2016_Round_21_Port_Adelaide_vs_Melbourne,2016,Round 21,2016-08-13 19:10:00,Saturday,Port Adelaide,Melbourne,54,94,Melbourne,40,33426,Adelaide Oval,False
2016_Round_21_St_Kilda_vs_Sydney,2016,Round 21,2016-08-13 19:25:00,Saturday,St Kilda,Sydney,76,146,Sydney,70,33059,Docklands,False
2016_Round_21_Essendon_vs_Gold_Coast,2016,Round 21,2016-08-14 13:10:00,Sunday,Essendon,Gold Coast,75,69,Essendon,6,16622,Docklands,False
2016_Round_21_Fremantle_vs_Adelaide,2016,Round 21,2016-08-14 14:40:00,Sunday,Fremantle,Adelaide,70,142,Adelaide,72,30116,Subiaco,False
2016_Round_21_Richmond_vs_Geelong,2016,Round 21,2016-08-14 15:20:00,Sunday,Richmond,Geelong,78,82,Geelong,4,45667,M.C.G.,False
2016_Round_22_West_Coast_vs_Hawthorn,2016,Round 22,2016-08-19 18:10:00,Friday,West Coast,Hawthorn,92,67,West Coast,25,38581,Subiaco,False
2016_Round_22_North_Melbourne_vs_Sydney,2016,Round 22,2016-08-20 13:45:00,Saturday,North Melbourne,Sydney,76,85,Sydney,9,16495,Bellerive Oval,False
2016_Round_22_Richmond_vs_St_Kilda,2016,Round 22,2016-08-20 14:10:00,Saturday,Richmond,St Kilda,46,55,St Kilda,9,35255,M.C.G.,False
2016_Round_22_Greater_Western_Sydney_vs_Fremantle,2016,Round 22,2016-08-20 16:35:00,Saturday,Greater Western Sydney,Fremantle,129,37,Greater Western Sydney,92,9556,Sydney Showground,False
2016_Round_22_Port_Adelaide_vs_Adelaide,2016,Round 22,2016-08-20 19:10:00,Saturday,Port Adelaide,Adelaide,94,109,Adelaide,15,49541,Adelaide Oval,False
2016_Round_22_Collingwood_vs_Gold_Coast,2016,Round 22,2016-08-20 19:25:00,Saturday,Collingwood,Gold Coast,118,47,Collingwood,71,17644,Docklands,False
2016_Round_22_Carlton_vs_Melbourne,2016,Round 22,2016-08-21 13:10:00,Sunday,Carlton,Melbourne,78,58,Carlton,20,40693,M.C.G.,False
2016_Round_22_Brisbane_Lions_vs_Geelong,2016,Round 22,2016-08-21 15:20:00,Sunday,Brisbane Lions,Geelong,69,129,Geelong,60,20477,Gabba,False
2016_Round_22_Essendon_vs_Western_Bulldogs,2016,Round 22,2016-08-21 16:40:00,Sunday,Essendon,Western Bulldogs,53,93,Western Bulldogs,40,25308,Docklands,False
2016_Round_23_Adelaide_vs_West_Coast,2016,Round 23,2016-08-26 19:40:00,Friday,Adelaide,West Coast,71,100,West Coast,29,50785,Adelaide Oval,False
2016_Round_23_Geelong_vs_Melbourne,2016,Round 23,2016-08-27 13:45:00,Saturday,Geelong,Melbourne,155,44,Geelong,111,24413,Kardinia Park,False
2016_Round_23_Essendon_vs_Carlton,2016,Round 23,2016-08-27 14:10:00,Saturday,Essendon,Carlton,103,79,Essendon,24,46566,M.C.G.,False
2016_Round_23_Sydney_vs_Richmond,2016,Round 23,2016-08-27 16:35:00,Saturday,Sydney,Richmond,164,51,Sydney,113,36570,S.C.G.,False
2016_Round_23_Gold_Coast_vs_Port_Adelaide,2016,Round 23,2016-08-27 19:25:00,Saturday,Gold Coast,Port Adelaide,66,89,Port Adelaide,23,9213,Carrara,False
2016_Round_23_North_Melbourne_vs_Greater_Western_Sydney,2016,Round 23,2016-08-27 19:25:00,Saturday,North Melbourne,Greater Western Sydney,63,100,Greater Western Sydney,37,22295,Docklands,False
2016_Round_23_St_Kilda_vs_Brisbane_Lions,2016,Round 23,2016-08-28 13:10:00,Sunday,St Kilda,Brisbane Lions,161,103,St Kilda,58,19633,Docklands,False
2016_Round_23_Fremantle_vs_Western_Bulldogs,2016,Round 23,2016-08-28 14:40:00,Sunday,Fremantle,Western Bulldogs,69,49,Fremantle,20,34765,Subiaco,False
2016_Round_23_Hawthorn_vs_Collingwood,2016,Round 23,2016-08-28 15:20:00,Sunday,Hawthorn,Collingwood,112,111,Hawthorn,1,52968,M.C.G.,False
2016_Elimination_Final_West_Coast_vs_Western_Bulldogs,2016,Elimination Final,2016-09-08 18:10:00,Thursday,West Coast,Western Bulldogs,52,99,Western Bulldogs,47,42078,Subiaco,True
2016_Qualifying_Final_Geelong_vs_Hawthorn,2016,Qualifying Final,2016-09-09 19:50:00,Friday,Geelong,Hawthorn,85,83,Geelong,2,87533,M.C.G.,True
2016_Qualifying_Final_Sydney_vs_Greater_Western_Sydney,2016,Qualifying Final,2016-09-10 15:20:00,Saturday,Sydney,Greater Western Sydney,55,91,Greater Western Sydney,36,60222,Stadium Australia,True
2016_Elimination_Final_Adelaide_vs_North_Melbourne,2016,Elimination Final,2016-09-10 19:10:00,Saturday,Adelaide,North Melbourne,141,79,Adelaide,62,49007,Adelaide Oval,True
2016_Semi_Final_Hawthorn_vs_Western_Bulldogs,2016,Semi Final,2016-09-16 19:50:00,Friday,Hawthorn,Western Bulldogs,84,107,Western Bulldogs,23,87823,M.C.G.,True
2016_Semi_Final_Sydney_vs_Adelaide,2016,Semi Final,2016-09-17 19:25:00,Saturday,Sydney,Adelaide,118,82,Sydney,36,38136,S.C.G.,True
2016_Preliminary_Final_Geelong_vs_Sydney,2016,Preliminary Final,2016-09-23 19:50:00,Friday,Geelong,Sydney,60,97,Sydney,37,71772,M.C.G.,True
2016_Preliminary_Final_Greater_Western_Sydney_vs_Western_Bulldogs,2016,Preliminary Final,2016-09-24 17:15:00,Saturday,Greater Western Sydney,Western Bulldogs,83,89,Western Bulldogs,6,21790,Sydney Showground,True
2016_Grand_Final_Sydney_vs_Western_Bulldogs,2016,Grand Final,2016-10-01 14:30:00,Saturday,Sydney,Western Bulldogs,67,89,Western Bulldogs,22,99981,M.C.G.,True
2017_Round_1_Carlton_vs_Richmond,2017,Round 1,2017-03-23 19:20:00,Thursday,Carlton,Richmond,89,132,Richmond,43,73137,M.C.G.,False
2017_Round_1_Collingwood_vs_Western_Bulldogs,2017,Round 1,2017-03-24 19:50:00,Friday,Collingwood,Western Bulldogs,86,100,Western Bulldogs,14,66254,M.C.G.,False
2017_Round_1_St_Kilda_vs_Melbourne,2017,Round 1,2017-03-25 16:35:00,Saturday,St Kilda,Melbourne,90,120,Melbourne,30,36249,Docklands,False
2017_Round_1_Sydney_vs_Port_Adelaide,2017,Round 1,2017-03-25 16:35:00,Saturday,Sydney,Port Adelaide,82,110,Port Adelaide,28,33129,S.C.G.,False
2017_Round_1_Gold_Coast_vs_Brisbane_Lions,2017,Round 1,2017-03-25 19:05:00,Saturday,Gold Coast,Brisbane Lions,96,98,Brisbane Lions,2,12710,Carrara,False
2017_Round_1_Essendon_vs_Hawthorn,2017,Round 1,2017-03-25 19:25:00,Saturday,Essendon,Hawthorn,116,91,Essendon,25,78294,M.C.G.,False
2017_Round_1_North_Melbourne_vs_West_Coast,2017,Round 1,2017-03-26 13:10:00,Sunday,North Melbourne,West Coast,93,136,West Coast,43,21997,Docklands,False
2017_Round_1_Adelaide_vs_Greater_Western_Sydney,2017,Round 1,2017-03-26 14:45:00,Sunday,Adelaide,Greater Western Sydney,147,91,Adelaide,56,43993,Adelaide Oval,False
2017_Round_1_Fremantle_vs_Geelong,2017,Round 1,2017-03-26 16:40:00,Sunday,Fremantle,Geelong,73,115,Geelong,42,34638,Subiaco,False
2017_Round_2_Richmond_vs_Collingwood,2017,Round 2,2017-03-30 19:20:00,Thursday,Richmond,Collingwood,99,80,Richmond,19,58236,M.C.G.,False
2017_Round_2_Western_Bulldogs_vs_Sydney,2017,Round 2,2017-03-31 19:50:00,Friday,Western Bulldogs,Sydney,110,87,Western Bulldogs,23,42834,Docklands,False
2017_Round_2_Hawthorn_vs_Adelaide,2017,Round 2,2017-04-01 13:45:00,Saturday,Hawthorn,Adelaide,89,113,Adelaide,24,37420,M.C.G.,False
2017_Round_2_Greater_Western_Sydney_vs_Gold_Coast,2017,Round 2,2017-04-01 16:35:00,Saturday,Greater Western Sydney,Gold Coast,160,58,Greater Western Sydney,102,8022,Sydney Showground,False
2017_Round_2_West_Coast_vs_St_Kilda,2017,Round 2,2017-04-01 16:40:00,Saturday,West Coast,St Kilda,116,97,West Coast,19,37749,Subiaco,False
2017_Round_2_Brisbane_Lions_vs_Essendon,2017,Round 2,2017-04-01 18:25:00,Saturday,Brisbane Lions,Essendon,84,111,Essendon,27,21749,Gabba,False
2017_Round_2_Geelong_vs_North_Melbourne,2017,Round 2,2017-04-02 13:10:00,Sunday,Geelong,North Melbourne,112,111,Geelong,1,30917,Docklands,False
2017_Round_2_Melbourne_vs_Carlton,2017,Round 2,2017-04-02 15:20:00,Sunday,Melbourne,Carlton,86,64,Melbourne,22,46727,M.C.G.,False
2017_Round_2_Port_Adelaide_vs_Fremantle,2017,Round 2,2017-04-02 16:10:00,Sunday,Port Adelaide,Fremantle,145,56,Port Adelaide,89,38388,Adelaide Oval,False
2017_Round_3_Sydney_vs_Collingwood,2017,Round 3,2017-04-07 19:50:00,Friday,Sydney,Collingwood,79,80,Collingwood,1,35310,S.C.G.,False
2017_Round_3_North_Melbourne_vs_Greater_Western_Sydney,2017,Round 3,2017-04-08 13:45:00,Saturday,North Melbourne,Greater Western Sydney,67,109,Greater Western Sydney,42,8758,Bellerive Oval,False
2017_Round_3_Richmond_vs_West_Coast,2017,Round 3,2017-04-08 14:10:00,Saturday,Richmond,West Coast,76,65,Richmond,11,42523,M.C.G.,False
2017_Round_3_Geelong_vs_Melbourne,2017,Round 3,2017-04-08 16:35:00,Saturday,Geelong,Melbourne,126,97,Geelong,29,29733,Docklands,False
2017_Round_3_Fremantle_vs_Western_Bulldogs,2017,Round 3,2017-04-08 17:40:00,Saturday,Fremantle,Western Bulldogs,89,73,Fremantle,16,28865,Subiaco,False
2017_Round_3_Port_Adelaide_vs_Adelaide,2017,Round 3,2017-04-08 19:10:00,Saturday,Port Adelaide,Adelaide,83,100,Adelaide,17,53698,Adelaide Oval,False
2017_Round_3_St_Kilda_vs_Brisbane_Lions,2017,Round 3,2017-04-09 13:10:00,Sunday,St Kilda,Brisbane Lions,107,76,St Kilda,31,23097,Docklands,False
2017_Round_3_Carlton_vs_Essendon,2017,Round 3,2017-04-09 15:20:00,Sunday,Carlton,Essendon,57,42,Carlton,15,48022,M.C.G.,False
2017_Round_3_Gold_Coast_vs_Hawthorn,2017,Round 3,2017-04-09 16:40:00,Sunday,Gold Coast,Hawthorn,139,53,Gold Coast,86,14728,Carrara,False
2017_Round_4_West_Coast_vs_Sydney,2017,Round 4,2017-04-13 18:10:00,Thursday,West Coast,Sydney,91,65,West Coast,26,38063,Subiaco,False
2017_Round_4_North_Melbourne_vs_Western_Bulldogs,2017,Round 4,2017-04-14 16:20:00,Friday,North Melbourne,Western Bulldogs,86,89,Western Bulldogs,3,42814,Docklands,False
2017_Round_4_Melbourne_vs_Fremantle,2017,Round 4,2017-04-15 13:45:00,Saturday,Melbourne,Fremantle,104,106,Fremantle,2,27829,M.C.G.,False
2017_Round_4_Greater_Western_Sydney_vs_Port_Adelaide,2017,Round 4,2017-04-15 16:35:00,Saturday,Greater Western Sydney,Port Adelaide,112,81,Greater Western Sydney,31,9185,Manuka Oval,False
2017_Round_4_Adelaide_vs_Essendon,2017,Round 4,2017-04-15 19:10:00,Saturday,Adelaide,Essendon,153,88,Adelaide,65,47492,Adelaide Oval,False
2017_Round_4_Carlton_vs_Gold_Coast,2017,Round 4,2017-04-15 19:25:00,Saturday,Carlton,Gold Coast,82,108,Gold Coast,26,24968,Docklands,False
2017_Round_4_Collingwood_vs_St_Kilda,2017,Round 4,2017-04-16 15:20:00,Sunday,Collingwood,St Kilda,55,69,St Kilda,14,36650,Docklands,False
2017_Round_4_Brisbane_Lions_vs_Richmond,2017,Round 4,2017-04-16 16:40:00,Sunday,Brisbane Lions,Richmond,67,119,Richmond,52,21669,Gabba,False
2017_Round_4_Hawthorn_vs_Geelong,2017,Round 4,2017-04-17 15:20:00,Monday,Hawthorn,Geelong,48,134,Geelong,86,62360,M.C.G.,False
2017_Round_5_Port_Adelaide_vs_Carlton,2017,Round 5,2017-04-21 19:20:00,Friday,Port Adelaide,Carlton,137,47,Port Adelaide,90,43120,Adelaide Oval,False
2017_Round_5_Western_Bulldogs_vs_Brisbane_Lions,2017,Round 5,2017-04-22 13:45:00,Saturday,Western Bulldogs,Brisbane Lions,122,90,Western Bulldogs,32,31822,Docklands,False
2017_Round_5_Gold_Coast_vs_Adelaide,2017,Round 5,2017-04-22 16:35:00,Saturday,Gold Coast,Adelaide,86,153,Adelaide,67,12672,Carrara,False
2017_Round_5_Fremantle_vs_North_Melbourne,2017,Round 5,2017-04-22 17:40:00,Saturday,Fremantle,North Melbourne,67,62,Fremantle,5,33319,Subiaco,False
2017_Round_5_Sydney_vs_Greater_Western_Sydney,2017,Round 5,2017-04-22 19:25:00,Saturday,Sydney,Greater Western Sydney,63,105,Greater Western Sydney,42,34824,S.C.G.,False
2017_Round_5_St_Kilda_vs_Geelong,2017,Round 5,2017-04-23 15:20:00,Sunday,St Kilda,Geelong,88,126,Geelong,38,33884,Docklands,False
2017_Round_5_Hawthorn_vs_West_Coast,2017,Round 5,2017-04-23 16:40:00,Sunday,Hawthorn,West Coast,125,75,Hawthorn,50,28997,M.C.G.,False
2017_Round_5_Richmond_vs_Melbourne,2017,Round 5,2017-04-24 19:25:00,Monday,Richmond,Melbourne,88,75,Richmond,13,85657,M.C.G.,False
2017_Round_5_Essendon_vs_Collingwood,2017,Round 5,2017-04-25 15:20:00,Tuesday,Essendon,Collingwood,100,82,Essendon,18,87685,M.C.G.,False
2017_Round_6_Greater_Western_Sydney_vs_Western_Bulldogs,2017,Round 6,2017-04-28 19:50:00,Friday,Greater Western Sydney,Western Bulldogs,75,73,Greater Western Sydney,2,14048,Manuka Oval,False
2017_Round_6_Hawthorn_vs_St_Kilda,2017,Round 6,2017-04-29 13:45:00,Saturday,Hawthorn,St Kilda,55,130,St Kilda,75,15571,York Park,False
2017_Round_6_Carlton_vs_Sydney,2017,Round 6,2017-04-29 14:10:00,Saturday,Carlton,Sydney,97,78,Carlton,19,32678,M.C.G.,False
2017_Round_6_Brisbane_Lions_vs_Port_Adelaide,2017,Round 6,2017-04-29 16:35:00,Saturday,Brisbane Lions,Port Adelaide,67,150,Port Adelaide,83,13638,Gabba,False
2017_Round_6_West_Coast_vs_Fremantle,2017,Round 6,2017-04-29 18:10:00,Saturday,West Coast,Fremantle,103,62,West Coast,41,40836,Subiaco,False
2017_Round_6_North_Melbourne_vs_Gold_Coast,2017,Round 6,2017-04-29 19:25:00,Saturday,North Melbourne,Gold Coast,107,94,North Melbourne,13,15431,Docklands,False
2017_Round_6_Essendon_vs_Melbourne,2017,Round 6,2017-04-30 13:10:00,Sunday,Essendon,Melbourne,74,112,Melbourne,38,44040,Docklands,False
2017_Round_6_Geelong_vs_Collingwood,2017,Round 6,2017-04-30 15:20:00,Sunday,Geelong,Collingwood,78,107,Collingwood,29,46457,M.C.G.,False
2017_Round_6_Adelaide_vs_Richmond,2017,Round 6,2017-04-30 16:10:00,Sunday,Adelaide,Richmond,140,64,Adelaide,76,51069,Adelaide Oval,False
2017_Round_7_St_Kilda_vs_Greater_Western_Sydney,2017,Round 7,2017-05-05 19:50:00,Friday,St Kilda,Greater Western Sydney,108,85,St Kilda,23,21160,Docklands,False
2017_Round_7_North_Melbourne_vs_Adelaide,2017,Round 7,2017-05-06 13:45:00,Saturday,North Melbourne,Adelaide,145,86,North Melbourne,59,10064,Bellerive Oval,False
2017_Round_7_Collingwood_vs_Carlton,2017,Round 7,2017-05-06 14:10:00,Saturday,Collingwood,Carlton,56,79,Carlton,23,70279,M.C.G.,False
2017_Round_7_Port_Adelaide_vs_West_Coast,2017,Round 7,2017-05-06 16:05:00,Saturday,Port Adelaide,West Coast,87,97,West Coast,10,38333,Adelaide Oval,False
2017_Round_7_Gold_Coast_vs_Geelong,2017,Round 7,2017-05-06 19:25:00,Saturday,Gold Coast,Geelong,124,99,Gold Coast,25,13648,Carrara,False
2017_Round_7_Western_Bulldogs_vs_Richmond,2017,Round 7,2017-05-06 19:25:00,Saturday,Western Bulldogs,Richmond,80,75,Western Bulldogs,5,46387,Docklands,False
2017_Round_7_Sydney_vs_Brisbane_Lions,2017,Round 7,2017-05-07 13:10:00,Sunday,Sydney,Brisbane Lions,135,81,Sydney,54,25619,S.C.G.,False
2017_Round_7_Fremantle_vs_Essendon,2017,Round 7,2017-05-07 14:40:00,Sunday,Fremantle,Essendon,116,79,Fremantle,37,33393,Subiaco,False
2017_Round_7_Melbourne_vs_Hawthorn,2017,Round 7,2017-05-07 15:20:00,Sunday,Melbourne,Hawthorn,91,94,Hawthorn,3,38693,M.C.G.,False
2017_Round_8_West_Coast_vs_Western_Bulldogs,2017,Round 8,2017-05-12 18:10:00,Friday,West Coast,Western Bulldogs,69,61,West Coast,8,38934,Subiaco,False
2017_Round_8_Hawthorn_vs_Brisbane_Lions,2017,Round 8,2017-05-13 13:45:00,Saturday,Hawthorn,Brisbane Lions,113,75,Hawthorn,38,10553,York Park,False
2017_Round_8_St_Kilda_vs_Carlton,2017,Round 8,2017-05-13 14:10:00,Saturday,St Kilda,Carlton,85,66,St Kilda,19,38014,Docklands,False
2017_Round_8_Greater_Western_Sydney_vs_Collingwood,2017,Round 8,2017-05-13 16:35:00,Saturday,Greater Western Sydney,Collingwood,102,99,Greater Western Sydney,3,11360,Sydney Showground,False
2017_Round_8_Adelaide_vs_Melbourne,2017,Round 8,2017-05-13 19:10:00,Saturday,Adelaide,Melbourne,66,107,Melbourne,41,47882,Adelaide Oval,False
2017_Round_8_Essendon_vs_Geelong,2017,Round 8,2017-05-13 19:25:00,Saturday,Essendon,Geelong,110,93,Essendon,17,57173,M.C.G.,False
2017_Round_8_Richmond_vs_Fremantle,2017,Round 8,2017-05-14 13:10:00,Sunday,Richmond,Fremantle,70,72,Fremantle,2,31200,M.C.G.,False
2017_Round_8_Gold_Coast_vs_Port_Adelaide,2017,Round 8,2017-05-14 13:15:00,Sunday,Gold Coast,Port Adelaide,38,110,Port Adelaide,72,10118,Jiangwan Stadium,False
2017_Round_8_North_Melbourne_vs_Sydney,2017,Round 8,2017-05-14 16:40:00,Sunday,North Melbourne,Sydney,78,120,Sydney,42,21589,Docklands,False
2017_Round_9_Geelong_vs_Western_Bulldogs,2017,Round 9,2017-05-19 19:50:00,Friday,Geelong,Western Bulldogs,104,81,Geelong,23,30275,Kardinia Park,False
2017_Round_9_St_Kilda_vs_Sydney,2017,Round 9,2017-05-20 13:45:00,Saturday,St Kilda,Sydney,68,118,Sydney,50,29778,Docklands,False
2017_Round_9_Greater_Western_Sydney_vs_Richmond,2017,Round 9,2017-05-20 16:35:00,Saturday,Greater Western Sydney,Richmond,78,75,Greater Western Sydney,3,10677,Sydney Showground,False
2017_Round_9_Brisbane_Lions_vs_Adelaide,2017,Round 9,2017-05-20 19:25:00,Saturday,Brisbane Lions,Adelaide,60,140,Adelaide,80,13802,Gabba,False
2017_Round_9_Collingwood_vs_Hawthorn,2017,Round 9,2017-05-20 19:25:00,Saturday,Collingwood,Hawthorn,90,72,Collingwood,18,54252,M.C.G.,False
2017_Round_9_Essendon_vs_West_Coast,2017,Round 9,2017-05-21 13:10:00,Sunday,Essendon,West Coast,125,64,Essendon,61,36403,Docklands,False
2017_Round_9_Fremantle_vs_Carlton,2017,Round 9,2017-05-21 14:40:00,Sunday,Fremantle,Carlton,86,51,Fremantle,35,30313,Subiaco,False
2017_Round_9_Melbourne_vs_North_Melbourne,2017,Round 9,2017-05-21 15:20:00,Sunday,Melbourne,North Melbourne,90,104,North Melbourne,14,33218,M.C.G.,False
2017_Round_10_Geelong_vs_Port_Adelaide,2017,Round 10,2017-05-25 19:20:00,Thursday,Geelong,Port Adelaide,81,79,Geelong,2,24909,Kardinia Park,False
2017_Round_10_Sydney_vs_Hawthorn,2017,Round 10,2017-05-26 19:50:00,Friday,Sydney,Hawthorn,75,81,Hawthorn,6,36221,S.C.G.,False
2017_Round_10_Western_Bulldogs_vs_St_Kilda,2017,Round 10,2017-05-27 13:45:00,Saturday,Western Bulldogs,St Kilda,90,50,Western Bulldogs,40,34685,Docklands,False
2017_Round_10_Melbourne_vs_Gold_Coast,2017,Round 10,2017-05-27 16:05:00,Saturday,Melbourne,Gold Coast,122,87,Melbourne,35,5072,Traeger Park,False
2017_Round_10_Adelaide_vs_Fremantle,2017,Round 10,2017-05-27 19:10:00,Saturday,Adelaide,Fremantle,143,43,Adelaide,100,42415,Adelaide Oval,False
2017_Round_10_Richmond_vs_Essendon,2017,Round 10,2017-05-27 19:25:00,Saturday,Richmond,Essendon,81,66,Richmond,15,85565,M.C.G.,False
2017_Round_10_Collingwood_vs_Brisbane_Lions,2017,Round 10,2017-05-28 13:10:00,Sunday,Collingwood,Brisbane Lions,129,84,Collingwood,45,32750,M.C.G.,False
2017_Round_10_West_Coast_vs_Greater_Western_Sydney,2017,Round 10,2017-05-28 14:40:00,Sunday,West Coast,Greater Western Sydney,90,98,Greater Western Sydney,8,37057,Subiaco,False
2017_Round_10_Carlton_vs_North_Melbourne,2017,Round 10,2017-05-28 15:20:00,Sunday,Carlton,North Melbourne,96,113,North Melbourne,17,32802,Docklands,False
2017_Round_11_Port_Adelaide_vs_Hawthorn,2017,Round 11,2017-06-01 19:20:00,Thursday,Port Adelaide,Hawthorn,98,47,Port Adelaide,51,37910,Adelaide Oval,False
2017_Round_11_Geelong_vs_Adelaide,2017,Round 11,2017-06-02 19:50:00,Friday,Geelong,Adelaide,96,74,Geelong,22,30458,Kardinia Park,False
2017_Round_11_Gold_Coast_vs_West_Coast,2017,Round 11,2017-06-03 13:45:00,Saturday,Gold Coast,West Coast,80,77,Gold Coast,3,11402,Carrara,False
2017_Round_11_Greater_Western_Sydney_vs_Essendon,2017,Round 11,2017-06-03 16:35:00,Saturday,Greater Western Sydney,Essendon,117,101,Greater Western Sydney,16,13671,Sydney Showground,False
2017_Round_11_North_Melbourne_vs_Richmond,2017,Round 11,2017-06-03 19:25:00,Saturday,North Melbourne,Richmond,66,101,Richmond,35,36100,Docklands,False
2017_Round_11_Fremantle_vs_Collingwood,2017,Round 11,2017-06-04 14:40:00,Sunday,Fremantle,Collingwood,85,105,Collingwood,20,34259,Subiaco,False
2017_Round_12_Sydney_vs_Western_Bulldogs,2017,Round 12,2017-06-08 19:20:00,Thursday,Sydney,Western Bulldogs,88,42,Sydney,46,20692,S.C.G.,False
2017_Round_12_Adelaide_vs_St_Kilda,2017,Round 12,2017-06-09 19:20:00,Friday,Adelaide,St Kilda,111,54,Adelaide,57,46082,Adelaide Oval,False
2017_Round_12_Hawthorn_vs_Gold_Coast,2017,Round 12,2017-06-10 13:45:00,Saturday,Hawthorn,Gold Coast,79,95,Gold Coast,16,27392,M.C.G.,False
2017_Round_12_Brisbane_Lions_vs_Fremantle,2017,Round 12,2017-06-10 16:35:00,Saturday,Brisbane Lions,Fremantle,121,64,Brisbane Lions,57,11742,Gabba,False
2017_Round_12_Essendon_vs_Port_Adelaide,2017,Round 12,2017-06-10 19:25:00,Saturday,Essendon,Port Adelaide,131,61,Essendon,70,34022,Docklands,False
2017_Round_12_Carlton_vs_Greater_Western_Sydney,2017,Round 12,2017-06-11 15:20:00,Sunday,Carlton,Greater Western Sydney,71,70,Carlton,1,23194,Docklands,False
2017_Round_12_Melbourne_vs_Collingwood,2017,Round 12,2017-06-12 15:20:00,Monday,Melbourne,Collingwood,104,100,Melbourne,4,70926,M.C.G.,False
2017_Round_13_West_Coast_vs_Geelong,2017,Round 13,2017-06-15 18:10:00,Thursday,West Coast,Geelong,83,70,West Coast,13,35719,Subiaco,False
2017_Round_13_North_Melbourne_vs_St_Kilda,2017,Round 13,2017-06-16 19:50:00,Friday,North Melbourne,St Kilda,72,89,St Kilda,17,26107,Docklands,False
2017_Round_13_Richmond_vs_Sydney,2017,Round 13,2017-06-17 13:45:00,Saturday,Richmond,Sydney,71,80,Sydney,9,58721,M.C.G.,False
2017_Round_13_Port_Adelaide_vs_Brisbane_Lions,2017,Round 13,2017-06-17 16:05:00,Saturday,Port Adelaide,Brisbane Lions,121,81,Port Adelaide,40,31772,Adelaide Oval,False
2017_Round_13_Gold_Coast_vs_Carlton,2017,Round 13,2017-06-17 19:25:00,Saturday,Gold Coast,Carlton,73,83,Carlton,10,11936,Carrara,False
2017_Round_13_Western_Bulldogs_vs_Melbourne,2017,Round 13,2017-06-18 15:20:00,Sunday,Western Bulldogs,Melbourne,56,113,Melbourne,57,33667,Docklands,False
2017_Round_14_Adelaide_vs_Hawthorn,2017,Round 14,2017-06-22 19:20:00,Thursday,Adelaide,Hawthorn,82,96,Hawthorn,14,45312,Adelaide Oval,False
2017_Round_14_Sydney_vs_Essendon,2017,Round 14,2017-06-23 19:50:00,Friday,Sydney,Essendon,86,85,Sydney,1,34575,S.C.G.,False
2017_Round_14_Collingwood_vs_Port_Adelaide,2017,Round 14,2017-06-24 13:45:00,Saturday,Collingwood,Port Adelaide,62,93,Port Adelaide,31,35933,M.C.G.,False
2017_Round_14_Brisbane_Lions_vs_Greater_Western_Sydney,2017,Round 14,2017-06-24 16:35:00,Saturday,Brisbane Lions,Greater Western Sydney,86,146,Greater Western Sydney,60,11455,Gabba,False
2017_Round_14_West_Coast_vs_Melbourne,2017,Round 14,2017-06-24 17:40:00,Saturday,West Coast,Melbourne,96,99,Melbourne,3,36622,Subiaco,False
2017_Round_14_Western_Bulldogs_vs_North_Melbourne,2017,Round 14,2017-06-24 19:25:00,Saturday,Western Bulldogs,North Melbourne,107,106,Western Bulldogs,1,28263,Docklands,False
2017_Round_14_Geelong_vs_Fremantle,2017,Round 14,2017-06-25 13:10:00,Sunday,Geelong,Fremantle,74,72,Geelong,2,29928,Kardinia Park,False
2017_Round_14_Richmond_vs_Carlton,2017,Round 14,2017-06-25 15:20:00,Sunday,Richmond,Carlton,84,58,Richmond,26,64448,M.C.G.,False
2017_Round_14_St_Kilda_vs_Gold_Coast,2017,Round 14,2017-06-25 16:40:00,Sunday,St Kilda,Gold Coast,103,72,St Kilda,31,16844,Docklands,False
2017_Round_15_Melbourne_vs_Sydney,2017,Round 15,2017-06-30 19:50:00,Friday,Melbourne,Sydney,50,85,Sydney,35,47464,M.C.G.,False
2017_Round_15_Western_Bulldogs_vs_West_Coast,2017,Round 15,2017-07-01 13:45:00,Saturday,Western Bulldogs,West Coast,80,87,West Coast,7,29671,Docklands,False
2017_Round_15_Carlton_vs_Adelaide,2017,Round 15,2017-07-01 14:10:00,Saturday,Carlton,Adelaide,77,89,Adelaide,12,33433,M.C.G.,False
2017_Round_15_Gold_Coast_vs_North_Melbourne,2017,Round 15,2017-07-01 16:35:00,Saturday,Gold Coast,North Melbourne,118,99,Gold Coast,19,12779,Carrara,False
2017_Round_15_Port_Adelaide_vs_Richmond,2017,Round 15,2017-07-01 19:10:00,Saturday,Port Adelaide,Richmond,63,76,Richmond,13,39979,Adelaide Oval,False
2017_Round_15_Greater_Western_Sydney_vs_Geelong,2017,Round 15,2017-07-01 19:25:00,Saturday,Greater Western Sydney,Geelong,68,68,Draw,0,15007,Sydney Showground,False
2017_Round_15_Essendon_vs_Brisbane_Lions,2017,Round 15,2017-07-02 13:10:00,Sunday,Essendon,Brisbane Lions,82,90,Brisbane Lions,8,41246,Docklands,False
2017_Round_15_Fremantle_vs_St_Kilda,2017,Round 15,2017-07-02 14:40:00,Sunday,Fremantle,St Kilda,80,89,St Kilda,9,30541,Subiaco,False
2017_Round_15_Hawthorn_vs_Collingwood,2017,Round 15,2017-07-02 15:20:00,Sunday,Hawthorn,Collingwood,118,94,Hawthorn,24,56593,M.C.G.,False
2017_Round_16_Adelaide_vs_Western_Bulldogs,2017,Round 16,2017-07-07 19:20:00,Friday,Adelaide,Western Bulldogs,104,45,Adelaide,59,41948,Adelaide Oval,False
2017_Round_16_Hawthorn_vs_Greater_Western_Sydney,2017,Round 16,2017-07-08 13:45:00,Saturday,Hawthorn,Greater Western Sydney,97,97,Draw,0,12156,York Park,False
2017_Round_16_Collingwood_vs_Essendon,2017,Round 16,2017-07-08 14:10:00,Saturday,Collingwood,Essendon,80,117,Essendon,37,63537,M.C.G.,False
2017_Round_16_Sydney_vs_Gold_Coast,2017,Round 16,2017-07-08 16:35:00,Saturday,Sydney,Gold Coast,118,51,Sydney,67,32987,S.C.G.,False
2017_Round_16_Brisbane_Lions_vs_Geelong,2017,Round 16,2017-07-08 19:25:00,Saturday,Brisbane Lions,Geelong,78,163,Geelong,85,18769,Gabba,False
2017_Round_16_St_Kilda_vs_Richmond,2017,Round 16,2017-07-08 19:25:00,Saturday,St Kilda,Richmond,138,71,St Kilda,67,47514,Docklands,False
2017_Round_16_North_Melbourne_vs_Fremantle,2017,Round 16,2017-07-09 13:10:00,Sunday,North Melbourne,Fremantle,82,86,Fremantle,4,19267,Docklands,False
2017_Round_16_West_Coast_vs_Port_Adelaide,2017,Round 16,2017-07-09 14:40:00,Sunday,West Coast,Port Adelaide,88,120,Port Adelaide,32,36766,Subiaco,False
2017_Round_16_Carlton_vs_Melbourne,2017,Round 16,2017-07-09 15:20:00,Sunday,Carlton,Melbourne,82,90,Melbourne,8,47266,M.C.G.,False
2017_Round_17_St_Kilda_vs_Essendon,2017,Round 17,2017-07-14 19:50:00,Friday,St Kilda,Essendon,57,118,Essendon,61,47156,Docklands,False
2017_Round_17_Port_Adelaide_vs_North_Melbourne,2017,Round 17,2017-07-15 13:40:00,Saturday,Port Adelaide,North Melbourne,127,57,Port Adelaide,70,34138,Adelaide Oval,False
2017_Round_17_Geelong_vs_Hawthorn,2017,Round 17,2017-07-15 13:45:00,Saturday,Geelong,Hawthorn,88,85,Geelong,3,70345,M.C.G.,False
2017_Round_17_Gold_Coast_vs_Collingwood,2017,Round 17,2017-07-15 16:35:00,Saturday,Gold Coast,Collingwood,88,103,Collingwood,15,17275,Carrara,False
2017_Round_17_Melbourne_vs_Adelaide,2017,Round 17,2017-07-15 19:10:00,Saturday,Melbourne,Adelaide,70,116,Adelaide,46,12104,Marrara Oval,False
2017_Round_17_Greater_Western_Sydney_vs_Sydney,2017,Round 17,2017-07-15 19:25:00,Saturday,Greater Western Sydney,Sydney,83,96,Sydney,13,21924,Sydney Showground,False
2017_Round_17_Richmond_vs_Brisbane_Lions,2017,Round 17,2017-07-16 13:10:00,Sunday,Richmond,Brisbane Lions,112,81,Richmond,31,28188,Docklands,False
2017_Round_17_Fremantle_vs_West_Coast,2017,Round 17,2017-07-16 14:40:00,Sunday,Fremantle,West Coast,44,74,West Coast,30,38722,Subiaco,False
2017_Round_17_Carlton_vs_Western_Bulldogs,2017,Round 17,2017-07-16 15:20:00,Sunday,Carlton,Western Bulldogs,62,82,Western Bulldogs,20,35157,M.C.G.,False
2017_Round_18_Adelaide_vs_Geelong,2017,Round 18,2017-07-21 19:20:00,Friday,Adelaide,Geelong,91,70,Adelaide,21,50464,Adelaide Oval,False
2017_Round_18_Essendon_vs_North_Melbourne,2017,Round 18,2017-07-22 13:45:00,Saturday,Essendon,North Melbourne,132,105,Essendon,27,40359,Docklands,False
2017_Round_18_Melbourne_vs_Port_Adelaide,2017,Round 18,2017-07-22 14:10:00,Saturday,Melbourne,Port Adelaide,88,65,Melbourne,23,27068,M.C.G.,False
2017_Round_18_Western_Bulldogs_vs_Gold_Coast,2017,Round 18,2017-07-22 16:35:00,Saturday,Western Bulldogs,Gold Coast,110,56,Western Bulldogs,54,9364,Cazaly's Stadium,False
2017_Round_18_Fremantle_vs_Hawthorn,2017,Round 18,2017-07-22 17:40:00,Saturday,Fremantle,Hawthorn,48,100,Hawthorn,52,30818,Subiaco,False
2017_Round_18_Sydney_vs_St_Kilda,2017,Round 18,2017-07-22 19:25:00,Saturday,Sydney,St Kilda,101,59,Sydney,42,35773,S.C.G.,False
2017_Round_18_Richmond_vs_Greater_Western_Sydney,2017,Round 18,2017-07-23 13:10:00,Sunday,Richmond,Greater Western Sydney,64,45,Richmond,19,33467,M.C.G.,False
2017_Round_18_Collingwood_vs_West_Coast,2017,Round 18,2017-07-23 15:20:00,Sunday,Collingwood,West Coast,93,85,Collingwood,8,22927,Docklands,False
2017_Round_18_Brisbane_Lions_vs_Carlton,2017,Round 18,2017-07-23 16:40:00,Sunday,Brisbane Lions,Carlton,112,82,Brisbane Lions,30,18847,Gabba,False
2017_Round_19_Hawthorn_vs_Sydney,2017,Round 19,2017-07-28 19:50:00,Friday,Hawthorn,Sydney,72,66,Hawthorn,6,52181,M.C.G.,False
2017_Round_19_North_Melbourne_vs_Melbourne,2017,Round 19,2017-07-29 13:45:00,Saturday,North Melbourne,Melbourne,76,72,North Melbourne,4,13939,Bellerive Oval,False
2017_Round_19_Greater_Western_Sydney_vs_Fremantle,2017,Round 19,2017-07-29 14:10:00,Saturday,Greater Western Sydney,Fremantle,98,86,Greater Western Sydney,12,11233,Sydney Showground,False
2017_Round_19_Port_Adelaide_vs_St_Kilda,2017,Round 19,2017-07-29 16:05:00,Saturday,Port Adelaide,St Kilda,63,61,Port Adelaide,2,30335,Adelaide Oval,False
2017_Round_19_Carlton_vs_Geelong,2017,Round 19,2017-07-29 19:25:00,Saturday,Carlton,Geelong,58,123,Geelong,65,35460,Docklands,False
2017_Round_19_Gold_Coast_vs_Richmond,2017,Round 19,2017-07-29 19:25:00,Saturday,Gold Coast,Richmond,65,98,Richmond,33,16207,Carrara,False
2017_Round_19_Western_Bulldogs_vs_Essendon,2017,Round 19,2017-07-30 13:10:00,Sunday,Western Bulldogs,Essendon,127,97,Western Bulldogs,30,48754,Docklands,False
2017_Round_19_West_Coast_vs_Brisbane_Lions,2017,Round 19,2017-07-30 14:40:00,Sunday,West Coast,Brisbane Lions,113,45,West Coast,68,32652,Subiaco,False
2017_Round_19_Collingwood_vs_Adelaide,2017,Round 19,2017-07-30 15:20:00,Sunday,Collingwood,Adelaide,103,103,Draw,0,33269,M.C.G.,False
2017_Round_20_Geelong_vs_Sydney,2017,Round 20,2017-08-04 19:50:00,Friday,Geelong,Sydney,61,107,Sydney,46,30833,Kardinia Park,False
2017_Round_20_Greater_Western_Sydney_vs_Melbourne,2017,Round 20,2017-08-05 13:45:00,Saturday,Greater Western Sydney,Melbourne,97,62,Greater Western Sydney,35,14274,Manuka Oval,False
2017_Round_20_Essendon_vs_Carlton,2017,Round 20,2017-08-05 14:10:00,Saturday,Essendon,Carlton,84,76,Essendon,8,58562,M.C.G.,False
2017_Round_20_Brisbane_Lions_vs_Western_Bulldogs,2017,Round 20,2017-08-05 16:35:00,Saturday,Brisbane Lions,Western Bulldogs,89,103,Western Bulldogs,14,16148,Gabba,False
2017_Round_20_Fremantle_vs_Gold_Coast,2017,Round 20,2017-08-05 17:40:00,Saturday,Fremantle,Gold Coast,90,67,Fremantle,23,27050,Subiaco,False
2017_Round_20_North_Melbourne_vs_Collingwood,2017,Round 20,2017-08-05 19:25:00,Saturday,North Melbourne,Collingwood,57,111,Collingwood,54,33394,Docklands,False
2017_Round_20_St_Kilda_vs_West_Coast,2017,Round 20,2017-08-06 13:10:00,Sunday,St Kilda,West Coast,103,95,St Kilda,8,22688,Docklands,False
2017_Round_20_Richmond_vs_Hawthorn,2017,Round 20,2017-08-06 15:20:00,Sunday,Richmond,Hawthorn,93,64,Richmond,29,58342,M.C.G.,False
2017_Round_20_Adelaide_vs_Port_Adelaide,2017,Round 20,2017-08-06 16:10:00,Sunday,Adelaide,Port Adelaide,130,46,Adelaide,84,45028,Adelaide Oval,False
2017_Round_21_Western_Bulldogs_vs_Greater_Western_Sydney,2017,Round 21,2017-08-11 19:50:00,Friday,Western Bulldogs,Greater Western Sydney,57,105,Greater Western Sydney,48,30672,Docklands,False
2017_Round_21_Sydney_vs_Fremantle,2017,Round 21,2017-08-12 13:45:00,Saturday,Sydney,Fremantle,143,39,Sydney,104,39281,S.C.G.,False
2017_Round_21_Geelong_vs_Richmond,2017,Round 21,2017-08-12 14:10:00,Saturday,Geelong,Richmond,80,66,Geelong,14,32266,Kardinia Park,False
2017_Round_21_Brisbane_Lions_vs_Gold_Coast,2017,Round 21,2017-08-12 16:35:00,Saturday,Brisbane Lions,Gold Coast,142,84,Brisbane Lions,58,17772,Gabba,False
2017_Round_21_West_Coast_vs_Carlton,2017,Round 21,2017-08-12 17:40:00,Saturday,West Coast,Carlton,100,83,West Coast,17,30491,Subiaco,False
2017_Round_21_Essendon_vs_Adelaide,2017,Round 21,2017-08-12 19:25:00,Saturday,Essendon,Adelaide,80,123,Adelaide,43,38487,Docklands,False
2017_Round_21_Melbourne_vs_St_Kilda,2017,Round 21,2017-08-13 13:10:00,Sunday,Melbourne,St Kilda,96,72,Melbourne,24,53115,M.C.G.,False
2017_Round_21_Hawthorn_vs_North_Melbourne,2017,Round 21,2017-08-13 15:20:00,Sunday,Hawthorn,North Melbourne,116,89,Hawthorn,27,14509,York Park,False
2017_Round_21_Port_Adelaide_vs_Collingwood,2017,Round 21,2017-08-13 16:10:00,Sunday,Port Adelaide,Collingwood,98,71,Port Adelaide,27,37533,Adelaide Oval,False
2017_Round_22_Adelaide_vs_Sydney,2017,Round 22,2017-08-18 19:20:00,Friday,Adelaide,Sydney,80,83,Sydney,3,51466,Adelaide Oval,False
2017_Round_22_Western_Bulldogs_vs_Port_Adelaide,2017,Round 22,2017-08-19 13:45:00,Saturday,Western Bulldogs,Port Adelaide,79,96,Port Adelaide,17,10087,Eureka Stadium,False
2017_Round_22_Collingwood_vs_Geelong,2017,Round 22,2017-08-19 14:10:00,Saturday,Collingwood,Geelong,59,70,Geelong,11,47889,M.C.G.,False
2017_Round_22_Greater_Western_Sydney_vs_West_Coast,2017,Round 22,2017-08-19 16:35:00,Saturday,Greater Western Sydney,West Coast,81,60,Greater Western Sydney,21,15751,Sydney Showground,False
2017_Round_22_Carlton_vs_Hawthorn,2017,Round 22,2017-08-19 19:25:00,Saturday,Carlton,Hawthorn,77,70,Carlton,7,35799,Docklands,False
2017_Round_22_Gold_Coast_vs_Essendon,2017,Round 22,2017-08-19 19:25:00,Saturday,Gold Coast,Essendon,57,90,Essendon,33,16817,Carrara,False
2017_Round_22_Melbourne_vs_Brisbane_Lions,2017,Round 22,2017-08-20 13:10:00,Sunday,Melbourne,Brisbane Lions,104,91,Melbourne,13,30422,M.C.G.,False
2017_Round_22_Fremantle_vs_Richmond,2017,Round 22,2017-08-20 14:40:00,Sunday,Fremantle,Richmond,51,155,Richmond,104,34204,Subiaco,False
2017_Round_22_St_Kilda_vs_North_Melbourne,2017,Round 22,2017-08-20 15:20:00,Sunday,St Kilda,North Melbourne,127,78,St Kilda,49,29126,Docklands,False
2017_Round_23_Hawthorn_vs_Western_Bulldogs,2017,Round 23,2017-08-25 19:50:00,Friday,Hawthorn,Western Bulldogs,99,90,Hawthorn,9,48090,Docklands,False
2017_Round_23_Collingwood_vs_Melbourne,2017,Round 23,2017-08-26 13:45:00,Saturday,Collingwood,Melbourne,99,83,Collingwood,16,51223,M.C.G.,False
2017_Round_23_Brisbane_Lions_vs_North_Melbourne,2017,Round 23,2017-08-26 14:10:00,Saturday,Brisbane Lions,North Melbourne,79,130,North Melbourne,51,15416,Gabba,False
2017_Round_23_Sydney_vs_Carlton,2017,Round 23,2017-08-26 16:35:00,Saturday,Sydney,Carlton,138,57,Sydney,81,38965,S.C.G.,False
2017_Round_23_Port_Adelaide_vs_Gold_Coast,2017,Round 23,2017-08-26 19:10:00,Saturday,Port Adelaide,Gold Coast,135,20,Port Adelaide,115,34288,Adelaide Oval,False
2017_Round_23_Geelong_vs_Greater_Western_Sydney,2017,Round 23,2017-08-26 19:25:00,Saturday,Geelong,Greater Western Sydney,103,59,Geelong,44,30087,Kardinia Park,False
2017_Round_23_Essendon_vs_Fremantle,2017,Round 23,2017-08-27 13:10:00,Sunday,Essendon,Fremantle,107,92,Essendon,15,42665,Docklands,False
2017_Round_23_West_Coast_vs_Adelaide,2017,Round 23,2017-08-27 14:40:00,Sunday,West Coast,Adelaide,100,71,West Coast,29,39367,Subiaco,False
2017_Round_23_Richmond_vs_St_Kilda,2017,Round 23,2017-08-27 15:20:00,Sunday,Richmond,St Kilda,122,81,Richmond,41,69104,M.C.G.,False
2017_Qualifying_Final_Adelaide_vs_Greater_Western_Sydney,2017,Qualifying Final,2017-09-07 19:20:00,Thursday,Adelaide,Greater Western Sydney,84,48,Adelaide,36,52805,Adelaide Oval,True
2017_Qualifying_Final_Geelong_vs_Richmond,2017,Qualifying Final,2017-09-08 19:50:00,Friday,Geelong,Richmond,40,91,Richmond,51,95028,M.C.G.,True
2017_Elimination_Final_Sydney_vs_Essendon,2017,Elimination Final,2017-09-09 16:20:00,Saturday,Sydney,Essendon,121,56,Sydney,65,46323,S.C.G.,True
2017_Semi_Final_Geelong_vs_Sydney,2017,Semi Final,2017-09-15 19:50:00,Friday,Geelong,Sydney,98,39,Geelong,59,55529,M.C.G.,True
2017_Semi_Final_Greater_Western_Sydney_vs_West_Coast,2017,Semi Final,2017-09-16 19:25:00,Saturday,Greater Western Sydney,West Coast,125,58,Greater Western Sydney,67,14865,Sydney Showground,True
2017_Preliminary_Final_Adelaide_vs_Geelong,2017,Preliminary Final,2017-09-22 19:20:00,Friday,Adelaide,Geelong,136,75,Adelaide,61,53817,Adelaide Oval,True
2017_Preliminary_Final_Richmond_vs_Greater_Western_Sydney,2017,Preliminary Final,2017-09-23 16:45:00,Saturday,Richmond,Greater Western Sydney,103,67,Richmond,36,94258,M.C.G.,True
2017_Grand_Final_Adelaide_vs_Richmond,2017,Grand Final,2017-09-30 14:30:00,Saturday,Adelaide,Richmond,60,108,Richmond,48,100021,M.C.G.,True
2018_Round_1_Richmond_vs_Carlton,2018,Round 1,2018-03-22 19:25:00,Thursday,Richmond,Carlton,121,95,Richmond,26,90151,M.C.G.,False
2018_Round_1_Essendon_vs_Adelaide,2018,Round 1,2018-03-23 19:50:00,Friday,Essendon,Adelaide,99,87,Essendon,12,43016,Docklands,False
2018_Round_1_St_Kilda_vs_Brisbane_Lions,2018,Round 1,2018-03-24 15:35:00,Saturday,St Kilda,Brisbane Lions,107,82,St Kilda,25,23731,Docklands,False
2018_Round_1_Port_Adelaide_vs_Fremantle,2018,Round 1,2018-03-24 16:05:00,Saturday,Port Adelaide,Fremantle,110,60,Port Adelaide,50,38324,Adelaide Oval,False
2018_Round_1_Gold_Coast_vs_North_Melbourne,2018,Round 1,2018-03-24 18:25:00,Saturday,Gold Coast,North Melbourne,55,39,Gold Coast,16,3722,Cazaly's Stadium,False
2018_Round_1_Hawthorn_vs_Collingwood,2018,Round 1,2018-03-24 19:25:00,Saturday,Hawthorn,Collingwood,101,67,Hawthorn,34,58051,M.C.G.,False
2018_Round_1_Greater_Western_Sydney_vs_Western_Bulldogs,2018,Round 1,2018-03-25 13:10:00,Sunday,Greater Western Sydney,Western Bulldogs,133,51,Greater Western Sydney,82,10454,Manuka Oval,False
2018_Round_1_Melbourne_vs_Geelong,2018,Round 1,2018-03-25 15:20:00,Sunday,Melbourne,Geelong,94,97,Geelong,3,54112,M.C.G.,False
2018_Round_1_West_Coast_vs_Sydney,2018,Round 1,2018-03-25 16:20:00,Sunday,West Coast,Sydney,86,115,Sydney,29,53553,Perth Stadium,False
2018_Round_2_Adelaide_vs_Richmond,2018,Round 2,2018-03-29 19:20:00,Thursday,Adelaide,Richmond,118,82,Adelaide,36,49743,Adelaide Oval,False
2018_Round_2_North_Melbourne_vs_St_Kilda,2018,Round 2,2018-03-30 16:20:00,Friday,North Melbourne,St Kilda,95,43,North Melbourne,52,33966,Docklands,False
2018_Round_2_Carlton_vs_Gold_Coast,2018,Round 2,2018-03-31 13:45:00,Saturday,Carlton,Gold Coast,67,101,Gold Coast,34,28025,Docklands,False
2018_Round_2_Collingwood_vs_Greater_Western_Sydney,2018,Round 2,2018-03-31 16:35:00,Saturday,Collingwood,Greater Western Sydney,79,95,Greater Western Sydney,16,30941,M.C.G.,False
2018_Round_2_Fremantle_vs_Essendon,2018,Round 2,2018-03-31 17:10:00,Saturday,Fremantle,Essendon,106,90,Fremantle,16,49021,Perth Stadium,False
2018_Round_2_Brisbane_Lions_vs_Melbourne,2018,Round 2,2018-03-31 18:25:00,Saturday,Brisbane Lions,Melbourne,74,100,Melbourne,26,17141,Gabba,False
2018_Round_2_Western_Bulldogs_vs_West_Coast,2018,Round 2,2018-04-01 15:20:00,Sunday,Western Bulldogs,West Coast,70,121,West Coast,51,22868,Docklands,False
2018_Round_2_Sydney_vs_Port_Adelaide,2018,Round 2,2018-04-01 16:40:00,Sunday,Sydney,Port Adelaide,71,94,Port Adelaide,23,34636,S.C.G.,False
2018_Round_2_Geelong_vs_Hawthorn,2018,Round 2,2018-04-02 15:20:00,Monday,Geelong,Hawthorn,117,118,Hawthorn,1,73189,M.C.G.,False
2018_Round_3_Carlton_vs_Collingwood,2018,Round 3,2018-04-06 19:50:00,Friday,Carlton,Collingwood,76,100,Collingwood,24,68548,M.C.G.,False
2018_Round_3_Port_Adelaide_vs_Brisbane_Lions,2018,Round 3,2018-04-07 13:15:00,Saturday,Port Adelaide,Brisbane Lions,97,92,Port Adelaide,5,36363,Adelaide Oval,False
2018_Round_3_Melbourne_vs_North_Melbourne,2018,Round 3,2018-04-07 14:10:00,Saturday,Melbourne,North Melbourne,123,86,Melbourne,37,35518,M.C.G.,False
2018_Round_3_Gold_Coast_vs_Fremantle,2018,Round 3,2018-04-07 14:35:00,Saturday,Gold Coast,Fremantle,68,96,Fremantle,28,33388,Perth Stadium,False
2018_Round_3_St_Kilda_vs_Adelaide,2018,Round 3,2018-04-07 19:25:00,Saturday,St Kilda,Adelaide,55,104,Adelaide,49,19324,Docklands,False
2018_Round_3_Sydney_vs_Greater_Western_Sydney,2018,Round 3,2018-04-07 19:25:00,Saturday,Sydney,Greater Western Sydney,103,87,Sydney,16,34711,S.C.G.,False
2018_Round_3_Richmond_vs_Hawthorn,2018,Round 3,2018-04-08 13:10:00,Sunday,Richmond,Hawthorn,102,89,Richmond,13,70701,M.C.G.,False
2018_Round_3_West_Coast_vs_Geelong,2018,Round 3,2018-04-08 14:40:00,Sunday,West Coast,Geelong,95,80,West Coast,15,54535,Perth Stadium,False
2018_Round_3_Western_Bulldogs_vs_Essendon,2018,Round 3,2018-04-08 15:20:00,Sunday,Western Bulldogs,Essendon,104,83,Western Bulldogs,21,40499,Docklands,False
2018_Round_4_Adelaide_vs_Collingwood,2018,Round 4,2018-04-13 19:20:00,Friday,Adelaide,Collingwood,58,106,Collingwood,48,45495,Adelaide Oval,False
2018_Round_4_Greater_Western_Sydney_vs_Fremantle,2018,Round 4,2018-04-14 13:45:00,Saturday,Greater Western Sydney,Fremantle,82,51,Greater Western Sydney,31,11356,Manuka Oval,False
2018_Round_4_Richmond_vs_Brisbane_Lions,2018,Round 4,2018-04-14 14:10:00,Saturday,Richmond,Brisbane Lions,110,17,Richmond,93,32870,M.C.G.,False
2018_Round_4_Western_Bulldogs_vs_Sydney,2018,Round 4,2018-04-14 16:35:00,Saturday,Western Bulldogs,Sydney,79,86,Sydney,7,28058,Docklands,False
2018_Round_4_West_Coast_vs_Gold_Coast,2018,Round 4,2018-04-14 18:10:00,Saturday,West Coast,Gold Coast,139,59,West Coast,80,51774,Perth Stadium,False
2018_Round_4_North_Melbourne_vs_Carlton,2018,Round 4,2018-04-14 19:25:00,Saturday,North Melbourne,Carlton,116,30,North Melbourne,86,14266,Bellerive Oval,False
2018_Round_4_Essendon_vs_Port_Adelaide,2018,Round 4,2018-04-15 13:10:00,Sunday,Essendon,Port Adelaide,106,84,Essendon,22,30900,Docklands,False
2018_Round_4_Hawthorn_vs_Melbourne,2018,Round 4,2018-04-15 15:20:00,Sunday,Hawthorn,Melbourne,115,48,Hawthorn,67,41973,M.C.G.,False
2018_Round_4_Geelong_vs_St_Kilda,2018,Round 4,2018-04-15 16:40:00,Sunday,Geelong,St Kilda,103,56,Geelong,47,27338,Kardinia Park,False
2018_Round_5_Sydney_vs_Adelaide,2018,Round 5,2018-04-20 19:50:00,Friday,Sydney,Adelaide,75,85,Adelaide,10,38017,S.C.G.,False
2018_Round_5_St_Kilda_vs_Greater_Western_Sydney,2018,Round 5,2018-04-21 13:45:00,Saturday,St Kilda,Greater Western Sydney,73,73,Draw,0,14956,Docklands,False
2018_Round_5_Carlton_vs_West_Coast,2018,Round 5,2018-04-21 16:35:00,Saturday,Carlton,West Coast,69,79,West Coast,10,27900,M.C.G.,False
2018_Round_5_Fremantle_vs_Western_Bulldogs,2018,Round 5,2018-04-21 18:15:00,Saturday,Fremantle,Western Bulldogs,108,54,Fremantle,54,43056,Perth Stadium,False
2018_Round_5_Port_Adelaide_vs_Geelong,2018,Round 5,2018-04-21 19:10:00,Saturday,Port Adelaide,Geelong,50,84,Geelong,34,45372,Adelaide Oval,False
2018_Round_5_North_Melbourne_vs_Hawthorn,2018,Round 5,2018-04-22 15:20:00,Sunday,North Melbourne,Hawthorn,98,70,North Melbourne,28,27981,Docklands,False
2018_Round_5_Brisbane_Lions_vs_Gold_Coast,2018,Round 5,2018-04-22 16:45:00,Sunday,Brisbane Lions,Gold Coast,71,76,Gold Coast,5,16087,Gabba,False
2018_Round_5_Melbourne_vs_Richmond,2018,Round 5,2018-04-24 19:25:00,Tuesday,Melbourne,Richmond,56,102,Richmond,46,77071,M.C.G.,False
2018_Round_5_Collingwood_vs_Essendon,2018,Round 5,2018-04-25 15:20:00,Wednesday,Collingwood,Essendon,101,52,Collingwood,49,91440,M.C.G.,False
2018_Round_6_Western_Bulldogs_vs_Carlton,2018,Round 6,2018-04-27 19:50:00,Friday,Western Bulldogs,Carlton,80,59,Western Bulldogs,21,33915,Docklands,False
2018_Round_6_Geelong_vs_Sydney,2018,Round 6,2018-04-28 13:45:00,Saturday,Geelong,Sydney,69,86,Sydney,17,31036,Kardinia Park,False
2018_Round_6_North_Melbourne_vs_Port_Adelaide,2018,Round 6,2018-04-28 14:10:00,Saturday,North Melbourne,Port Adelaide,69,102,Port Adelaide,33,17617,Docklands,False
2018_Round_6_Greater_Western_Sydney_vs_Brisbane_Lions,2018,Round 6,2018-04-28 16:35:00,Saturday,Greater Western Sydney,Brisbane Lions,77,43,Greater Western Sydney,34,10046,Sydney Showground,False
2018_Round_6_Adelaide_vs_Gold_Coast,2018,Round 6,2018-04-28 19:10:00,Saturday,Adelaide,Gold Coast,110,62,Adelaide,48,44835,Adelaide Oval,False
2018_Round_6_Hawthorn_vs_St_Kilda,2018,Round 6,2018-04-28 19:25:00,Saturday,Hawthorn,St Kilda,89,54,Hawthorn,35,15741,York Park,False
2018_Round_6_Essendon_vs_Melbourne,2018,Round 6,2018-04-29 13:10:00,Sunday,Essendon,Melbourne,72,108,Melbourne,36,35964,Docklands,False
2018_Round_6_Fremantle_vs_West_Coast,2018,Round 6,2018-04-29 14:40:00,Sunday,Fremantle,West Coast,81,89,West Coast,8,56521,Perth Stadium,False
2018_Round_6_Collingwood_vs_Richmond,2018,Round 6,2018-04-29 15:20:00,Sunday,Collingwood,Richmond,70,113,Richmond,43,72157,M.C.G.,False
2018_Round_7_Geelong_vs_Greater_Western_Sydney,2018,Round 7,2018-05-04 19:50:00,Friday,Geelong,Greater Western Sydney,93,32,Geelong,61,25079,Kardinia Park,False
2018_Round_7_Western_Bulldogs_vs_Gold_Coast,2018,Round 7,2018-05-05 13:45:00,Saturday,Western Bulldogs,Gold Coast,81,72,Western Bulldogs,9,6833,Eureka Stadium,False
2018_Round_7_Essendon_vs_Hawthorn,2018,Round 7,2018-05-05 14:10:00,Saturday,Essendon,Hawthorn,67,90,Hawthorn,23,53018,M.C.G.,False
2018_Round_7_West_Coast_vs_Port_Adelaide,2018,Round 7,2018-05-05 14:35:00,Saturday,West Coast,Port Adelaide,102,60,West Coast,42,50516,Perth Stadium,False
2018_Round_7_Adelaide_vs_Carlton,2018,Round 7,2018-05-05 19:10:00,Saturday,Adelaide,Carlton,125,70,Adelaide,55,47422,Adelaide Oval,False
2018_Round_7_Sydney_vs_North_Melbourne,2018,Round 7,2018-05-05 19:25:00,Saturday,Sydney,North Melbourne,66,68,North Melbourne,2,29124,S.C.G.,False
2018_Round_7_Richmond_vs_Fremantle,2018,Round 7,2018-05-06 13:10:00,Sunday,Richmond,Fremantle,110,33,Richmond,77,43240,M.C.G.,False
2018_Round_7_St_Kilda_vs_Melbourne,2018,Round 7,2018-05-06 15:20:00,Sunday,St Kilda,Melbourne,67,106,Melbourne,39,25496,Docklands,False
2018_Round_7_Brisbane_Lions_vs_Collingwood,2018,Round 7,2018-05-06 16:40:00,Sunday,Brisbane Lions,Collingwood,114,121,Collingwood,7,21850,Gabba,False
2018_Round_8_Hawthorn_vs_Sydney,2018,Round 8,2018-05-11 19:50:00,Friday,Hawthorn,Sydney,71,79,Sydney,8,32784,M.C.G.,False
2018_Round_8_Greater_Western_Sydney_vs_West_Coast,2018,Round 8,2018-05-12 13:45:00,Saturday,Greater Western Sydney,West Coast,61,86,West Coast,25,9253,Sydney Showground,False
2018_Round_8_Carlton_vs_Essendon,2018,Round 8,2018-05-12 14:10:00,Saturday,Carlton,Essendon,91,78,Carlton,13,44669,M.C.G.,False
2018_Round_8_Gold_Coast_vs_Melbourne,2018,Round 8,2018-05-12 16:35:00,Saturday,Gold Coast,Melbourne,77,146,Melbourne,69,6060,Gabba,False
2018_Round_8_Port_Adelaide_vs_Adelaide,2018,Round 8,2018-05-12 16:40:00,Saturday,Port Adelaide,Adelaide,95,90,Port Adelaide,5,50967,Adelaide Oval,False
2018_Round_8_Fremantle_vs_St_Kilda,2018,Round 8,2018-05-12 18:10:00,Saturday,Fremantle,St Kilda,89,59,Fremantle,30,41752,Perth Stadium,False
2018_Round_8_Western_Bulldogs_vs_Brisbane_Lions,2018,Round 8,2018-05-12 19:25:00,Saturday,Western Bulldogs,Brisbane Lions,107,93,Western Bulldogs,14,20865,Docklands,False
2018_Round_8_North_Melbourne_vs_Richmond,2018,Round 8,2018-05-13 13:10:00,Sunday,North Melbourne,Richmond,72,82,Richmond,10,29153,Docklands,False
2018_Round_8_Collingwood_vs_Geelong,2018,Round 8,2018-05-13 15:20:00,Sunday,Collingwood,Geelong,45,66,Geelong,21,44602,M.C.G.,False
2018_Round_9_Adelaide_vs_Western_Bulldogs,2018,Round 9,2018-05-18 19:20:00,Friday,Adelaide,Western Bulldogs,63,26,Adelaide,37,39407,Adelaide Oval,False
2018_Round_9_Gold_Coast_vs_Port_Adelaide,2018,Round 9,2018-05-19 13:15:00,Saturday,Gold Coast,Port Adelaide,42,82,Port Adelaide,40,10689,Jiangwan Stadium,False
2018_Round_9_North_Melbourne_vs_Greater_Western_Sydney,2018,Round 9,2018-05-19 13:45:00,Saturday,North Melbourne,Greater Western Sydney,112,69,North Melbourne,43,7194,Bellerive Oval,False
2018_Round_9_Essendon_vs_Geelong,2018,Round 9,2018-05-19 16:35:00,Saturday,Essendon,Geelong,84,50,Essendon,34,50228,M.C.G.,False
2018_Round_9_St_Kilda_vs_Collingwood,2018,Round 9,2018-05-19 19:25:00,Saturday,St Kilda,Collingwood,72,100,Collingwood,28,33994,Docklands,False
2018_Round_9_Sydney_vs_Fremantle,2018,Round 9,2018-05-19 19:25:00,Saturday,Sydney,Fremantle,111,52,Sydney,59,27481,S.C.G.,False
2018_Round_9_Carlton_vs_Melbourne,2018,Round 9,2018-05-20 13:10:00,Sunday,Carlton,Melbourne,50,159,Melbourne,109,44142,M.C.G.,False
2018_Round_9_West_Coast_vs_Richmond,2018,Round 9,2018-05-20 14:40:00,Sunday,West Coast,Richmond,130,83,West Coast,47,57616,Perth Stadium,False
2018_Round_9_Brisbane_Lions_vs_Hawthorn,2018,Round 9,2018-05-20 15:20:00,Sunday,Brisbane Lions,Hawthorn,129,73,Brisbane Lions,56,20628,Gabba,False
2018_Round_10_Collingwood_vs_Western_Bulldogs,2018,Round 10,2018-05-25 19:50:00,Friday,Collingwood,Western Bulldogs,90,55,Collingwood,35,37985,Docklands,False
2018_Round_10_Richmond_vs_St_Kilda,2018,Round 10,2018-05-26 13:45:00,Saturday,Richmond,St Kilda,105,77,Richmond,28,48850,M.C.G.,False
2018_Round_10_Brisbane_Lions_vs_Sydney,2018,Round 10,2018-05-26 16:35:00,Saturday,Brisbane Lions,Sydney,49,67,Sydney,18,18702,Gabba,False
2018_Round_10_Geelong_vs_Carlton,2018,Round 10,2018-05-26 19:25:00,Saturday,Geelong,Carlton,73,45,Geelong,28,31090,Kardinia Park,False
2018_Round_10_Greater_Western_Sydney_vs_Essendon,2018,Round 10,2018-05-26 19:25:00,Saturday,Greater Western Sydney,Essendon,60,95,Essendon,35,10789,Sydney Showground,False
2018_Round_10_Hawthorn_vs_West_Coast,2018,Round 10,2018-05-27 13:10:00,Sunday,Hawthorn,West Coast,60,75,West Coast,15,28077,Docklands,False
2018_Round_10_Fremantle_vs_North_Melbourne,2018,Round 10,2018-05-27 14:40:00,Sunday,Fremantle,North Melbourne,58,86,North Melbourne,28,37575,Perth Stadium,False
2018_Round_10_Melbourne_vs_Adelaide,2018,Round 10,2018-05-27 14:50:00,Sunday,Melbourne,Adelaide,146,55,Melbourne,91,6989,Traeger Park,False
2018_Round_11_Sydney_vs_Carlton,2018,Round 11,2018-06-01 19:50:00,Friday,Sydney,Carlton,91,61,Sydney,30,27351,S.C.G.,False
2018_Round_11_Western_Bulldogs_vs_Melbourne,2018,Round 11,2018-06-02 13:45:00,Saturday,Western Bulldogs,Melbourne,51,100,Melbourne,49,28485,Docklands,False
2018_Round_11_Hawthorn_vs_Port_Adelaide,2018,Round 11,2018-06-02 14:10:00,Saturday,Hawthorn,Port Adelaide,64,61,Hawthorn,3,13007,York Park,False
2018_Round_11_Gold_Coast_vs_Geelong,2018,Round 11,2018-06-02 16:35:00,Saturday,Gold Coast,Geelong,36,121,Geelong,85,17490,Carrara,False
2018_Round_11_West_Coast_vs_St_Kilda,2018,Round 11,2018-06-02 18:10:00,Saturday,West Coast,St Kilda,101,88,West Coast,13,54188,Perth Stadium,False
2018_Round_11_Essendon_vs_Richmond,2018,Round 11,2018-06-02 19:25:00,Saturday,Essendon,Richmond,43,114,Richmond,71,81046,M.C.G.,False
2018_Round_11_North_Melbourne_vs_Brisbane_Lions,2018,Round 11,2018-06-03 13:10:00,Sunday,North Melbourne,Brisbane Lions,141,87,North Melbourne,54,22133,Docklands,False
2018_Round_11_Collingwood_vs_Fremantle,2018,Round 11,2018-06-03 15:20:00,Sunday,Collingwood,Fremantle,138,77,Collingwood,61,34542,M.C.G.,False
2018_Round_11_Adelaide_vs_Greater_Western_Sydney,2018,Round 11,2018-06-03 16:10:00,Sunday,Adelaide,Greater Western Sydney,81,97,Greater Western Sydney,16,44120,Adelaide Oval,False
2018_Round_12_Port_Adelaide_vs_Richmond,2018,Round 12,2018-06-08 19:20:00,Friday,Port Adelaide,Richmond,72,58,Port Adelaide,14,39936,Adelaide Oval,False
2018_Round_12_Geelong_vs_North_Melbourne,2018,Round 12,2018-06-09 13:45:00,Saturday,Geelong,North Melbourne,96,59,Geelong,37,31265,Kardinia Park,False
2018_Round_12_Greater_Western_Sydney_vs_Gold_Coast,2018,Round 12,2018-06-09 16:35:00,Saturday,Greater Western Sydney,Gold Coast,134,26,Greater Western Sydney,108,7131,Sydney Showground,False
2018_Round_12_St_Kilda_vs_Sydney,2018,Round 12,2018-06-09 19:25:00,Saturday,St Kilda,Sydney,55,126,Sydney,71,27569,Docklands,False
2018_Round_12_Brisbane_Lions_vs_Essendon,2018,Round 12,2018-06-10 13:10:00,Sunday,Brisbane Lions,Essendon,62,84,Essendon,22,20476,Gabba,False
2018_Round_12_Fremantle_vs_Adelaide,2018,Round 12,2018-06-10 14:40:00,Sunday,Fremantle,Adelaide,71,68,Fremantle,3,33421,Perth Stadium,False
2018_Round_12_Melbourne_vs_Collingwood,2018,Round 12,2018-06-11 15:20:00,Monday,Melbourne,Collingwood,91,133,Collingwood,42,83518,M.C.G.,False
2018_Round_13_Port_Adelaide_vs_Western_Bulldogs,2018,Round 13,2018-06-14 19:20:00,Thursday,Port Adelaide,Western Bulldogs,132,75,Port Adelaide,57,26137,Adelaide Oval,False
2018_Round_13_Sydney_vs_West_Coast,2018,Round 13,2018-06-15 19:50:00,Friday,Sydney,West Coast,72,57,Sydney,15,36402,S.C.G.,False
2018_Round_13_Carlton_vs_Fremantle,2018,Round 13,2018-06-16 13:45:00,Saturday,Carlton,Fremantle,46,103,Fremantle,57,21430,Docklands,False
2018_Round_13_Gold_Coast_vs_St_Kilda,2018,Round 13,2018-06-16 16:35:00,Saturday,Gold Coast,St Kilda,78,80,St Kilda,2,10181,Carrara,False
2018_Round_13_Hawthorn_vs_Adelaide,2018,Round 13,2018-06-16 19:25:00,Saturday,Hawthorn,Adelaide,88,32,Hawthorn,56,26693,M.C.G.,False
2018_Round_13_Geelong_vs_Richmond,2018,Round 13,2018-06-17 15:20:00,Sunday,Geelong,Richmond,65,83,Richmond,18,46423,M.C.G.,False
2018_Round_14_West_Coast_vs_Essendon,2018,Round 14,2018-06-21 18:10:00,Thursday,West Coast,Essendon,52,80,Essendon,28,51409,Perth Stadium,False
2018_Round_14_Port_Adelaide_vs_Melbourne,2018,Round 14,2018-06-22 19:20:00,Friday,Port Adelaide,Melbourne,75,65,Port Adelaide,10,40751,Adelaide Oval,False
2018_Round_14_Hawthorn_vs_Gold_Coast,2018,Round 14,2018-06-23 13:45:00,Saturday,Hawthorn,Gold Coast,96,43,Hawthorn,53,9007,York Park,False
2018_Round_14_Brisbane_Lions_vs_Greater_Western_Sydney,2018,Round 14,2018-06-23 16:35:00,Saturday,Brisbane Lions,Greater Western Sydney,82,109,Greater Western Sydney,27,11267,Gabba,False
2018_Round_14_Western_Bulldogs_vs_North_Melbourne,2018,Round 14,2018-06-23 19:25:00,Saturday,Western Bulldogs,North Melbourne,75,77,North Melbourne,2,26301,Docklands,False
2018_Round_14_Collingwood_vs_Carlton,2018,Round 14,2018-06-24 15:20:00,Sunday,Collingwood,Carlton,79,59,Collingwood,20,53706,M.C.G.,False
2018_Round_15_Richmond_vs_Sydney,2018,Round 15,2018-06-28 19:20:00,Thursday,Richmond,Sydney,93,67,Richmond,26,43519,Docklands,False
2018_Round_15_Western_Bulldogs_vs_Geelong,2018,Round 15,2018-06-29 19:50:00,Friday,Western Bulldogs,Geelong,103,101,Western Bulldogs,2,29499,Docklands,False
2018_Round_15_Carlton_vs_Port_Adelaide,2018,Round 15,2018-06-30 13:45:00,Saturday,Carlton,Port Adelaide,69,90,Port Adelaide,21,26562,M.C.G.,False
2018_Round_15_Adelaide_vs_West_Coast,2018,Round 15,2018-06-30 16:05:00,Saturday,Adelaide,West Coast,88,78,Adelaide,10,44771,Adelaide Oval,False
2018_Round_15_Gold_Coast_vs_Collingwood,2018,Round 15,2018-06-30 19:25:00,Saturday,Gold Coast,Collingwood,60,99,Collingwood,39,13637,Carrara,False
2018_Round_15_Greater_Western_Sydney_vs_Hawthorn,2018,Round 15,2018-06-30 19:25:00,Saturday,Greater Western Sydney,Hawthorn,95,84,Greater Western Sydney,11,10866,Sydney Showground,False
2018_Round_15_Melbourne_vs_St_Kilda,2018,Round 15,2018-07-01 13:10:00,Sunday,Melbourne,St Kilda,117,119,St Kilda,2,38910,M.C.G.,False
2018_Round_15_Fremantle_vs_Brisbane_Lions,2018,Round 15,2018-07-01 14:40:00,Sunday,Fremantle,Brisbane Lions,64,119,Brisbane Lions,55,41674,Perth Stadium,False
2018_Round_15_Essendon_vs_North_Melbourne,2018,Round 15,2018-07-01 15:20:00,Sunday,Essendon,North Melbourne,125,108,Essendon,17,45580,Docklands,False
2018_Round_16_Sydney_vs_Geelong,2018,Round 16,2018-07-05 19:20:00,Thursday,Sydney,Geelong,59,71,Geelong,12,34363,S.C.G.,False
2018_Round_16_Richmond_vs_Adelaide,2018,Round 16,2018-07-06 19:50:00,Friday,Richmond,Adelaide,103,56,Richmond,47,54934,M.C.G.,False
2018_Round_16_Brisbane_Lions_vs_Carlton,2018,Round 16,2018-07-07 13:45:00,Saturday,Brisbane Lions,Carlton,120,55,Brisbane Lions,65,21074,Gabba,False
2018_Round_16_Port_Adelaide_vs_St_Kilda,2018,Round 16,2018-07-07 16:05:00,Saturday,Port Adelaide,St Kilda,86,50,Port Adelaide,36,36253,Adelaide Oval,False
2018_Round_16_Melbourne_vs_Fremantle,2018,Round 16,2018-07-07 19:10:00,Saturday,Melbourne,Fremantle,102,48,Melbourne,54,8689,Marrara Oval,False
2018_Round_16_Western_Bulldogs_vs_Hawthorn,2018,Round 16,2018-07-07 19:25:00,Saturday,Western Bulldogs,Hawthorn,59,122,Hawthorn,63,35320,Docklands,False
2018_Round_16_North_Melbourne_vs_Gold_Coast,2018,Round 16,2018-07-08 13:10:00,Sunday,North Melbourne,Gold Coast,95,58,North Melbourne,37,14389,Docklands,False
2018_Round_16_West_Coast_vs_Greater_Western_Sydney,2018,Round 16,2018-07-08 14:40:00,Sunday,West Coast,Greater Western Sydney,86,75,West Coast,11,52105,Perth Stadium,False
2018_Round_16_Essendon_vs_Collingwood,2018,Round 16,2018-07-08 15:20:00,Sunday,Essendon,Collingwood,62,78,Collingwood,16,69868,M.C.G.,False
2018_Round_17_Adelaide_vs_Geelong,2018,Round 17,2018-07-12 19:20:00,Thursday,Adelaide,Geelong,112,97,Adelaide,15,46095,Adelaide Oval,False
2018_Round_17_St_Kilda_vs_Carlton,2018,Round 17,2018-07-13 19:50:00,Friday,St Kilda,Carlton,116,52,St Kilda,64,33780,Docklands,False
2018_Round_17_Hawthorn_vs_Brisbane_Lions,2018,Round 17,2018-07-14 13:45:00,Saturday,Hawthorn,Brisbane Lions,65,98,Brisbane Lions,33,12557,York Park,False
2018_Round_17_Melbourne_vs_Western_Bulldogs,2018,Round 17,2018-07-14 16:35:00,Saturday,Melbourne,Western Bulldogs,119,69,Melbourne,50,31053,M.C.G.,False
2018_Round_17_Gold_Coast_vs_Essendon,2018,Round 17,2018-07-14 19:25:00,Saturday,Gold Coast,Essendon,51,95,Essendon,44,13061,Carrara,False
2018_Round_17_Greater_Western_Sydney_vs_Richmond,2018,Round 17,2018-07-14 19:25:00,Saturday,Greater Western Sydney,Richmond,79,77,Greater Western Sydney,2,14456,Sydney Showground,False
2018_Round_17_Collingwood_vs_West_Coast,2018,Round 17,2018-07-15 13:10:00,Sunday,Collingwood,West Coast,67,102,West Coast,35,53439,M.C.G.,False
2018_Round_17_Fremantle_vs_Port_Adelaide,2018,Round 17,2018-07-15 14:40:00,Sunday,Fremantle,Port Adelaide,59,50,Fremantle,9,33190,Perth Stadium,False
2018_Round_17_North_Melbourne_vs_Sydney,2018,Round 17,2018-07-15 15:20:00,Sunday,North Melbourne,Sydney,98,104,Sydney,6,25633,Docklands,False
2018_Round_18_St_Kilda_vs_Richmond,2018,Round 18,2018-07-20 19:50:00,Friday,St Kilda,Richmond,57,111,Richmond,54,36269,Docklands,False
2018_Round_18_Collingwood_vs_North_Melbourne,2018,Round 18,2018-07-21 13:45:00,Saturday,Collingwood,North Melbourne,130,64,Collingwood,66,50393,M.C.G.,False
2018_Round_18_Sydney_vs_Gold_Coast,2018,Round 18,2018-07-21 14:10:00,Saturday,Sydney,Gold Coast,64,88,Gold Coast,24,32565,S.C.G.,False
2018_Round_18_Essendon_vs_Fremantle,2018,Round 18,2018-07-21 16:35:00,Saturday,Essendon,Fremantle,99,70,Essendon,29,31564,Docklands,False
2018_Round_18_Brisbane_Lions_vs_Adelaide,2018,Round 18,2018-07-21 19:25:00,Saturday,Brisbane Lions,Adelaide,88,93,Adelaide,5,20475,Gabba,False
2018_Round_18_Geelong_vs_Melbourne,2018,Round 18,2018-07-21 19:25:00,Saturday,Geelong,Melbourne,100,98,Geelong,2,30125,Kardinia Park,False
2018_Round_18_Carlton_vs_Hawthorn,2018,Round 18,2018-07-22 13:10:00,Sunday,Carlton,Hawthorn,52,124,Hawthorn,72,30405,Docklands,False
2018_Round_18_West_Coast_vs_Western_Bulldogs,2018,Round 18,2018-07-22 13:20:00,Sunday,West Coast,Western Bulldogs,100,46,West Coast,54,46854,Perth Stadium,False
2018_Round_18_Port_Adelaide_vs_Greater_Western_Sydney,2018,Round 18,2018-07-22 16:10:00,Sunday,Port Adelaide,Greater Western Sydney,58,80,Greater Western Sydney,22,34693,Adelaide Oval,False
2018_Round_19_Essendon_vs_Sydney,2018,Round 19,2018-07-27 19:50:00,Friday,Essendon,Sydney,109,66,Essendon,43,42251,Docklands,False
2018_Round_19_Richmond_vs_Collingwood,2018,Round 19,2018-07-28 13:45:00,Saturday,Richmond,Collingwood,105,77,Richmond,28,88180,M.C.G.,False
2018_Round_19_Geelong_vs_Brisbane_Lions,2018,Round 19,2018-07-28 14:10:00,Saturday,Geelong,Brisbane Lions,120,78,Geelong,42,28226,Kardinia Park,False
2018_Round_19_Greater_Western_Sydney_vs_St_Kilda,2018,Round 19,2018-07-28 16:35:00,Saturday,Greater Western Sydney,St Kilda,86,61,Greater Western Sydney,25,12014,Sydney Showground,False
2018_Round_19_Adelaide_vs_Melbourne,2018,Round 19,2018-07-28 19:10:00,Saturday,Adelaide,Melbourne,77,90,Melbourne,13,45880,Adelaide Oval,False
2018_Round_19_Gold_Coast_vs_Carlton,2018,Round 19,2018-07-28 19:25:00,Saturday,Gold Coast,Carlton,44,79,Carlton,35,10776,Carrara,False
2018_Round_19_North_Melbourne_vs_West_Coast,2018,Round 19,2018-07-29 13:10:00,Sunday,North Melbourne,West Coast,81,41,North Melbourne,40,11176,Bellerive Oval,False
2018_Round_19_Fremantle_vs_Hawthorn,2018,Round 19,2018-07-29 14:40:00,Sunday,Fremantle,Hawthorn,53,112,Hawthorn,59,41845,Perth Stadium,False
2018_Round_19_Western_Bulldogs_vs_Port_Adelaide,2018,Round 19,2018-07-29 15:20:00,Sunday,Western Bulldogs,Port Adelaide,34,78,Port Adelaide,44,6450,Eureka Stadium,False
2018_Round_20_Richmond_vs_Geelong,2018,Round 20,2018-08-03 19:50:00,Friday,Richmond,Geelong,85,82,Richmond,3,67054,M.C.G.,False
2018_Round_20_Hawthorn_vs_Essendon,2018,Round 20,2018-08-04 13:45:00,Saturday,Hawthorn,Essendon,107,103,Hawthorn,4,68857,M.C.G.,False
2018_Round_20_Brisbane_Lions_vs_North_Melbourne,2018,Round 20,2018-08-04 14:10:00,Saturday,Brisbane Lions,North Melbourne,104,107,North Melbourne,3,18395,Gabba,False
2018_Round_20_Adelaide_vs_Port_Adelaide,2018,Round 20,2018-08-04 16:05:00,Saturday,Adelaide,Port Adelaide,96,93,Adelaide,3,50377,Adelaide Oval,False
2018_Round_20_St_Kilda_vs_Western_Bulldogs,2018,Round 20,2018-08-04 19:25:00,Saturday,St Kilda,Western Bulldogs,68,103,Western Bulldogs,35,20748,Docklands,False
2018_Round_20_Sydney_vs_Collingwood,2018,Round 20,2018-08-04 19:25:00,Saturday,Sydney,Collingwood,73,71,Sydney,2,39238,S.C.G.,False
2018_Round_20_Carlton_vs_Greater_Western_Sydney,2018,Round 20,2018-08-05 13:10:00,Sunday,Carlton,Greater Western Sydney,46,151,Greater Western Sydney,105,16697,Docklands,False
2018_Round_20_West_Coast_vs_Fremantle,2018,Round 20,2018-08-05 14:40:00,Sunday,West Coast,Fremantle,142,84,West Coast,58,57375,Perth Stadium,False
2018_Round_20_Melbourne_vs_Gold_Coast,2018,Round 20,2018-08-05 15:20:00,Sunday,Melbourne,Gold Coast,143,47,Melbourne,96,23072,M.C.G.,False
2018_Round_21_Essendon_vs_St_Kilda,2018,Round 21,2018-08-10 19:50:00,Friday,Essendon,St Kilda,122,79,Essendon,43,37483,Docklands,False
2018_Round_21_Hawthorn_vs_Geelong,2018,Round 21,2018-08-11 13:45:00,Saturday,Hawthorn,Geelong,71,60,Hawthorn,11,59529,M.C.G.,False
2018_Round_21_Gold_Coast_vs_Richmond,2018,Round 21,2018-08-11 14:10:00,Saturday,Gold Coast,Richmond,51,125,Richmond,74,18102,Carrara,False
2018_Round_21_Port_Adelaide_vs_West_Coast,2018,Round 21,2018-08-11 16:05:00,Saturday,Port Adelaide,West Coast,58,62,West Coast,4,32534,Adelaide Oval,False
2018_Round_21_Collingwood_vs_Brisbane_Lions,2018,Round 21,2018-08-11 19:25:00,Saturday,Collingwood,Brisbane Lions,104,73,Collingwood,31,33390,Docklands,False
2018_Round_21_Greater_Western_Sydney_vs_Adelaide,2018,Round 21,2018-08-11 19:25:00,Saturday,Greater Western Sydney,Adelaide,106,92,Greater Western Sydney,14,13249,Manuka Oval,False
2018_Round_21_North_Melbourne_vs_Western_Bulldogs,2018,Round 21,2018-08-12 13:10:00,Sunday,North Melbourne,Western Bulldogs,85,92,Western Bulldogs,7,27031,Docklands,False
2018_Round_21_Fremantle_vs_Carlton,2018,Round 21,2018-08-12 14:40:00,Sunday,Fremantle,Carlton,101,72,Fremantle,29,40028,Perth Stadium,False
2018_Round_21_Melbourne_vs_Sydney,2018,Round 21,2018-08-12 15:20:00,Sunday,Melbourne,Sydney,78,87,Sydney,9,51424,M.C.G.,False
2018_Round_22_Richmond_vs_Essendon,2018,Round 22,2018-08-17 19:50:00,Friday,Richmond,Essendon,81,73,Richmond,8,76424,M.C.G.,False
2018_Round_22_Collingwood_vs_Port_Adelaide,2018,Round 22,2018-08-18 13:45:00,Saturday,Collingwood,Port Adelaide,115,64,Collingwood,51,46286,M.C.G.,False
2018_Round_22_Geelong_vs_Fremantle,2018,Round 22,2018-08-18 14:10:00,Saturday,Geelong,Fremantle,158,25,Geelong,133,24507,Kardinia Park,False
2018_Round_22_Greater_Western_Sydney_vs_Sydney,2018,Round 22,2018-08-18 16:35:00,Saturday,Greater Western Sydney,Sydney,60,80,Sydney,20,21433,Sydney Showground,False
2018_Round_22_Gold_Coast_vs_Brisbane_Lions,2018,Round 22,2018-08-18 19:25:00,Saturday,Gold Coast,Brisbane Lions,74,78,Brisbane Lions,4,11907,Carrara,False
2018_Round_22_St_Kilda_vs_Hawthorn,2018,Round 22,2018-08-18 19:25:00,Saturday,St Kilda,Hawthorn,76,80,Hawthorn,4,24795,Docklands,False
2018_Round_22_Carlton_vs_Western_Bulldogs,2018,Round 22,2018-08-19 13:10:00,Sunday,Carlton,Western Bulldogs,49,66,Western Bulldogs,17,24143,Docklands,False
2018_Round_22_West_Coast_vs_Melbourne,2018,Round 22,2018-08-19 13:20:00,Sunday,West Coast,Melbourne,91,108,Melbourne,17,55824,Perth Stadium,False
2018_Round_22_Adelaide_vs_North_Melbourne,2018,Round 22,2018-08-19 16:10:00,Sunday,Adelaide,North Melbourne,86,77,Adelaide,9,41444,Adelaide Oval,False
2018_Round_23_Port_Adelaide_vs_Essendon,2018,Round 23,2018-08-24 19:20:00,Friday,Port Adelaide,Essendon,89,111,Essendon,22,39168,Adelaide Oval,False
2018_Round_23_Geelong_vs_Gold_Coast,2018,Round 23,2018-08-25 13:45:00,Saturday,Geelong,Gold Coast,142,40,Geelong,102,28004,Kardinia Park,False
2018_Round_23_Richmond_vs_Western_Bulldogs,2018,Round 23,2018-08-25 14:10:00,Saturday,Richmond,Western Bulldogs,98,95,Richmond,3,56998,M.C.G.,False
2018_Round_23_Fremantle_vs_Collingwood,2018,Round 23,2018-08-25 14:35:00,Saturday,Fremantle,Collingwood,67,76,Collingwood,9,41320,Perth Stadium,False
2018_Round_23_Carlton_vs_Adelaide,2018,Round 23,2018-08-25 19:25:00,Saturday,Carlton,Adelaide,61,165,Adelaide,104,17000,Docklands,False
2018_Round_23_Sydney_vs_Hawthorn,2018,Round 23,2018-08-25 19:25:00,Saturday,Sydney,Hawthorn,74,83,Hawthorn,9,39660,S.C.G.,False
2018_Round_23_Brisbane_Lions_vs_West_Coast,2018,Round 23,2018-08-26 13:10:00,Sunday,Brisbane Lions,West Coast,72,98,West Coast,26,16367,Gabba,False
2018_Round_23_Melbourne_vs_Greater_Western_Sydney,2018,Round 23,2018-08-26 15:20:00,Sunday,Melbourne,Greater Western Sydney,102,57,Melbourne,45,37285,M.C.G.,False
2018_Round_23_St_Kilda_vs_North_Melbourne,2018,Round 23,2018-08-26 16:40:00,Sunday,St Kilda,North Melbourne,94,117,North Melbourne,23,19866,Docklands,False
2018_Qualifying_Final_Richmond_vs_Hawthorn,2018,Qualifying Final,2018-09-06 19:20:00,Thursday,Richmond,Hawthorn,95,64,Richmond,31,91446,M.C.G.,True
2018_Elimination_Final_Melbourne_vs_Geelong,2018,Elimination Final,2018-09-07 19:50:00,Friday,Melbourne,Geelong,75,46,Melbourne,29,91767,M.C.G.,True
2018_Elimination_Final_Sydney_vs_Greater_Western_Sydney,2018,Elimination Final,2018-09-08 16:20:00,Saturday,Sydney,Greater Western Sydney,30,79,Greater Western Sydney,49,40350,S.C.G.,True
2018_Qualifying_Final_West_Coast_vs_Collingwood,2018,Qualifying Final,2018-09-08 18:10:00,Saturday,West Coast,Collingwood,86,70,West Coast,16,59585,Perth Stadium,True
2018_Semi_Final_Hawthorn_vs_Melbourne,2018,Semi Final,2018-09-14 19:50:00,Friday,Hawthorn,Melbourne,71,104,Melbourne,33,90152,M.C.G.,True
2018_Semi_Final_Collingwood_vs_Greater_Western_Sydney,2018,Semi Final,2018-09-15 19:25:00,Saturday,Collingwood,Greater Western Sydney,69,59,Collingwood,10,72504,M.C.G.,True
2018_Preliminary_Final_Richmond_vs_Collingwood,2018,Preliminary Final,2018-09-21 19:50:00,Friday,Richmond,Collingwood,58,97,Collingwood,39,94959,M.C.G.,True
2018_Preliminary_Final_West_Coast_vs_Melbourne,2018,Preliminary Final,2018-09-22 13:20:00,Saturday,West Coast,Melbourne,121,55,West Coast,66,59608,Perth Stadium,True
2018_Grand_Final_West_Coast_vs_Collingwood,2018,Grand Final,2018-09-29 14:30:00,Saturday,West Coast,Collingwood,79,74,West Coast,5,100022,M.C.G.,True
2019_Round_1_Carlton_vs_Richmond,2019,Round 1,2019-03-21 19:25:00,Thursday,Carlton,Richmond,64,97,Richmond,33,85016,M.C.G.,False
2019_Round_1_Collingwood_vs_Geelong,2019,Round 1,2019-03-22 19:50:00,Friday,Collingwood,Geelong,65,72,Geelong,7,78017,M.C.G.,False
2019_Round_1_Melbourne_vs_Port_Adelaide,2019,Round 1,2019-03-23 13:45:00,Saturday,Melbourne,Port Adelaide,61,87,Port Adelaide,26,38866,M.C.G.,False
2019_Round_1_Adelaide_vs_Hawthorn,2019,Round 1,2019-03-23 16:05:00,Saturday,Adelaide,Hawthorn,55,87,Hawthorn,32,50180,Adelaide Oval,False
2019_Round_1_Brisbane_Lions_vs_West_Coast,2019,Round 1,2019-03-23 19:20:00,Saturday,Brisbane Lions,West Coast,102,58,Brisbane Lions,44,20029,Gabba,False
2019_Round_1_Western_Bulldogs_vs_Sydney,2019,Round 1,2019-03-23 19:25:00,Saturday,Western Bulldogs,Sydney,82,65,Western Bulldogs,17,32303,Docklands,False
2019_Round_1_St_Kilda_vs_Gold_Coast,2019,Round 1,2019-03-24 13:10:00,Sunday,St Kilda,Gold Coast,85,84,St Kilda,1,20291,Docklands,False
2019_Round_1_Fremantle_vs_North_Melbourne,2019,Round 1,2019-03-24 15:20:00,Sunday,Fremantle,North Melbourne,141,59,Fremantle,82,40033,Perth Stadium,False
2019_Round_1_Greater_Western_Sydney_vs_Essendon,2019,Round 1,2019-03-24 15:20:00,Sunday,Greater Western Sydney,Essendon,112,40,Greater Western Sydney,72,15424,Sydney Showground,False
2019_Round_2_Richmond_vs_Collingwood,2019,Round 2,2019-03-28 19:20:00,Thursday,Richmond,Collingwood,66,110,Collingwood,44,70699,M.C.G.,False
2019_Round_2_Sydney_vs_Adelaide,2019,Round 2,2019-03-29 19:50:00,Friday,Sydney,Adelaide,62,88,Adelaide,26,32575,S.C.G.,False
2019_Round_2_Essendon_vs_St_Kilda,2019,Round 2,2019-03-30 16:35:00,Saturday,Essendon,St Kilda,65,76,St Kilda,11,44252,Docklands,False
2019_Round_2_Port_Adelaide_vs_Carlton,2019,Round 2,2019-03-30 16:40:00,Saturday,Port Adelaide,Carlton,88,72,Port Adelaide,16,41552,Adelaide Oval,False
2019_Round_2_West_Coast_vs_Greater_Western_Sydney,2019,Round 2,2019-03-30 17:10:00,Saturday,West Coast,Greater Western Sydney,104,52,West Coast,52,54985,Perth Stadium,False
2019_Round_2_Geelong_vs_Melbourne,2019,Round 2,2019-03-30 19:25:00,Saturday,Geelong,Melbourne,126,46,Geelong,80,27561,Kardinia Park,False
2019_Round_2_North_Melbourne_vs_Brisbane_Lions,2019,Round 2,2019-03-31 13:10:00,Sunday,North Melbourne,Brisbane Lions,87,107,Brisbane Lions,20,23100,Docklands,False
2019_Round_2_Hawthorn_vs_Western_Bulldogs,2019,Round 2,2019-03-31 15:20:00,Sunday,Hawthorn,Western Bulldogs,87,106,Western Bulldogs,19,39368,M.C.G.,False
2019_Round_2_Gold_Coast_vs_Fremantle,2019,Round 2,2019-03-31 15:40:00,Sunday,Gold Coast,Fremantle,61,58,Gold Coast,3,10119,Carrara,False
2019_Round_3_Adelaide_vs_Geelong,2019,Round 3,2019-04-04 19:20:00,Thursday,Adelaide,Geelong,75,99,Geelong,24,45631,Adelaide Oval,False
2019_Round_3_Melbourne_vs_Essendon,2019,Round 3,2019-04-05 19:50:00,Friday,Melbourne,Essendon,112,130,Essendon,18,52475,M.C.G.,False
2019_Round_3_Carlton_vs_Sydney,2019,Round 3,2019-04-06 13:45:00,Saturday,Carlton,Sydney,74,93,Sydney,19,39290,Docklands,False
2019_Round_3_Greater_Western_Sydney_vs_Richmond,2019,Round 3,2019-04-06 16:35:00,Saturday,Greater Western Sydney,Richmond,125,76,Greater Western Sydney,49,12697,Sydney Showground,False
2019_Round_3_Brisbane_Lions_vs_Port_Adelaide,2019,Round 3,2019-04-06 18:25:00,Saturday,Brisbane Lions,Port Adelaide,107,90,Brisbane Lions,17,19958,Gabba,False
2019_Round_3_Collingwood_vs_West_Coast,2019,Round 3,2019-04-06 19:25:00,Saturday,Collingwood,West Coast,76,98,West Coast,22,60878,M.C.G.,False
2019_Round_3_Western_Bulldogs_vs_Gold_Coast,2019,Round 3,2019-04-07 14:20:00,Sunday,Western Bulldogs,Gold Coast,68,73,Gold Coast,5,22499,Docklands,False
2019_Round_3_Fremantle_vs_St_Kilda,2019,Round 3,2019-04-07 15:20:00,Sunday,Fremantle,St Kilda,71,66,Fremantle,5,38227,Perth Stadium,False
2019_Round_3_Hawthorn_vs_North_Melbourne,2019,Round 3,2019-04-07 15:20:00,Sunday,Hawthorn,North Melbourne,87,71,Hawthorn,16,36174,M.C.G.,False
2019_Round_4_Sydney_vs_Melbourne,2019,Round 4,2019-04-11 19:20:00,Thursday,Sydney,Melbourne,78,100,Melbourne,22,26669,S.C.G.,False
2019_Round_4_Collingwood_vs_Western_Bulldogs,2019,Round 4,2019-04-12 19:50:00,Friday,Collingwood,Western Bulldogs,78,64,Collingwood,14,59257,M.C.G.,False
2019_Round_4_Geelong_vs_Greater_Western_Sydney,2019,Round 4,2019-04-13 13:45:00,Saturday,Geelong,Greater Western Sydney,75,79,Greater Western Sydney,4,28780,Kardinia Park,False
2019_Round_4_Essendon_vs_Brisbane_Lions,2019,Round 4,2019-04-13 14:10:00,Saturday,Essendon,Brisbane Lions,112,65,Essendon,47,48289,M.C.G.,False
2019_Round_4_Port_Adelaide_vs_Richmond,2019,Round 4,2019-04-13 16:05:00,Saturday,Port Adelaide,Richmond,92,99,Richmond,7,38864,Adelaide Oval,False
2019_Round_4_West_Coast_vs_Fremantle,2019,Round 4,2019-04-13 18:10:00,Saturday,West Coast,Fremantle,69,56,West Coast,13,58219,Perth Stadium,False
2019_Round_4_North_Melbourne_vs_Adelaide,2019,Round 4,2019-04-13 19:25:00,Saturday,North Melbourne,Adelaide,71,59,North Melbourne,12,17207,Docklands,False
2019_Round_4_Gold_Coast_vs_Carlton,2019,Round 4,2019-04-14 14:40:00,Sunday,Gold Coast,Carlton,59,57,Gold Coast,2,14176,Carrara,False
2019_Round_4_St_Kilda_vs_Hawthorn,2019,Round 4,2019-04-14 15:20:00,Sunday,St Kilda,Hawthorn,74,69,St Kilda,5,35883,Docklands,False
2019_Round_5_Brisbane_Lions_vs_Collingwood,2019,Round 5,2019-04-18 19:35:00,Thursday,Brisbane Lions,Collingwood,61,123,Collingwood,62,34017,Gabba,False
2019_Round_5_North_Melbourne_vs_Essendon,2019,Round 5,2019-04-19 16:20:00,Friday,North Melbourne,Essendon,58,116,Essendon,58,48278,Docklands,False
2019_Round_5_West_Coast_vs_Port_Adelaide,2019,Round 5,2019-04-19 18:10:00,Friday,West Coast,Port Adelaide,53,95,Port Adelaide,42,49290,Perth Stadium,False
2019_Round_5_Greater_Western_Sydney_vs_Fremantle,2019,Round 5,2019-04-20 13:45:00,Saturday,Greater Western Sydney,Fremantle,82,106,Fremantle,24,11277,Manuka Oval,False
2019_Round_5_Melbourne_vs_St_Kilda,2019,Round 5,2019-04-20 16:35:00,Saturday,Melbourne,St Kilda,55,95,St Kilda,40,35558,M.C.G.,False
2019_Round_5_Richmond_vs_Sydney,2019,Round 5,2019-04-20 19:25:00,Saturday,Richmond,Sydney,89,67,Richmond,22,40053,Docklands,False
2019_Round_5_Western_Bulldogs_vs_Carlton,2019,Round 5,2019-04-21 13:10:00,Sunday,Western Bulldogs,Carlton,57,101,Carlton,44,35069,Docklands,False
2019_Round_5_Adelaide_vs_Gold_Coast,2019,Round 5,2019-04-21 16:10:00,Sunday,Adelaide,Gold Coast,119,46,Adelaide,73,40847,Adelaide Oval,False
2019_Round_5_Hawthorn_vs_Geelong,2019,Round 5,2019-04-22 15:20:00,Monday,Hawthorn,Geelong,90,113,Geelong,23,66347,M.C.G.,False
2019_Round_6_Richmond_vs_Melbourne,2019,Round 6,2019-04-24 19:35:00,Wednesday,Richmond,Melbourne,85,42,Richmond,43,72704,M.C.G.,False
2019_Round_6_Essendon_vs_Collingwood,2019,Round 6,2019-04-25 15:20:00,Thursday,Essendon,Collingwood,69,73,Collingwood,4,92241,M.C.G.,False
2019_Round_6_Port_Adelaide_vs_North_Melbourne,2019,Round 6,2019-04-26 19:20:00,Friday,Port Adelaide,North Melbourne,88,72,Port Adelaide,16,36099,Adelaide Oval,False
2019_Round_6_Gold_Coast_vs_Brisbane_Lions,2019,Round 6,2019-04-27 13:45:00,Saturday,Gold Coast,Brisbane Lions,62,111,Brisbane Lions,49,13694,Carrara,False
2019_Round_6_St_Kilda_vs_Adelaide,2019,Round 6,2019-04-27 16:35:00,Saturday,St Kilda,Adelaide,68,97,Adelaide,29,28404,Docklands,False
2019_Round_6_Fremantle_vs_Western_Bulldogs,2019,Round 6,2019-04-27 18:10:00,Saturday,Fremantle,Western Bulldogs,88,69,Fremantle,19,43732,Perth Stadium,False
2019_Round_6_Sydney_vs_Greater_Western_Sydney,2019,Round 6,2019-04-27 19:25:00,Saturday,Sydney,Greater Western Sydney,79,120,Greater Western Sydney,41,29780,S.C.G.,False
2019_Round_6_Hawthorn_vs_Carlton,2019,Round 6,2019-04-28 15:20:00,Sunday,Hawthorn,Carlton,93,88,Hawthorn,5,15888,York Park,False
2019_Round_6_Geelong_vs_West_Coast,2019,Round 6,2019-04-28 16:40:00,Sunday,Geelong,West Coast,104,46,Geelong,58,28085,Kardinia Park,False
2019_Round_7_Collingwood_vs_Port_Adelaide,2019,Round 7,2019-05-03 19:50:00,Friday,Collingwood,Port Adelaide,108,69,Collingwood,39,37559,Docklands,False
2019_Round_7_Greater_Western_Sydney_vs_St_Kilda,2019,Round 7,2019-05-04 13:45:00,Saturday,Greater Western Sydney,St Kilda,114,70,Greater Western Sydney,44,12633,Manuka Oval,False
2019_Round_7_Melbourne_vs_Hawthorn,2019,Round 7,2019-05-04 13:45:00,Saturday,Melbourne,Hawthorn,79,74,Melbourne,5,40864,M.C.G.,False
2019_Round_7_Brisbane_Lions_vs_Sydney,2019,Round 7,2019-05-04 16:35:00,Saturday,Brisbane Lions,Sydney,103,81,Brisbane Lions,22,20075,Gabba,False
2019_Round_7_West_Coast_vs_Gold_Coast,2019,Round 7,2019-05-04 18:10:00,Saturday,West Coast,Gold Coast,80,57,West Coast,23,47497,Perth Stadium,False
2019_Round_7_Western_Bulldogs_vs_Richmond,2019,Round 7,2019-05-04 19:25:00,Saturday,Western Bulldogs,Richmond,99,52,Western Bulldogs,47,36151,Docklands,False
2019_Round_7_Carlton_vs_North_Melbourne,2019,Round 7,2019-05-05 13:10:00,Sunday,Carlton,North Melbourne,62,120,North Melbourne,58,42430,Docklands,False
2019_Round_7_Geelong_vs_Essendon,2019,Round 7,2019-05-05 15:20:00,Sunday,Geelong,Essendon,86,54,Geelong,32,63527,M.C.G.,False
2019_Round_7_Adelaide_vs_Fremantle,2019,Round 7,2019-05-05 16:10:00,Sunday,Adelaide,Fremantle,51,34,Adelaide,17,42383,Adelaide Oval,False
2019_Round_8_Sydney_vs_Essendon,2019,Round 8,2019-05-10 19:50:00,Friday,Sydney,Essendon,77,72,Sydney,5,26502,S.C.G.,False
2019_Round_8_Carlton_vs_Collingwood,2019,Round 8,2019-05-11 13:45:00,Saturday,Carlton,Collingwood,87,106,Collingwood,19,69289,M.C.G.,False
2019_Round_8_Western_Bulldogs_vs_Brisbane_Lions,2019,Round 8,2019-05-11 13:45:00,Saturday,Western Bulldogs,Brisbane Lions,92,76,Western Bulldogs,16,9039,Eureka Stadium,False
2019_Round_8_Gold_Coast_vs_Melbourne,2019,Round 8,2019-05-11 16:35:00,Saturday,Gold Coast,Melbourne,60,61,Melbourne,1,9765,Carrara,False
2019_Round_8_Port_Adelaide_vs_Adelaide,2019,Round 8,2019-05-11 19:10:00,Saturday,Port Adelaide,Adelaide,68,88,Adelaide,20,49675,Adelaide Oval,False
2019_Round_8_St_Kilda_vs_West_Coast,2019,Round 8,2019-05-11 19:25:00,Saturday,St Kilda,West Coast,70,88,West Coast,18,24246,Docklands,False
2019_Round_8_North_Melbourne_vs_Geelong,2019,Round 8,2019-05-12 13:10:00,Sunday,North Melbourne,Geelong,80,104,Geelong,24,21156,Docklands,False
2019_Round_8_Fremantle_vs_Richmond,2019,Round 8,2019-05-12 15:20:00,Sunday,Fremantle,Richmond,86,111,Richmond,25,42641,Perth Stadium,False
2019_Round_8_Hawthorn_vs_Greater_Western_Sydney,2019,Round 8,2019-05-12 15:20:00,Sunday,Hawthorn,Greater Western Sydney,71,38,Hawthorn,33,14636,M.C.G.,False
2019_Round_9_West_Coast_vs_Melbourne,2019,Round 9,2019-05-17 18:10:00,Friday,West Coast,Melbourne,85,69,West Coast,16,51162,Perth Stadium,False
2019_Round_9_Collingwood_vs_St_Kilda,2019,Round 9,2019-05-18 13:45:00,Saturday,Collingwood,St Kilda,112,71,Collingwood,41,60702,M.C.G.,False
2019_Round_9_Brisbane_Lions_vs_Adelaide,2019,Round 9,2019-05-18 14:10:00,Saturday,Brisbane Lions,Adelaide,93,92,Brisbane Lions,1,20405,Gabba,False
2019_Round_9_Geelong_vs_Western_Bulldogs,2019,Round 9,2019-05-18 16:35:00,Saturday,Geelong,Western Bulldogs,133,89,Geelong,44,31373,Kardinia Park,False
2019_Round_9_Essendon_vs_Fremantle,2019,Round 9,2019-05-18 19:25:00,Saturday,Essendon,Fremantle,60,53,Essendon,7,29176,Docklands,False
2019_Round_9_North_Melbourne_vs_Sydney,2019,Round 9,2019-05-18 19:25:00,Saturday,North Melbourne,Sydney,72,77,Sydney,5,12799,Bellerive Oval,False
2019_Round_9_Port_Adelaide_vs_Gold_Coast,2019,Round 9,2019-05-19 12:40:00,Sunday,Port Adelaide,Gold Coast,89,51,Port Adelaide,38,26129,Adelaide Oval,False
2019_Round_9_Richmond_vs_Hawthorn,2019,Round 9,2019-05-19 15:20:00,Sunday,Richmond,Hawthorn,95,59,Richmond,36,64936,M.C.G.,False
2019_Round_9_Greater_Western_Sydney_vs_Carlton,2019,Round 9,2019-05-19 16:40:00,Sunday,Greater Western Sydney,Carlton,138,45,Greater Western Sydney,93,9599,Sydney Showground,False
2019_Round_10_Sydney_vs_Collingwood,2019,Round 10,2019-05-24 19:50:00,Friday,Sydney,Collingwood,73,80,Collingwood,7,34649,S.C.G.,False
2019_Round_10_Hawthorn_vs_Port_Adelaide,2019,Round 10,2019-05-25 13:45:00,Saturday,Hawthorn,Port Adelaide,80,49,Hawthorn,31,11637,York Park,False
2019_Round_10_Western_Bulldogs_vs_North_Melbourne,2019,Round 10,2019-05-25 14:10:00,Saturday,Western Bulldogs,North Melbourne,90,115,North Melbourne,25,26156,Docklands,False
2019_Round_10_Adelaide_vs_West_Coast,2019,Round 10,2019-05-25 16:05:00,Saturday,Adelaide,West Coast,73,85,West Coast,12,41630,Adelaide Oval,False
2019_Round_10_Gold_Coast_vs_Geelong,2019,Round 10,2019-05-25 19:25:00,Saturday,Gold Coast,Geelong,64,91,Geelong,27,13144,Carrara,False
2019_Round_10_Richmond_vs_Essendon,2019,Round 10,2019-05-25 19:25:00,Saturday,Richmond,Essendon,73,50,Richmond,23,80176,M.C.G.,False
2019_Round_10_Melbourne_vs_Greater_Western_Sydney,2019,Round 10,2019-05-26 13:10:00,Sunday,Melbourne,Greater Western Sydney,68,94,Greater Western Sydney,26,20023,M.C.G.,False
2019_Round_10_Fremantle_vs_Brisbane_Lions,2019,Round 10,2019-05-26 15:20:00,Sunday,Fremantle,Brisbane Lions,73,72,Fremantle,1,36383,Perth Stadium,False
2019_Round_10_St_Kilda_vs_Carlton,2019,Round 10,2019-05-26 15:20:00,Sunday,St Kilda,Carlton,68,55,St Kilda,13,35058,Docklands,False
2019_Round_11_North_Melbourne_vs_Richmond,2019,Round 11,2019-05-31 19:50:00,Friday,North Melbourne,Richmond,99,62,North Melbourne,37,29326,Docklands,False
2019_Round_11_Collingwood_vs_Fremantle,2019,Round 11,2019-06-01 13:45:00,Saturday,Collingwood,Fremantle,75,79,Fremantle,4,41774,M.C.G.,False
2019_Round_11_Greater_Western_Sydney_vs_Gold_Coast,2019,Round 11,2019-06-01 13:45:00,Saturday,Greater Western Sydney,Gold Coast,126,43,Greater Western Sydney,83,7581,Sydney Showground,False
2019_Round_11_Geelong_vs_Sydney,2019,Round 11,2019-06-01 16:35:00,Saturday,Geelong,Sydney,85,63,Geelong,22,29021,Kardinia Park,False
2019_Round_11_Melbourne_vs_Adelaide,2019,Round 11,2019-06-01 19:10:00,Saturday,Melbourne,Adelaide,88,90,Adelaide,2,10634,Marrara Oval,False
2019_Round_11_Brisbane_Lions_vs_Hawthorn,2019,Round 11,2019-06-01 19:25:00,Saturday,Brisbane Lions,Hawthorn,85,66,Brisbane Lions,19,25051,Gabba,False
2019_Round_11_St_Kilda_vs_Port_Adelaide,2019,Round 11,2019-06-02 12:20:00,Sunday,St Kilda,Port Adelaide,69,139,Port Adelaide,70,9412,Jiangwan Stadium,False
2019_Round_11_Essendon_vs_Carlton,2019,Round 11,2019-06-02 15:20:00,Sunday,Essendon,Carlton,74,33,Essendon,41,50423,M.C.G.,False
2019_Round_11_West_Coast_vs_Western_Bulldogs,2019,Round 11,2019-06-02 15:20:00,Sunday,West Coast,Western Bulldogs,133,72,West Coast,61,53195,Perth Stadium,False
2019_Round_12_Richmond_vs_Geelong,2019,Round 12,2019-06-07 19:50:00,Friday,Richmond,Geelong,37,104,Geelong,67,65214,M.C.G.,False
2019_Round_12_Carlton_vs_Brisbane_Lions,2019,Round 12,2019-06-08 13:45:00,Saturday,Carlton,Brisbane Lions,78,63,Carlton,15,32211,Docklands,False
2019_Round_12_Gold_Coast_vs_North_Melbourne,2019,Round 12,2019-06-08 16:35:00,Saturday,Gold Coast,North Melbourne,72,99,North Melbourne,27,9305,Carrara,False
2019_Round_12_Adelaide_vs_Greater_Western_Sydney,2019,Round 12,2019-06-08 19:10:00,Saturday,Adelaide,Greater Western Sydney,82,61,Adelaide,21,41710,Adelaide Oval,False
2019_Round_12_Sydney_vs_West_Coast,2019,Round 12,2019-06-09 15:20:00,Sunday,Sydney,West Coast,116,71,Sydney,45,36640,S.C.G.,False
2019_Round_12_Collingwood_vs_Melbourne,2019,Round 12,2019-06-10 15:20:00,Monday,Collingwood,Melbourne,98,57,Collingwood,41,74036,M.C.G.,False
2019_Round_13_Adelaide_vs_Richmond,2019,Round 13,2019-06-13 19:20:00,Thursday,Adelaide,Richmond,101,68,Adelaide,33,40837,Adelaide Oval,False
2019_Round_13_Essendon_vs_Hawthorn,2019,Round 13,2019-06-14 19:50:00,Friday,Essendon,Hawthorn,96,77,Essendon,19,44846,Docklands,False
2019_Round_13_Gold_Coast_vs_St_Kilda,2019,Round 13,2019-06-15 13:45:00,Saturday,Gold Coast,St Kilda,76,80,St Kilda,4,7243,Riverway Stadium,False
2019_Round_13_Fremantle_vs_Port_Adelaide,2019,Round 13,2019-06-15 14:35:00,Saturday,Fremantle,Port Adelaide,100,79,Fremantle,21,37451,Perth Stadium,False
2019_Round_13_Carlton_vs_Western_Bulldogs,2019,Round 13,2019-06-15 19:25:00,Saturday,Carlton,Western Bulldogs,100,103,Western Bulldogs,3,35479,Docklands,False
2019_Round_13_North_Melbourne_vs_Greater_Western_Sydney,2019,Round 13,2019-06-16 15:20:00,Sunday,North Melbourne,Greater Western Sydney,68,91,Greater Western Sydney,23,7832,Bellerive Oval,False
2019_Round_14_West_Coast_vs_Essendon,2019,Round 14,2019-06-20 18:10:00,Thursday,West Coast,Essendon,106,71,West Coast,35,52810,Perth Stadium,False
2019_Round_14_Sydney_vs_Hawthorn,2019,Round 14,2019-06-21 19:50:00,Friday,Sydney,Hawthorn,82,63,Sydney,19,29553,S.C.G.,False
2019_Round_14_Melbourne_vs_Fremantle,2019,Round 14,2019-06-22 13:45:00,Saturday,Melbourne,Fremantle,85,71,Melbourne,14,20211,M.C.G.,False
2019_Round_14_St_Kilda_vs_Brisbane_Lions,2019,Round 14,2019-06-22 16:35:00,Saturday,St Kilda,Brisbane Lions,59,115,Brisbane Lions,56,22885,Docklands,False
2019_Round_14_Port_Adelaide_vs_Geelong,2019,Round 14,2019-06-22 19:10:00,Saturday,Port Adelaide,Geelong,67,56,Port Adelaide,11,37726,Adelaide Oval,False
2019_Round_14_Western_Bulldogs_vs_Collingwood,2019,Round 14,2019-06-23 15:20:00,Sunday,Western Bulldogs,Collingwood,73,82,Collingwood,9,39836,Docklands,False
2019_Round_15_Essendon_vs_Greater_Western_Sydney,2019,Round 15,2019-06-27 19:20:00,Thursday,Essendon,Greater Western Sydney,77,71,Essendon,6,25195,Docklands,False
2019_Round_15_Geelong_vs_Adelaide,2019,Round 15,2019-06-28 19:50:00,Friday,Geelong,Adelaide,96,69,Geelong,27,28108,Kardinia Park,False
2019_Round_15_Hawthorn_vs_West_Coast,2019,Round 15,2019-06-29 13:45:00,Saturday,Hawthorn,West Coast,71,77,West Coast,6,31895,M.C.G.,False
2019_Round_15_Sydney_vs_Gold_Coast,2019,Round 15,2019-06-29 16:35:00,Saturday,Sydney,Gold Coast,93,51,Sydney,42,26194,S.C.G.,False
2019_Round_15_Port_Adelaide_vs_Western_Bulldogs,2019,Round 15,2019-06-29 19:10:00,Saturday,Port Adelaide,Western Bulldogs,41,66,Western Bulldogs,25,25623,Adelaide Oval,False
2019_Round_15_Collingwood_vs_North_Melbourne,2019,Round 15,2019-06-29 19:25:00,Saturday,Collingwood,North Melbourne,37,81,North Melbourne,44,38801,Docklands,False
2019_Round_15_St_Kilda_vs_Richmond,2019,Round 15,2019-06-30 13:10:00,Sunday,St Kilda,Richmond,70,103,Richmond,33,40962,Docklands,False
2019_Round_15_Brisbane_Lions_vs_Melbourne,2019,Round 15,2019-06-30 15:20:00,Sunday,Brisbane Lions,Melbourne,107,74,Brisbane Lions,33,24809,Gabba,False
2019_Round_15_Fremantle_vs_Carlton,2019,Round 15,2019-06-30 15:20:00,Sunday,Fremantle,Carlton,75,79,Carlton,4,37293,Perth Stadium,False
2019_Round_16_Hawthorn_vs_Collingwood,2019,Round 16,2019-07-05 19:50:00,Friday,Hawthorn,Collingwood,67,63,Hawthorn,4,66407,M.C.G.,False
2019_Round_16_Essendon_vs_Sydney,2019,Round 16,2019-07-06 13:45:00,Saturday,Essendon,Sydney,76,66,Essendon,10,60199,M.C.G.,False
2019_Round_16_Gold_Coast_vs_Richmond,2019,Round 16,2019-07-06 14:10:00,Saturday,Gold Coast,Richmond,58,150,Richmond,92,16031,Carrara,False
2019_Round_16_Adelaide_vs_Port_Adelaide,2019,Round 16,2019-07-06 16:05:00,Saturday,Adelaide,Port Adelaide,44,101,Port Adelaide,57,50544,Adelaide Oval,False
2019_Round_16_Fremantle_vs_West_Coast,2019,Round 16,2019-07-06 18:10:00,Saturday,Fremantle,West Coast,31,122,West Coast,91,56358,Perth Stadium,False
2019_Round_16_Western_Bulldogs_vs_Geelong,2019,Round 16,2019-07-06 19:25:00,Saturday,Western Bulldogs,Geelong,71,55,Western Bulldogs,16,35641,Docklands,False
2019_Round_16_Carlton_vs_Melbourne,2019,Round 16,2019-07-07 13:10:00,Sunday,Carlton,Melbourne,100,105,Melbourne,5,55593,M.C.G.,False
2019_Round_16_North_Melbourne_vs_St_Kilda,2019,Round 16,2019-07-07 15:20:00,Sunday,North Melbourne,St Kilda,112,73,North Melbourne,39,10696,Bellerive Oval,False
2019_Round_16_Greater_Western_Sydney_vs_Brisbane_Lions,2019,Round 16,2019-07-07 16:40:00,Sunday,Greater Western Sydney,Brisbane Lions,74,94,Brisbane Lions,20,12268,Sydney Showground,False
2019_Round_17_West_Coast_vs_Collingwood,2019,Round 17,2019-07-12 18:10:00,Friday,West Coast,Collingwood,77,78,Collingwood,1,56251,Perth Stadium,False
2019_Round_17_Sydney_vs_Carlton,2019,Round 17,2019-07-13 13:45:00,Saturday,Sydney,Carlton,62,69,Carlton,7,32570,S.C.G.,False
2019_Round_17_Hawthorn_vs_Fremantle,2019,Round 17,2019-07-13 14:10:00,Saturday,Hawthorn,Fremantle,84,53,Hawthorn,31,13006,York Park,False
2019_Round_17_Essendon_vs_North_Melbourne,2019,Round 17,2019-07-13 16:35:00,Saturday,Essendon,North Melbourne,86,81,Essendon,5,45682,Docklands,False
2019_Round_17_Geelong_vs_St_Kilda,2019,Round 17,2019-07-13 19:25:00,Saturday,Geelong,St Kilda,84,57,Geelong,27,24035,Kardinia Park,False
2019_Round_17_Gold_Coast_vs_Adelaide,2019,Round 17,2019-07-13 19:25:00,Saturday,Gold Coast,Adelaide,56,151,Adelaide,95,8741,Carrara,False
2019_Round_17_Richmond_vs_Greater_Western_Sydney,2019,Round 17,2019-07-14 13:10:00,Sunday,Richmond,Greater Western Sydney,94,67,Richmond,27,38986,M.C.G.,False
2019_Round_17_Western_Bulldogs_vs_Melbourne,2019,Round 17,2019-07-14 15:20:00,Sunday,Western Bulldogs,Melbourne,74,66,Western Bulldogs,8,26781,Docklands,False
2019_Round_17_Port_Adelaide_vs_Brisbane_Lions,2019,Round 17,2019-07-14 16:10:00,Sunday,Port Adelaide,Brisbane Lions,49,97,Brisbane Lions,48,33118,Adelaide Oval,False
2019_Round_18_Adelaide_vs_Essendon,2019,Round 18,2019-07-19 19:20:00,Friday,Adelaide,Essendon,75,96,Essendon,21,47735,Adelaide Oval,False
2019_Round_18_Richmond_vs_Port_Adelaide,2019,Round 18,2019-07-20 13:45:00,Saturday,Richmond,Port Adelaide,101,63,Richmond,38,41642,M.C.G.,False
2019_Round_18_Carlton_vs_Gold_Coast,2019,Round 18,2019-07-20 14:10:00,Saturday,Carlton,Gold Coast,99,75,Carlton,24,31765,Docklands,False
2019_Round_18_Greater_Western_Sydney_vs_Collingwood,2019,Round 18,2019-07-20 16:35:00,Saturday,Greater Western Sydney,Collingwood,122,75,Greater Western Sydney,47,15467,Sydney Showground,False
2019_Round_18_Fremantle_vs_Sydney,2019,Round 18,2019-07-20 18:10:00,Saturday,Fremantle,Sydney,52,51,Fremantle,1,33594,Perth Stadium,False
2019_Round_18_Brisbane_Lions_vs_North_Melbourne,2019,Round 18,2019-07-20 19:25:00,Saturday,Brisbane Lions,North Melbourne,87,75,Brisbane Lions,12,23833,Gabba,False
2019_Round_18_Geelong_vs_Hawthorn,2019,Round 18,2019-07-21 13:10:00,Sunday,Geelong,Hawthorn,61,85,Hawthorn,24,53636,M.C.G.,False
2019_Round_18_Melbourne_vs_West_Coast,2019,Round 18,2019-07-21 14:50:00,Sunday,Melbourne,West Coast,78,91,West Coast,13,7164,Traeger Park,False
2019_Round_18_St_Kilda_vs_Western_Bulldogs,2019,Round 18,2019-07-21 16:40:00,Sunday,St Kilda,Western Bulldogs,116,89,St Kilda,27,21705,Docklands,False
2019_Round_19_Collingwood_vs_Richmond,2019,Round 19,2019-07-26 19:50:00,Friday,Collingwood,Richmond,66,98,Richmond,32,78722,M.C.G.,False
2019_Round_19_Hawthorn_vs_Brisbane_Lions,2019,Round 19,2019-07-27 13:45:00,Saturday,Hawthorn,Brisbane Lions,60,87,Brisbane Lions,27,15157,York Park,False
2019_Round_19_Carlton_vs_Adelaide,2019,Round 19,2019-07-27 14:10:00,Saturday,Carlton,Adelaide,87,60,Carlton,27,38369,M.C.G.,False
2019_Round_19_West_Coast_vs_North_Melbourne,2019,Round 19,2019-07-27 14:35:00,Saturday,West Coast,North Melbourne,121,72,West Coast,49,54376,Perth Stadium,False
2019_Round_19_Port_Adelaide_vs_Greater_Western_Sydney,2019,Round 19,2019-07-27 19:10:00,Saturday,Port Adelaide,Greater Western Sydney,55,56,Greater Western Sydney,1,27591,Adelaide Oval,False
2019_Round_19_St_Kilda_vs_Melbourne,2019,Round 19,2019-07-27 19:25:00,Saturday,St Kilda,Melbourne,104,85,St Kilda,19,22854,Docklands,False
2019_Round_19_Western_Bulldogs_vs_Fremantle,2019,Round 19,2019-07-28 13:10:00,Sunday,Western Bulldogs,Fremantle,113,66,Western Bulldogs,47,21181,Docklands,False
2019_Round_19_Sydney_vs_Geelong,2019,Round 19,2019-07-28 15:20:00,Sunday,Sydney,Geelong,80,107,Geelong,27,32911,S.C.G.,False
2019_Round_19_Gold_Coast_vs_Essendon,2019,Round 19,2019-07-28 16:40:00,Sunday,Gold Coast,Essendon,96,106,Essendon,10,15759,Carrara,False
2019_Round_20_North_Melbourne_vs_Hawthorn,2019,Round 20,2019-08-02 19:50:00,Friday,North Melbourne,Hawthorn,86,64,North Melbourne,22,33226,Docklands,False
2019_Round_20_Essendon_vs_Port_Adelaide,2019,Round 20,2019-08-03 13:45:00,Saturday,Essendon,Port Adelaide,67,126,Port Adelaide,59,42940,Docklands,False
2019_Round_20_Greater_Western_Sydney_vs_Sydney,2019,Round 20,2019-08-03 14:10:00,Saturday,Greater Western Sydney,Sydney,83,81,Greater Western Sydney,2,16116,Sydney Showground,False
2019_Round_20_Fremantle_vs_Geelong,2019,Round 20,2019-08-03 14:35:00,Saturday,Fremantle,Geelong,95,61,Fremantle,34,36310,Perth Stadium,False
2019_Round_20_Adelaide_vs_St_Kilda,2019,Round 20,2019-08-03 19:10:00,Saturday,Adelaide,St Kilda,92,70,Adelaide,22,39984,Adelaide Oval,False
2019_Round_20_Melbourne_vs_Richmond,2019,Round 20,2019-08-03 19:25:00,Saturday,Melbourne,Richmond,60,93,Richmond,33,37254,M.C.G.,False
2019_Round_20_Collingwood_vs_Gold_Coast,2019,Round 20,2019-08-04 13:10:00,Sunday,Collingwood,Gold Coast,120,51,Collingwood,69,33577,M.C.G.,False
2019_Round_20_Carlton_vs_West_Coast,2019,Round 20,2019-08-04 15:20:00,Sunday,Carlton,West Coast,75,99,West Coast,24,32802,Docklands,False
2019_Round_20_Brisbane_Lions_vs_Western_Bulldogs,2019,Round 20,2019-08-04 16:40:00,Sunday,Brisbane Lions,Western Bulldogs,98,80,Brisbane Lions,18,25831,Gabba,False
2019_Round_21_Greater_Western_Sydney_vs_Hawthorn,2019,Round 21,2019-08-09 19:50:00,Friday,Greater Western Sydney,Hawthorn,29,85,Hawthorn,56,11741,Manuka Oval,False
2019_Round_21_Port_Adelaide_vs_Sydney,2019,Round 21,2019-08-10 13:40:00,Saturday,Port Adelaide,Sydney,103,56,Port Adelaide,47,29568,Adelaide Oval,False
2019_Round_21_Melbourne_vs_Collingwood,2019,Round 21,2019-08-10 13:45:00,Saturday,Melbourne,Collingwood,53,70,Collingwood,17,31903,M.C.G.,False
2019_Round_21_Brisbane_Lions_vs_Gold_Coast,2019,Round 21,2019-08-10 16:35:00,Saturday,Brisbane Lions,Gold Coast,144,53,Brisbane Lions,91,22530,Gabba,False
2019_Round_21_Essendon_vs_Western_Bulldogs,2019,Round 21,2019-08-10 19:25:00,Saturday,Essendon,Western Bulldogs,33,137,Western Bulldogs,104,41816,Docklands,False
2019_Round_21_Geelong_vs_North_Melbourne,2019,Round 21,2019-08-10 19:25:00,Saturday,Geelong,North Melbourne,69,14,Geelong,55,21664,Kardinia Park,False
2019_Round_21_St_Kilda_vs_Fremantle,2019,Round 21,2019-08-11 13:10:00,Sunday,St Kilda,Fremantle,72,69,St Kilda,3,17715,Docklands,False
2019_Round_21_Richmond_vs_Carlton,2019,Round 21,2019-08-11 15:20:00,Sunday,Richmond,Carlton,73,45,Richmond,28,51039,M.C.G.,False
2019_Round_21_West_Coast_vs_Adelaide,2019,Round 21,2019-08-11 15:20:00,Sunday,West Coast,Adelaide,90,80,West Coast,10,54994,Perth Stadium,False
2019_Round_22_Melbourne_vs_Sydney,2019,Round 22,2019-08-16 19:50:00,Friday,Melbourne,Sydney,42,95,Sydney,53,23700,M.C.G.,False
2019_Round_22_Carlton_vs_St_Kilda,2019,Round 22,2019-08-17 13:45:00,Saturday,Carlton,St Kilda,78,68,Carlton,10,51786,M.C.G.,False
2019_Round_22_Brisbane_Lions_vs_Geelong,2019,Round 22,2019-08-17 14:10:00,Saturday,Brisbane Lions,Geelong,75,74,Brisbane Lions,1,35608,Gabba,False
2019_Round_22_Adelaide_vs_Collingwood,2019,Round 22,2019-08-17 16:05:00,Saturday,Adelaide,Collingwood,48,114,Collingwood,66,48175,Adelaide Oval,False
2019_Round_22_Fremantle_vs_Essendon,2019,Round 22,2019-08-17 18:10:00,Saturday,Fremantle,Essendon,55,87,Essendon,32,47833,Perth Stadium,False
2019_Round_22_North_Melbourne_vs_Port_Adelaide,2019,Round 22,2019-08-17 19:25:00,Saturday,North Melbourne,Port Adelaide,144,58,North Melbourne,86,17063,Docklands,False
2019_Round_22_Richmond_vs_West_Coast,2019,Round 22,2019-08-18 13:10:00,Sunday,Richmond,West Coast,88,82,Richmond,6,57415,M.C.G.,False
2019_Round_22_Greater_Western_Sydney_vs_Western_Bulldogs,2019,Round 22,2019-08-18 15:20:00,Sunday,Greater Western Sydney,Western Bulldogs,65,126,Western Bulldogs,61,10139,Sydney Showground,False
2019_Round_22_Hawthorn_vs_Gold_Coast,2019,Round 22,2019-08-18 16:40:00,Sunday,Hawthorn,Gold Coast,118,48,Hawthorn,70,31331,Docklands,False
2019_Round_23_Collingwood_vs_Essendon,2019,Round 23,2019-08-23 19:50:00,Friday,Collingwood,Essendon,76,65,Collingwood,11,85405,M.C.G.,False
2019_Round_23_Sydney_vs_St_Kilda,2019,Round 23,2019-08-24 13:45:00,Saturday,Sydney,St Kilda,109,64,Sydney,45,33722,S.C.G.,False
2019_Round_23_North_Melbourne_vs_Melbourne,2019,Round 23,2019-08-24 14:10:00,Saturday,North Melbourne,Melbourne,88,83,North Melbourne,5,8202,Bellerive Oval,False
2019_Round_23_Geelong_vs_Carlton,2019,Round 23,2019-08-24 16:35:00,Saturday,Geelong,Carlton,129,61,Geelong,68,31669,Kardinia Park,False
2019_Round_23_West_Coast_vs_Hawthorn,2019,Round 23,2019-08-24 18:10:00,Saturday,West Coast,Hawthorn,67,105,Hawthorn,38,55859,Perth Stadium,False
2019_Round_23_Gold_Coast_vs_Greater_Western_Sydney,2019,Round 23,2019-08-24 19:25:00,Saturday,Gold Coast,Greater Western Sydney,55,127,Greater Western Sydney,72,7610,Carrara,False
2019_Round_23_Western_Bulldogs_vs_Adelaide,2019,Round 23,2019-08-25 13:10:00,Sunday,Western Bulldogs,Adelaide,121,87,Western Bulldogs,34,9560,Eureka Stadium,False
2019_Round_23_Richmond_vs_Brisbane_Lions,2019,Round 23,2019-08-25 15:20:00,Sunday,Richmond,Brisbane Lions,82,55,Richmond,27,76995,M.C.G.,False
2019_Round_23_Port_Adelaide_vs_Fremantle,2019,Round 23,2019-08-25 16:10:00,Sunday,Port Adelaide,Fremantle,110,67,Port Adelaide,43,27504,Adelaide Oval,False
2019_Elimination_Final_West_Coast_vs_Essendon,2019,Elimination Final,2019-09-05 18:10:00,Thursday,West Coast,Essendon,116,61,West Coast,55,59216,Perth Stadium,True
2019_Qualifying_Final_Geelong_vs_Collingwood,2019,Qualifying Final,2019-09-06 19:50:00,Friday,Geelong,Collingwood,51,61,Collingwood,10,93436,M.C.G.,True
2019_Elimination_Final_Greater_Western_Sydney_vs_Western_Bulldogs,2019,Elimination Final,2019-09-07 15:20:00,Saturday,Greater Western Sydney,Western Bulldogs,113,55,Greater Western Sydney,58,19218,Sydney Showground,True
2019_Qualifying_Final_Brisbane_Lions_vs_Richmond,2019,Qualifying Final,2019-09-07 19:25:00,Saturday,Brisbane Lions,Richmond,65,112,Richmond,47,37478,Gabba,True
2019_Semi_Final_Geelong_vs_West_Coast,2019,Semi Final,2019-09-13 19:50:00,Friday,Geelong,West Coast,88,68,Geelong,20,51813,M.C.G.,True
2019_Semi_Final_Brisbane_Lions_vs_Greater_Western_Sydney,2019,Semi Final,2019-09-14 19:25:00,Saturday,Brisbane Lions,Greater Western Sydney,80,83,Greater Western Sydney,3,30034,Gabba,True
2019_Preliminary_Final_Richmond_vs_Geelong,2019,Preliminary Final,2019-09-20 19:50:00,Friday,Richmond,Geelong,85,66,Richmond,19,94423,M.C.G.,True
2019_Preliminary_Final_Collingwood_vs_Greater_Western_Sydney,2019,Preliminary Final,2019-09-21 16:35:00,Saturday,Collingwood,Greater Western Sydney,52,56,Greater Western Sydney,4,77828,M.C.G.,True
2019_Grand_Final_Richmond_vs_Greater_Western_Sydney,2019,Grand Final,2019-09-28 14:30:00,Saturday,Richmond,Greater Western Sydney,114,25,Richmond,89,100014,M.C.G.,True
2020_Round_2_Port_Adelaide_vs_Adelaide,2020,Round 2,2020-06-13 19:10:00,Saturday,Port Adelaide,Adelaide,110,35,Port Adelaide,75,2240,Adelaide Oval,False
2020_Round_2_Greater_Western_Sydney_vs_North_Melbourne,2020,Round 2,2020-06-14 13:05:00,Sunday,Greater Western Sydney,North Melbourne,60,80,North Melbourne,20,350,Sydney Showground,False
2020_Round_2_Sydney_vs_Essendon,2020,Round 2,2020-06-14 15:35:00,Sunday,Sydney,Essendon,73,79,Essendon,6,337,S.C.G.,False
2020_Round_3_Brisbane_Lions_vs_West_Coast,2020,Round 3,2020-06-20 19:40:00,Saturday,Brisbane Lions,West Coast,74,44,Brisbane Lions,30,1965,Gabba,False
2020_Round_3_Gold_Coast_vs_Adelaide,2020,Round 3,2020-06-21 15:05:00,Sunday,Gold Coast,Adelaide,82,29,Gold Coast,53,1997,Carrara,False
2020_Round_3_Fremantle_vs_Port_Adelaide,2020,Round 3,2020-06-21 20:10:00,Sunday,Fremantle,Port Adelaide,41,70,Port Adelaide,29,180,Carrara,False
2020_Round_4_Sydney_vs_Western_Bulldogs,2020,Round 4,2020-06-25 19:40:00,Thursday,Sydney,Western Bulldogs,39,67,Western Bulldogs,28,605,S.C.G.,False
2020_Round_4_Greater_Western_Sydney_vs_Collingwood,2020,Round 4,2020-06-26 19:50:00,Friday,Greater Western Sydney,Collingwood,66,64,Greater Western Sydney,2,487,Sydney Showground,False
2020_Round_4_Port_Adelaide_vs_West_Coast,2020,Round 4,2020-06-27 13:45:00,Saturday,Port Adelaide,West Coast,89,41,Port Adelaide,48,450,Carrara,False
2020_Round_4_Gold_Coast_vs_Fremantle,2020,Round 4,2020-06-27 19:40:00,Saturday,Gold Coast,Fremantle,64,51,Gold Coast,13,5106,Carrara,False
2020_Round_4_Brisbane_Lions_vs_Adelaide,2020,Round 4,2020-06-28 13:05:00,Sunday,Brisbane Lions,Adelaide,83,46,Brisbane Lions,37,7354,Gabba,False
2020_Round_5_West_Coast_vs_Sydney,2020,Round 5,2020-07-04 13:45:00,Saturday,West Coast,Sydney,77,43,West Coast,34,2238,Carrara,False
2020_Round_5_Brisbane_Lions_vs_Port_Adelaide,2020,Round 5,2020-07-04 19:40:00,Saturday,Brisbane Lions,Port Adelaide,85,48,Brisbane Lions,37,10161,Gabba,False
2020_Round_5_Adelaide_vs_Fremantle,2020,Round 5,2020-07-05 13:05:00,Sunday,Adelaide,Fremantle,34,54,Fremantle,20,418,Carrara,False
2020_Round_5_Greater_Western_Sydney_vs_Hawthorn,2020,Round 5,2020-07-05 18:10:00,Sunday,Greater Western Sydney,Hawthorn,83,49,Greater Western Sydney,34,5674,Sydney Showground,False
2020_Round_6_Geelong_vs_Brisbane_Lions,2020,Round 6,2020-07-09 19:40:00,Thursday,Geelong,Brisbane Lions,73,46,Geelong,27,1311,S.C.G.,False
2020_Round_6_Collingwood_vs_Hawthorn,2020,Round 6,2020-07-10 19:50:00,Friday,Collingwood,Hawthorn,59,27,Collingwood,32,1772,Sydney Showground,False
2020_Round_6_Fremantle_vs_St_Kilda,2020,Round 6,2020-07-11 12:35:00,Saturday,Fremantle,St Kilda,79,73,Fremantle,6,638,Carrara,False
2020_Round_6_West_Coast_vs_Adelaide,2020,Round 6,2020-07-11 15:05:00,Saturday,West Coast,Adelaide,67,34,West Coast,33,210,Gabba,False
2020_Round_6_Melbourne_vs_Gold_Coast,2020,Round 6,2020-07-11 18:05:00,Saturday,Melbourne,Gold Coast,80,63,Melbourne,17,250,Sydney Showground,False
2020_Round_6_Essendon_vs_North_Melbourne,2020,Round 6,2020-07-11 19:40:00,Saturday,Essendon,North Melbourne,67,53,Essendon,14,4271,Carrara,False
2020_Round_6_Port_Adelaide_vs_Greater_Western_Sydney,2020,Round 6,2020-07-12 13:05:00,Sunday,Port Adelaide,Greater Western Sydney,63,46,Port Adelaide,17,368,Carrara,False
2020_Round_6_Richmond_vs_Sydney,2020,Round 6,2020-07-12 15:35:00,Sunday,Richmond,Sydney,34,26,Richmond,8,3606,Gabba,False
2020_Round_6_Carlton_vs_Western_Bulldogs,2020,Round 6,2020-07-12 18:45:00,Sunday,Carlton,Western Bulldogs,103,51,Carlton,52,2178,Carrara,False
2020_Round_7_Geelong_vs_Collingwood,2020,Round 7,2020-07-16 18:10:00,Thursday,Geelong,Collingwood,35,57,Collingwood,22,22077,Perth Stadium,False
2020_Round_7_Essendon_vs_Western_Bulldogs,2020,Round 7,2020-07-17 19:50:00,Friday,Essendon,Western Bulldogs,51,93,Western Bulldogs,42,4949,Carrara,False
2020_Round_7_Greater_Western_Sydney_vs_Brisbane_Lions,2020,Round 7,2020-07-18 13:45:00,Saturday,Greater Western Sydney,Brisbane Lions,68,88,Brisbane Lions,20,3168,Sydney Showground,False
2020_Round_7_Sydney_vs_Gold_Coast,2020,Round 7,2020-07-18 16:35:00,Saturday,Sydney,Gold Coast,60,92,Gold Coast,32,6000,S.C.G.,False
2020_Round_7_Richmond_vs_North_Melbourne,2020,Round 7,2020-07-18 19:40:00,Saturday,Richmond,North Melbourne,77,23,Richmond,54,4337,Carrara,False
2020_Round_7_Carlton_vs_Port_Adelaide,2020,Round 7,2020-07-19 13:05:00,Sunday,Carlton,Port Adelaide,61,64,Port Adelaide,3,3510,Gabba,False
2020_Round_7_Hawthorn_vs_Melbourne,2020,Round 7,2020-07-19 15:35:00,Sunday,Hawthorn,Melbourne,48,91,Melbourne,43,750,Sydney Showground,False
2020_Round_7_Fremantle_vs_West_Coast,2020,Round 7,2020-07-19 16:35:00,Sunday,Fremantle,West Coast,32,62,West Coast,30,25306,Perth Stadium,False
2020_Round_7_Adelaide_vs_St_Kilda,2020,Round 7,2020-07-20 19:10:00,Monday,Adelaide,St Kilda,55,78,St Kilda,23,13579,Adelaide Oval,False
2020_Round_8_Gold_Coast_vs_Western_Bulldogs,2020,Round 8,2020-07-23 19:40:00,Thursday,Gold Coast,Western Bulldogs,46,51,Western Bulldogs,5,4039,Carrara,False
2020_Round_8_Greater_Western_Sydney_vs_Richmond,2020,Round 8,2020-07-24 19:50:00,Friday,Greater Western Sydney,Richmond,62,50,Greater Western Sydney,12,5500,Sydney Showground,False
2020_Round_8_North_Melbourne_vs_Carlton,2020,Round 8,2020-07-25 13:05:00,Saturday,North Melbourne,Carlton,57,64,Carlton,7,3655,Gabba,False
2020_Round_8_Sydney_vs_Hawthorn,2020,Round 8,2020-07-25 15:35:00,Saturday,Sydney,Hawthorn,60,53,Sydney,7,4264,S.C.G.,False
2020_Round_8_Port_Adelaide_vs_St_Kilda,2020,Round 8,2020-07-25 19:10:00,Saturday,Port Adelaide,St Kilda,44,73,St Kilda,29,16727,Adelaide Oval,False
2020_Round_8_Adelaide_vs_Essendon,2020,Round 8,2020-07-26 12:35:00,Sunday,Adelaide,Essendon,59,62,Essendon,3,15155,Adelaide Oval,False
2020_Round_8_West_Coast_vs_Collingwood,2020,Round 8,2020-07-26 13:35:00,Sunday,West Coast,Collingwood,111,45,West Coast,66,24824,Perth Stadium,False
2020_Round_8_Melbourne_vs_Brisbane_Lions,2020,Round 8,2020-07-26 18:10:00,Sunday,Melbourne,Brisbane Lions,49,53,Brisbane Lions,4,3011,Carrara,False
2020_Round_8_Fremantle_vs_Geelong,2020,Round 8,2020-07-27 18:10:00,Monday,Fremantle,Geelong,16,48,Geelong,32,20251,Perth Stadium,False
2020_Round_9_Western_Bulldogs_vs_Richmond,2020,Round 9,2020-07-29 19:10:00,Wednesday,Western Bulldogs,Richmond,49,90,Richmond,41,2824,Carrara,False
2020_Round_9_Melbourne_vs_Port_Adelaide,2020,Round 9,2020-07-30 19:50:00,Thursday,Melbourne,Port Adelaide,32,83,Port Adelaide,51,323,Gabba,False
2020_Round_9_Carlton_vs_Hawthorn,2020,Round 9,2020-07-31 15:40:00,Friday,Carlton,Hawthorn,58,89,Hawthorn,31,12304,Perth Stadium,False
2020_Round_9_Essendon_vs_Brisbane_Lions,2020,Round 9,2020-07-31 20:10:00,Friday,Essendon,Brisbane Lions,28,91,Brisbane Lions,63,4860,Carrara,False
2020_Round_9_North_Melbourne_vs_Adelaide,2020,Round 9,2020-08-01 14:35:00,Saturday,North Melbourne,Adelaide,119,50,North Melbourne,69,522,Carrara,False
2020_Round_9_St_Kilda_vs_Sydney,2020,Round 9,2020-08-01 17:10:00,Saturday,St Kilda,Sydney,101,48,St Kilda,53,2978,Gabba,False
2020_Round_9_West_Coast_vs_Geelong,2020,Round 9,2020-08-01 18:10:00,Saturday,West Coast,Geelong,73,64,West Coast,9,26211,Perth Stadium,False
2020_Round_9_Gold_Coast_vs_Greater_Western_Sydney,2020,Round 9,2020-08-02 15:35:00,Sunday,Gold Coast,Greater Western Sydney,35,61,Greater Western Sydney,26,4363,Carrara,False
2020_Round_9_Fremantle_vs_Collingwood,2020,Round 9,2020-08-02 16:10:00,Sunday,Fremantle,Collingwood,61,49,Fremantle,12,20912,Perth Stadium,False
2020_Round_10_Port_Adelaide_vs_Western_Bulldogs,2020,Round 10,2020-08-03 18:40:00,Monday,Port Adelaide,Western Bulldogs,55,42,Port Adelaide,13,14159,Adelaide Oval,False
2020_Round_10_Richmond_vs_Brisbane_Lions,2020,Round 10,2020-08-04 19:10:00,Tuesday,Richmond,Brisbane Lions,82,41,Richmond,41,5651,Carrara,False
2020_Round_10_Geelong_vs_North_Melbourne,2020,Round 10,2020-08-05 17:40:00,Wednesday,Geelong,North Melbourne,90,57,Geelong,33,2282,Gabba,False
2020_Round_10_Adelaide_vs_Melbourne,2020,Round 10,2020-08-05 19:40:00,Wednesday,Adelaide,Melbourne,37,88,Melbourne,51,12022,Adelaide Oval,False
2020_Round_10_Collingwood_vs_Sydney,2020,Round 10,2020-08-06 17:40:00,Thursday,Collingwood,Sydney,50,41,Collingwood,9,4146,Gabba,False
2020_Round_10_Gold_Coast_vs_St_Kilda,2020,Round 10,2020-08-06 20:10:00,Thursday,Gold Coast,St Kilda,74,78,St Kilda,4,3095,Carrara,False
2020_Round_10_Essendon_vs_Greater_Western_Sydney,2020,Round 10,2020-08-07 19:50:00,Friday,Essendon,Greater Western Sydney,55,59,Greater Western Sydney,4,1178,Carrara,False
2020_Round_11_Port_Adelaide_vs_Richmond,2020,Round 11,2020-08-08 16:05:00,Saturday,Port Adelaide,Richmond,93,72,Port Adelaide,21,10256,Adelaide Oval,False
2020_Round_11_Brisbane_Lions_vs_Western_Bulldogs,2020,Round 11,2020-08-08 19:40:00,Saturday,Brisbane Lions,Western Bulldogs,96,72,Brisbane Lions,24,11061,Gabba,False
2020_Round_11_West_Coast_vs_Carlton,2020,Round 11,2020-08-09 13:35:00,Sunday,West Coast,Carlton,72,50,West Coast,22,19092,Perth Stadium,False
2020_Round_11_Melbourne_vs_North_Melbourne,2020,Round 11,2020-08-09 17:40:00,Sunday,Melbourne,North Melbourne,92,35,Melbourne,57,2172,Adelaide Oval,False
2020_Round_11_St_Kilda_vs_Geelong,2020,Round 11,2020-08-10 18:10:00,Monday,St Kilda,Geelong,34,93,Geelong,59,3903,Gabba,False
2020_Round_11_Fremantle_vs_Hawthorn,2020,Round 11,2020-08-10 18:40:00,Monday,Fremantle,Hawthorn,48,32,Fremantle,16,18512,Perth Stadium,False
2020_Round_11_Adelaide_vs_Collingwood,2020,Round 11,2020-08-11 18:05:00,Tuesday,Adelaide,Collingwood,38,62,Collingwood,24,8577,Adelaide Oval,False
2020_Round_11_Gold_Coast_vs_Essendon,2020,Round 11,2020-08-12 19:10:00,Wednesday,Gold Coast,Essendon,73,73,Draw,0,4303,Carrara,False
2020_Round_12_Sydney_vs_Greater_Western_Sydney,2020,Round 12,2020-08-13 18:10:00,Thursday,Sydney,Greater Western Sydney,66,25,Sydney,41,6464,Perth Stadium,False
2020_Round_12_Geelong_vs_Port_Adelaide,2020,Round 12,2020-08-14 19:50:00,Friday,Geelong,Port Adelaide,91,31,Geelong,60,3378,Carrara,False
2020_Round_12_North_Melbourne_vs_Brisbane_Lions,2020,Round 12,2020-08-15 14:35:00,Saturday,North Melbourne,Brisbane Lions,52,53,Brisbane Lions,1,2722,Carrara,False
2020_Round_12_Melbourne_vs_Collingwood,2020,Round 12,2020-08-15 17:10:00,Saturday,Melbourne,Collingwood,100,44,Melbourne,56,5338,Gabba,False
2020_Round_12_Fremantle_vs_Carlton,2020,Round 12,2020-08-15 18:10:00,Saturday,Fremantle,Carlton,36,40,Carlton,4,24114,Perth Stadium,False
2020_Round_12_Western_Bulldogs_vs_Adelaide,2020,Round 12,2020-08-16 13:05:00,Sunday,Western Bulldogs,Adelaide,111,54,Western Bulldogs,57,613,Carrara,False
2020_Round_12_St_Kilda_vs_Essendon,2020,Round 12,2020-08-16 15:35:00,Sunday,St Kilda,Essendon,68,33,St Kilda,35,4686,Gabba,False
2020_Round_12_West_Coast_vs_Hawthorn,2020,Round 12,2020-08-16 16:10:00,Sunday,West Coast,Hawthorn,81,49,West Coast,32,22870,Perth Stadium,False
2020_Round_12_Richmond_vs_Gold_Coast,2020,Round 12,2020-08-17 19:10:00,Monday,Richmond,Gold Coast,53,32,Richmond,21,4062,Gabba,False
2020_Round_13_Gold_Coast_vs_Carlton,2020,Round 13,2020-08-21 19:20:00,Friday,Gold Coast,Carlton,27,60,Carlton,33,5172,Marrara Oval,False
2020_Round_13_Western_Bulldogs_vs_Melbourne,2020,Round 13,2020-08-22 13:45:00,Saturday,Western Bulldogs,Melbourne,80,52,Western Bulldogs,28,1765,Carrara,False
2020_Round_13_Port_Adelaide_vs_Hawthorn,2020,Round 13,2020-08-22 16:05:00,Saturday,Port Adelaide,Hawthorn,68,58,Port Adelaide,10,11740,Adelaide Oval,False
2020_Round_13_Fremantle_vs_Sydney,2020,Round 13,2020-08-22 18:10:00,Saturday,Fremantle,Sydney,50,19,Fremantle,31,24714,Perth Stadium,False
2020_Round_13_Essendon_vs_Richmond,2020,Round 13,2020-08-22 19:15:00,Saturday,Essendon,Richmond,61,73,Richmond,12,5401,Marrara Oval,False
2020_Round_13_Adelaide_vs_Geelong,2020,Round 13,2020-08-23 12:35:00,Sunday,Adelaide,Geelong,37,65,Geelong,28,10431,Adelaide Oval,False
2020_Round_13_Brisbane_Lions_vs_St_Kilda,2020,Round 13,2020-08-23 15:35:00,Sunday,Brisbane Lions,St Kilda,50,48,Brisbane Lions,2,13750,Gabba,False
2020_Round_13_West_Coast_vs_Greater_Western_Sydney,2020,Round 13,2020-08-23 16:10:00,Sunday,West Coast,Greater Western Sydney,61,49,West Coast,12,27339,Perth Stadium,False
2020_Round_13_Collingwood_vs_North_Melbourne,2020,Round 13,2020-08-24 19:10:00,Monday,Collingwood,North Melbourne,65,35,Collingwood,30,2443,Gabba,False
2020_Round_14_Hawthorn_vs_Essendon,2020,Round 14,2020-08-27 16:10:00,Thursday,Hawthorn,Essendon,71,87,Essendon,16,4973,Adelaide Oval,False
2020_Round_14_Richmond_vs_West_Coast,2020,Round 14,2020-08-27 19:10:00,Thursday,Richmond,West Coast,88,61,Richmond,27,3628,Carrara,False
2020_Round_14_Western_Bulldogs_vs_Geelong,2020,Round 14,2020-08-28 19:50:00,Friday,Western Bulldogs,Geelong,61,72,Geelong,11,2156,Carrara,False
2020_Round_14_Port_Adelaide_vs_Sydney,2020,Round 14,2020-08-29 13:15:00,Saturday,Port Adelaide,Sydney,73,47,Port Adelaide,26,11801,Adelaide Oval,False
2020_Round_14_Fremantle_vs_Greater_Western_Sydney,2020,Round 14,2020-08-29 14:35:00,Saturday,Fremantle,Greater Western Sydney,53,91,Greater Western Sydney,38,24406,Perth Stadium,False
2020_Round_14_Melbourne_vs_St_Kilda,2020,Round 14,2020-08-29 19:10:00,Saturday,Melbourne,St Kilda,52,49,Melbourne,3,1917,Traeger Park,False
2020_Round_14_Carlton_vs_Collingwood,2020,Round 14,2020-08-30 15:35:00,Sunday,Carlton,Collingwood,48,72,Collingwood,24,9033,Gabba,False
2020_Round_14_Gold_Coast_vs_North_Melbourne,2020,Round 14,2020-08-30 18:10:00,Sunday,Gold Coast,North Melbourne,91,28,Gold Coast,63,3353,Carrara,False
2020_Round_15_Hawthorn_vs_Adelaide,2020,Round 15,2020-09-01 17:10:00,Tuesday,Hawthorn,Adelaide,48,83,Adelaide,35,6191,Adelaide Oval,False
2020_Round_15_West_Coast_vs_Essendon,2020,Round 15,2020-09-01 20:10:00,Tuesday,West Coast,Essendon,60,45,West Coast,15,1932,Gabba,False
2020_Round_15_Richmond_vs_Fremantle,2020,Round 15,2020-09-02 19:10:00,Wednesday,Richmond,Fremantle,56,29,Richmond,27,1818,Carrara,False
2020_Round_15_Sydney_vs_Melbourne,2020,Round 15,2020-09-03 16:40:00,Thursday,Sydney,Melbourne,67,46,Sydney,21,3199,Cazaly's Stadium,False
2020_Round_15_Greater_Western_Sydney_vs_Carlton,2020,Round 15,2020-09-03 19:10:00,Thursday,Greater Western Sydney,Carlton,48,39,Greater Western Sydney,9,1469,Carrara,False
2020_Round_15_Brisbane_Lions_vs_Collingwood,2020,Round 15,2020-09-04 19:50:00,Friday,Brisbane Lions,Collingwood,42,34,Brisbane Lions,8,15036,Gabba,False
2020_Round_16_North_Melbourne_vs_Port_Adelaide,2020,Round 16,2020-09-05 19:40:00,Saturday,North Melbourne,Port Adelaide,42,78,Port Adelaide,36,592,Carrara,False
2020_Round_16_St_Kilda_vs_Hawthorn,2020,Round 16,2020-09-06 13:05:00,Sunday,St Kilda,Hawthorn,80,66,St Kilda,14,2740,Carrara,False
2020_Round_16_Geelong_vs_Essendon,2020,Round 16,2020-09-06 15:35:00,Sunday,Geelong,Essendon,108,42,Geelong,66,5011,Gabba,False
2020_Round_16_Western_Bulldogs_vs_West_Coast,2020,Round 16,2020-09-06 18:10:00,Sunday,Western Bulldogs,West Coast,49,47,Western Bulldogs,2,532,Carrara,False
2020_Round_16_Melbourne_vs_Fremantle,2020,Round 16,2020-09-07 19:10:00,Monday,Melbourne,Fremantle,33,47,Fremantle,14,3279,Cazaly's Stadium,False
2020_Round_16_Adelaide_vs_Greater_Western_Sydney,2020,Round 16,2020-09-08 17:10:00,Tuesday,Adelaide,Greater Western Sydney,59,47,Adelaide,12,12436,Adelaide Oval,False
2020_Round_16_Carlton_vs_Sydney,2020,Round 16,2020-09-08 20:10:00,Tuesday,Carlton,Sydney,57,52,Carlton,5,1580,Carrara,False
2020_Round_16_Brisbane_Lions_vs_Gold_Coast,2020,Round 16,2020-09-09 19:10:00,Wednesday,Brisbane Lions,Gold Coast,88,43,Brisbane Lions,45,11292,Gabba,False
2020_Round_17_St_Kilda_vs_West_Coast,2020,Round 17,2020-09-10 19:10:00,Thursday,St Kilda,West Coast,50,65,West Coast,15,1925,Gabba,False
2020_Round_17_Geelong_vs_Richmond,2020,Round 17,2020-09-11 19:50:00,Friday,Geelong,Richmond,31,57,Richmond,26,7061,Carrara,False
2020_Round_17_North_Melbourne_vs_Fremantle,2020,Round 17,2020-09-12 14:10:00,Saturday,North Melbourne,Fremantle,35,99,Fremantle,64,308,Carrara,False
2020_Round_17_Port_Adelaide_vs_Essendon,2020,Round 17,2020-09-12 16:35:00,Saturday,Port Adelaide,Essendon,79,29,Port Adelaide,50,17482,Adelaide Oval,False
2020_Round_17_Greater_Western_Sydney_vs_Melbourne,2020,Round 17,2020-09-12 19:40:00,Saturday,Greater Western Sydney,Melbourne,74,79,Melbourne,5,1204,Gabba,False
2020_Round_17_Carlton_vs_Adelaide,2020,Round 17,2020-09-13 13:05:00,Sunday,Carlton,Adelaide,56,72,Adelaide,16,2735,Carrara,False
2020_Round_17_Hawthorn_vs_Western_Bulldogs,2020,Round 17,2020-09-13 15:05:00,Sunday,Hawthorn,Western Bulldogs,40,76,Western Bulldogs,36,2625,Adelaide Oval,False
2020_Round_17_Sydney_vs_Brisbane_Lions,2020,Round 17,2020-09-13 18:10:00,Sunday,Sydney,Brisbane Lions,41,73,Brisbane Lions,32,3700,Cazaly's Stadium,False
2020_Round_17_Collingwood_vs_Gold_Coast,2020,Round 17,2020-09-14 19:10:00,Monday,Collingwood,Gold Coast,68,46,Collingwood,22,2896,Gabba,False
2020_Round_18_North_Melbourne_vs_West_Coast,2020,Round 18,2020-09-17 19:10:00,Thursday,North Melbourne,West Coast,34,49,West Coast,15,724,Carrara,False
2020_Round_18_St_Kilda_vs_Greater_Western_Sydney,2020,Round 18,2020-09-18 19:50:00,Friday,St Kilda,Greater Western Sydney,82,30,St Kilda,52,1528,Gabba,False
2020_Round_18_Essendon_vs_Melbourne,2020,Round 18,2020-09-19 14:10:00,Saturday,Essendon,Melbourne,49,68,Melbourne,19,2175,Carrara,False
2020_Round_18_Adelaide_vs_Richmond,2020,Round 18,2020-09-19 16:40:00,Saturday,Adelaide,Richmond,33,77,Richmond,44,17710,Adelaide Oval,False
2020_Round_18_Brisbane_Lions_vs_Carlton,2020,Round 18,2020-09-19 19:40:00,Saturday,Brisbane Lions,Carlton,78,61,Brisbane Lions,17,14563,Gabba,False
2020_Round_18_Hawthorn_vs_Gold_Coast,2020,Round 18,2020-09-20 12:35:00,Sunday,Hawthorn,Gold Coast,108,57,Hawthorn,51,2136,Adelaide Oval,False
2020_Round_18_Sydney_vs_Geelong,2020,Round 18,2020-09-20 15:35:00,Sunday,Sydney,Geelong,63,69,Geelong,6,2798,Carrara,False
2020_Round_18_Fremantle_vs_Western_Bulldogs,2020,Round 18,2020-09-20 18:10:00,Sunday,Fremantle,Western Bulldogs,44,74,Western Bulldogs,30,3114,Cazaly's Stadium,False
2020_Round_18_Collingwood_vs_Port_Adelaide,2020,Round 18,2020-09-21 19:15:00,Monday,Collingwood,Port Adelaide,45,61,Port Adelaide,16,5424,Gabba,False
2020_Qualifying_Final_Port_Adelaide_vs_Geelong,2020,Qualifying Final,2020-10-01 19:10:00,Thursday,Port Adelaide,Geelong,58,42,Port Adelaide,16,22755,Adelaide Oval,True
2020_Qualifying_Final_Brisbane_Lions_vs_Richmond,2020,Qualifying Final,2020-10-02 19:50:00,Friday,Brisbane Lions,Richmond,69,54,Brisbane Lions,15,22104,Gabba,True
2020_Elimination_Final_St_Kilda_vs_Western_Bulldogs,2020,Elimination Final,2020-10-03 16:40:00,Saturday,St Kilda,Western Bulldogs,67,64,St Kilda,3,10561,Gabba,True
2020_Elimination_Final_West_Coast_vs_Collingwood,2020,Elimination Final,2020-10-03 18:10:00,Saturday,West Coast,Collingwood,75,76,Collingwood,1,32865,Perth Stadium,True
2020_Semi_Final_Richmond_vs_St_Kilda,2020,Semi Final,2020-10-09 18:50:00,Friday,Richmond,St Kilda,80,49,Richmond,31,13778,Carrara,True
2020_Semi_Final_Geelong_vs_Collingwood,2020,Semi Final,2020-10-10 18:40:00,Saturday,Geelong,Collingwood,100,32,Geelong,68,21396,Gabba,True
2020_Preliminary_Final_Port_Adelaide_vs_Richmond,2020,Preliminary Final,2020-10-16 19:20:00,Friday,Port Adelaide,Richmond,40,46,Richmond,6,24292,Adelaide Oval,True
2020_Preliminary_Final_Brisbane_Lions_vs_Geelong,2020,Preliminary Final,2020-10-17 18:40:00,Saturday,Brisbane Lions,Geelong,42,82,Geelong,40,29121,Gabba,True
2020_Grand_Final_Richmond_vs_Geelong,2020,Grand Final,2020-10-24 18:30:00,Saturday,Richmond,Geelong,81,50,Richmond,31,29707,Gabba,True
2021_Round_1_Richmond_vs_Carlton,2021,Round 1,2021-03-18 19:25:00,Thursday,Richmond,Carlton,105,80,Richmond,25,49218,M.C.G.,False
2021_Round_1_Collingwood_vs_Western_Bulldogs,2021,Round 1,2021-03-19 19:50:00,Friday,Collingwood,Western Bulldogs,53,69,Western Bulldogs,16,46051,M.C.G.,False
2021_Round_1_Melbourne_vs_Fremantle,2021,Round 1,2021-03-20 13:45:00,Saturday,Melbourne,Fremantle,80,58,Melbourne,22,21365,M.C.G.,False
2021_Round_1_Adelaide_vs_Geelong,2021,Round 1,2021-03-20 16:05:00,Saturday,Adelaide,Geelong,103,91,Adelaide,12,26985,Adelaide Oval,False
2021_Round_1_Brisbane_Lions_vs_Sydney,2021,Round 1,2021-03-20 18:45:00,Saturday,Brisbane Lions,Sydney,94,125,Sydney,31,22762,Gabba,False
2021_Round_1_Essendon_vs_Hawthorn,2021,Round 1,2021-03-20 19:25:00,Saturday,Essendon,Hawthorn,91,92,Hawthorn,1,25128,Docklands,False
2021_Round_1_North_Melbourne_vs_Port_Adelaide,2021,Round 1,2021-03-21 13:10:00,Sunday,North Melbourne,Port Adelaide,65,117,Port Adelaide,52,13050,Docklands,False
2021_Round_1_West_Coast_vs_Gold_Coast,2021,Round 1,2021-03-21 15:10:00,Sunday,West Coast,Gold Coast,83,58,West Coast,25,38493,Perth Stadium,False
2021_Round_1_Greater_Western_Sydney_vs_St_Kilda,2021,Round 1,2021-03-21 15:20:00,Sunday,Greater Western Sydney,St Kilda,78,86,St Kilda,8,5014,Sydney Showground,False
2021_Round_2_Carlton_vs_Collingwood,2021,Round 2,2021-03-25 19:20:00,Thursday,Carlton,Collingwood,85,106,Collingwood,21,51723,M.C.G.,False
2021_Round_2_Geelong_vs_Brisbane_Lions,2021,Round 2,2021-03-26 19:50:00,Friday,Geelong,Brisbane Lions,81,80,Geelong,1,20070,Kardinia Park,False
2021_Round_2_Sydney_vs_Adelaide,2021,Round 2,2021-03-27 13:45:00,Saturday,Sydney,Adelaide,121,88,Sydney,33,23946,S.C.G.,False
2021_Round_2_Port_Adelaide_vs_Essendon,2021,Round 2,2021-03-27 16:05:00,Saturday,Port Adelaide,Essendon,119,65,Port Adelaide,54,29978,Adelaide Oval,False
2021_Round_2_Gold_Coast_vs_North_Melbourne,2021,Round 2,2021-03-27 19:10:00,Saturday,Gold Coast,North Melbourne,98,39,Gold Coast,59,6661,Carrara,False
2021_Round_2_St_Kilda_vs_Melbourne,2021,Round 2,2021-03-27 19:25:00,Saturday,St Kilda,Melbourne,73,91,Melbourne,18,25903,Docklands,False
2021_Round_2_Hawthorn_vs_Richmond,2021,Round 2,2021-03-28 13:10:00,Sunday,Hawthorn,Richmond,49,78,Richmond,29,41051,M.C.G.,False
2021_Round_2_Fremantle_vs_Greater_Western_Sydney,2021,Round 2,2021-03-28 15:10:00,Sunday,Fremantle,Greater Western Sydney,87,56,Fremantle,31,27625,Perth Stadium,False
2021_Round_2_Western_Bulldogs_vs_West_Coast,2021,Round 2,2021-03-28 15:20:00,Sunday,Western Bulldogs,West Coast,100,93,Western Bulldogs,7,21391,Docklands,False
2021_Round_3_Collingwood_vs_Brisbane_Lions,2021,Round 3,2021-04-01 19:40:00,Thursday,Collingwood,Brisbane Lions,72,73,Brisbane Lions,1,28057,Docklands,False
2021_Round_3_North_Melbourne_vs_Western_Bulldogs,2021,Round 3,2021-04-02 16:20:00,Friday,North Melbourne,Western Bulldogs,39,167,Western Bulldogs,128,28483,Docklands,False
2021_Round_3_Adelaide_vs_Gold_Coast,2021,Round 3,2021-04-02 19:20:00,Friday,Adelaide,Gold Coast,95,85,Adelaide,10,30175,Adelaide Oval,False
2021_Round_3_Richmond_vs_Sydney,2021,Round 3,2021-04-03 13:45:00,Saturday,Richmond,Sydney,72,117,Sydney,45,43637,M.C.G.,False
2021_Round_3_Essendon_vs_St_Kilda,2021,Round 3,2021-04-03 16:35:00,Saturday,Essendon,St Kilda,143,68,Essendon,75,29234,Docklands,False
2021_Round_3_West_Coast_vs_Port_Adelaide,2021,Round 3,2021-04-03 17:10:00,Saturday,West Coast,Port Adelaide,108,71,West Coast,37,42090,Perth Stadium,False
2021_Round_3_Carlton_vs_Fremantle,2021,Round 3,2021-04-04 15:20:00,Sunday,Carlton,Fremantle,109,64,Carlton,45,24551,Docklands,False
2021_Round_3_Greater_Western_Sydney_vs_Melbourne,2021,Round 3,2021-04-04 18:10:00,Sunday,Greater Western Sydney,Melbourne,68,102,Melbourne,34,9563,Manuka Oval,False
2021_Round_3_Geelong_vs_Hawthorn,2021,Round 3,2021-04-05 15:20:00,Monday,Geelong,Hawthorn,69,64,Geelong,5,50030,M.C.G.,False
2021_Round_4_Sydney_vs_Essendon,2021,Round 4,2021-04-08 19:20:00,Thursday,Sydney,Essendon,83,80,Sydney,3,28039,S.C.G.,False
2021_Round_4_Port_Adelaide_vs_Richmond,2021,Round 4,2021-04-09 19:20:00,Friday,Port Adelaide,Richmond,79,77,Port Adelaide,2,33742,Adelaide Oval,False
2021_Round_4_Western_Bulldogs_vs_Brisbane_Lions,2021,Round 4,2021-04-10 13:35:00,Saturday,Western Bulldogs,Brisbane Lions,73,54,Western Bulldogs,19,7387,Eureka Stadium,False
2021_Round_4_St_Kilda_vs_West_Coast,2021,Round 4,2021-04-10 16:35:00,Saturday,St Kilda,West Coast,102,82,St Kilda,20,16710,Docklands,False
2021_Round_4_Collingwood_vs_Greater_Western_Sydney,2021,Round 4,2021-04-10 19:25:00,Saturday,Collingwood,Greater Western Sydney,60,90,Greater Western Sydney,30,29866,M.C.G.,False
2021_Round_4_Gold_Coast_vs_Carlton,2021,Round 4,2021-04-10 19:25:00,Saturday,Gold Coast,Carlton,59,70,Carlton,11,11618,Carrara,False
2021_Round_4_North_Melbourne_vs_Adelaide,2021,Round 4,2021-04-11 13:10:00,Sunday,North Melbourne,Adelaide,68,109,Adelaide,41,13479,Docklands,False
2021_Round_4_Fremantle_vs_Hawthorn,2021,Round 4,2021-04-11 14:40:00,Sunday,Fremantle,Hawthorn,96,81,Fremantle,15,29490,Perth Stadium,False
2021_Round_4_Melbourne_vs_Geelong,2021,Round 4,2021-04-11 15:20:00,Sunday,Melbourne,Geelong,85,60,Melbourne,25,33728,M.C.G.,False
2021_Round_5_St_Kilda_vs_Richmond,2021,Round 5,2021-04-15 19:20:00,Thursday,St Kilda,Richmond,48,134,Richmond,86,32056,Docklands,False
2021_Round_5_West_Coast_vs_Collingwood,2021,Round 5,2021-04-16 18:10:00,Friday,West Coast,Collingwood,103,76,West Coast,27,54159,Perth Stadium,False
2021_Round_5_Sydney_vs_Greater_Western_Sydney,2021,Round 5,2021-04-17 16:35:00,Saturday,Sydney,Greater Western Sydney,69,71,Greater Western Sydney,2,33541,S.C.G.,False
2021_Round_5_Western_Bulldogs_vs_Gold_Coast,2021,Round 5,2021-04-17 16:35:00,Saturday,Western Bulldogs,Gold Coast,118,56,Western Bulldogs,62,18920,Docklands,False
2021_Round_5_Brisbane_Lions_vs_Essendon,2021,Round 5,2021-04-17 19:25:00,Saturday,Brisbane Lions,Essendon,102,45,Brisbane Lions,57,23544,Gabba,False
2021_Round_5_Carlton_vs_Port_Adelaide,2021,Round 5,2021-04-17 19:25:00,Saturday,Carlton,Port Adelaide,68,96,Port Adelaide,28,32893,M.C.G.,False
2021_Round_5_Adelaide_vs_Fremantle,2021,Round 5,2021-04-18 12:40:00,Sunday,Adelaide,Fremantle,72,84,Fremantle,12,31454,Adelaide Oval,False
2021_Round_5_Hawthorn_vs_Melbourne,2021,Round 5,2021-04-18 15:20:00,Sunday,Hawthorn,Melbourne,54,104,Melbourne,50,36337,M.C.G.,False
2021_Round_5_Geelong_vs_North_Melbourne,2021,Round 5,2021-04-18 16:40:00,Sunday,Geelong,North Melbourne,77,47,Geelong,30,21282,Kardinia Park,False
2021_Round_6_Greater_Western_Sydney_vs_Western_Bulldogs,2021,Round 6,2021-04-23 19:50:00,Friday,Greater Western Sydney,Western Bulldogs,65,104,Western Bulldogs,39,10064,Manuka Oval,False
2021_Round_6_Geelong_vs_West_Coast,2021,Round 6,2021-04-24 13:45:00,Saturday,Geelong,West Coast,136,39,Geelong,97,21282,Kardinia Park,False
2021_Round_6_Gold_Coast_vs_Sydney,2021,Round 6,2021-04-24 13:45:00,Saturday,Gold Coast,Sydney,100,60,Gold Coast,40,9819,Carrara,False
2021_Round_6_Carlton_vs_Brisbane_Lions,2021,Round 6,2021-04-24 16:35:00,Saturday,Carlton,Brisbane Lions,85,103,Brisbane Lions,18,29576,Docklands,False
2021_Round_6_Melbourne_vs_Richmond,2021,Round 6,2021-04-24 19:25:00,Saturday,Melbourne,Richmond,82,48,Melbourne,34,56418,M.C.G.,False
2021_Round_6_Hawthorn_vs_Adelaide,2021,Round 6,2021-04-25 12:30:00,Sunday,Hawthorn,Adelaide,102,99,Hawthorn,3,9007,York Park,False
2021_Round_6_Collingwood_vs_Essendon,2021,Round 6,2021-04-25 15:20:00,Sunday,Collingwood,Essendon,85,109,Essendon,24,78113,M.C.G.,False
2021_Round_6_Port_Adelaide_vs_St_Kilda,2021,Round 6,2021-04-25 18:10:00,Sunday,Port Adelaide,St Kilda,93,39,Port Adelaide,54,33125,Adelaide Oval,False
2021_Round_7_Richmond_vs_Western_Bulldogs,2021,Round 7,2021-04-30 19:50:00,Friday,Richmond,Western Bulldogs,77,55,Richmond,22,52402,M.C.G.,False
2021_Round_7_Adelaide_vs_Greater_Western_Sydney,2021,Round 7,2021-05-01 13:40:00,Saturday,Adelaide,Greater Western Sydney,39,106,Greater Western Sydney,67,28853,Adelaide Oval,False
2021_Round_7_Collingwood_vs_Gold_Coast,2021,Round 7,2021-05-01 13:45:00,Saturday,Collingwood,Gold Coast,55,79,Gold Coast,24,24397,M.C.G.,False
2021_Round_7_St_Kilda_vs_Hawthorn,2021,Round 7,2021-05-01 16:35:00,Saturday,St Kilda,Hawthorn,128,59,St Kilda,69,26433,Docklands,False
2021_Round_7_Brisbane_Lions_vs_Port_Adelaide,2021,Round 7,2021-05-01 19:25:00,Saturday,Brisbane Lions,Port Adelaide,93,44,Brisbane Lions,49,20007,Gabba,False
2021_Round_7_Sydney_vs_Geelong,2021,Round 7,2021-05-01 19:25:00,Saturday,Sydney,Geelong,90,88,Sydney,2,29123,S.C.G.,False
2021_Round_7_North_Melbourne_vs_Melbourne,2021,Round 7,2021-05-02 13:10:00,Sunday,North Melbourne,Melbourne,73,103,Melbourne,30,6009,Bellerive Oval,False
2021_Round_7_Essendon_vs_Carlton,2021,Round 7,2021-05-02 15:20:00,Sunday,Essendon,Carlton,107,123,Carlton,16,57447,M.C.G.,False
2021_Round_8_Richmond_vs_Geelong,2021,Round 8,2021-05-07 19:50:00,Friday,Richmond,Geelong,63,126,Geelong,63,54857,M.C.G.,False
2021_Round_8_Gold_Coast_vs_St_Kilda,2021,Round 8,2021-05-08 13:45:00,Saturday,Gold Coast,St Kilda,54,63,St Kilda,9,9271,Carrara,False
2021_Round_8_Greater_Western_Sydney_vs_Essendon,2021,Round 8,2021-05-08 14:10:00,Saturday,Greater Western Sydney,Essendon,107,105,Greater Western Sydney,2,8526,Sydney Showground,False
2021_Round_8_North_Melbourne_vs_Collingwood,2021,Round 8,2021-05-08 16:35:00,Saturday,North Melbourne,Collingwood,76,94,Collingwood,18,22329,Docklands,False
2021_Round_8_Port_Adelaide_vs_Adelaide,2021,Round 8,2021-05-08 19:10:00,Saturday,Port Adelaide,Adelaide,87,38,Port Adelaide,49,43069,Adelaide Oval,False
2021_Round_8_Melbourne_vs_Sydney,2021,Round 8,2021-05-08 19:25:00,Saturday,Melbourne,Sydney,67,58,Melbourne,9,35567,M.C.G.,False
2021_Round_8_Hawthorn_vs_West_Coast,2021,Round 8,2021-05-09 13:10:00,Sunday,Hawthorn,West Coast,60,98,West Coast,38,15277,M.C.G.,False
2021_Round_8_Western_Bulldogs_vs_Carlton,2021,Round 8,2021-05-09 15:20:00,Sunday,Western Bulldogs,Carlton,107,91,Western Bulldogs,16,27663,Docklands,False
2021_Round_8_Brisbane_Lions_vs_Fremantle,2021,Round 8,2021-05-09 16:40:00,Sunday,Brisbane Lions,Fremantle,95,71,Brisbane Lions,24,15403,Gabba,False
2021_Round_9_St_Kilda_vs_Geelong,2021,Round 9,2021-05-14 19:50:00,Friday,St Kilda,Geelong,47,68,Geelong,21,26712,Docklands,False
2021_Round_9_Sydney_vs_Collingwood,2021,Round 9,2021-05-15 13:45:00,Saturday,Sydney,Collingwood,72,42,Sydney,30,31448,S.C.G.,False
2021_Round_9_Hawthorn_vs_North_Melbourne,2021,Round 9,2021-05-15 14:10:00,Saturday,Hawthorn,North Melbourne,80,87,North Melbourne,7,9121,York Park,False
2021_Round_9_Gold_Coast_vs_Brisbane_Lions,2021,Round 9,2021-05-15 16:35:00,Saturday,Gold Coast,Brisbane Lions,51,124,Brisbane Lions,73,12636,Carrara,False
2021_Round_9_Port_Adelaide_vs_Western_Bulldogs,2021,Round 9,2021-05-15 19:10:00,Saturday,Port Adelaide,Western Bulldogs,77,96,Western Bulldogs,19,32787,Adelaide Oval,False
2021_Round_9_Richmond_vs_Greater_Western_Sydney,2021,Round 9,2021-05-15 19:25:00,Saturday,Richmond,Greater Western Sydney,87,83,Richmond,4,18798,Docklands,False
2021_Round_9_Essendon_vs_Fremantle,2021,Round 9,2021-05-16 13:10:00,Sunday,Essendon,Fremantle,68,61,Essendon,7,26357,Docklands,False
2021_Round_9_West_Coast_vs_Adelaide,2021,Round 9,2021-05-16 14:40:00,Sunday,West Coast,Adelaide,106,76,West Coast,30,43427,Perth Stadium,False
2021_Round_9_Melbourne_vs_Carlton,2021,Round 9,2021-05-16 15:20:00,Sunday,Melbourne,Carlton,94,68,Melbourne,26,38581,M.C.G.,False
2021_Round_10_Brisbane_Lions_vs_Richmond,2021,Round 10,2021-05-21 19:50:00,Friday,Brisbane Lions,Richmond,102,74,Brisbane Lions,28,31127,Gabba,False
2021_Round_10_Carlton_vs_Hawthorn,2021,Round 10,2021-05-22 13:45:00,Saturday,Carlton,Hawthorn,86,63,Carlton,23,45741,M.C.G.,False
2021_Round_10_Geelong_vs_Gold_Coast,2021,Round 10,2021-05-22 14:10:00,Saturday,Geelong,Gold Coast,91,57,Geelong,34,22055,Kardinia Park,False
2021_Round_10_Adelaide_vs_Melbourne,2021,Round 10,2021-05-22 16:05:00,Saturday,Adelaide,Melbourne,96,95,Adelaide,1,31373,Adelaide Oval,False
2021_Round_10_Fremantle_vs_Sydney,2021,Round 10,2021-05-22 17:40:00,Saturday,Fremantle,Sydney,86,84,Fremantle,2,29134,Perth Stadium,False
2021_Round_10_Western_Bulldogs_vs_St_Kilda,2021,Round 10,2021-05-22 19:25:00,Saturday,Western Bulldogs,St Kilda,144,33,Western Bulldogs,111,28720,Docklands,False
2021_Round_10_Greater_Western_Sydney_vs_West_Coast,2021,Round 10,2021-05-23 13:10:00,Sunday,Greater Western Sydney,West Coast,93,77,Greater Western Sydney,16,9046,Sydney Showground,False
2021_Round_10_Collingwood_vs_Port_Adelaide,2021,Round 10,2021-05-23 15:20:00,Sunday,Collingwood,Port Adelaide,58,59,Port Adelaide,1,23415,M.C.G.,False
2021_Round_10_Essendon_vs_North_Melbourne,2021,Round 10,2021-05-23 16:40:00,Sunday,Essendon,North Melbourne,141,69,Essendon,72,33121,Docklands,False
2021_Round_11_Brisbane_Lions_vs_Greater_Western_Sydney,2021,Round 11,2021-05-29 14:10:00,Saturday,Brisbane Lions,Greater Western Sydney,129,65,Brisbane Lions,64,22038,Gabba,False
2021_Round_11_West_Coast_vs_Essendon,2021,Round 11,2021-05-29 17:40:00,Saturday,West Coast,Essendon,71,87,Essendon,16,41883,Perth Stadium,False
2021_Round_11_Gold_Coast_vs_Hawthorn,2021,Round 11,2021-05-29 19:40:00,Saturday,Gold Coast,Hawthorn,113,76,Gold Coast,37,1241,S.C.G.,False
2021_Round_11_Richmond_vs_Adelaide,2021,Round 11,2021-05-30 14:10:00,Sunday,Richmond,Adelaide,111,83,Richmond,28,4236,Sydney Showground,False
2021_Round_11_Sydney_vs_Carlton,2021,Round 11,2021-05-30 15:20:00,Sunday,Sydney,Carlton,100,78,Sydney,22,29882,S.C.G.,False
2021_Round_11_Port_Adelaide_vs_Fremantle,2021,Round 11,2021-05-30 16:50:00,Sunday,Port Adelaide,Fremantle,115,69,Port Adelaide,46,26759,Adelaide Oval,False
2021_Round_12_Melbourne_vs_Brisbane_Lions,2021,Round 12,2021-06-04 19:50:00,Friday,Melbourne,Brisbane Lions,97,75,Melbourne,22,3772,Sydney Showground,False
2021_Round_12_Sydney_vs_St_Kilda,2021,Round 12,2021-06-05 13:45:00,Saturday,Sydney,St Kilda,92,83,Sydney,9,19020,S.C.G.,False
2021_Round_12_Adelaide_vs_Collingwood,2021,Round 12,2021-06-05 16:05:00,Saturday,Adelaide,Collingwood,73,78,Collingwood,5,30446,Adelaide Oval,False
2021_Round_12_Essendon_vs_Richmond,2021,Round 12,2021-06-05 17:40:00,Saturday,Essendon,Richmond,84,123,Richmond,39,55656,Perth Stadium,False
2021_Round_12_Carlton_vs_West_Coast,2021,Round 12,2021-06-06 15:20:00,Sunday,Carlton,West Coast,73,95,West Coast,22,5137,S.C.G.,False
2021_Round_12_Fremantle_vs_Western_Bulldogs,2021,Round 12,2021-06-06 16:40:00,Sunday,Fremantle,Western Bulldogs,65,93,Western Bulldogs,28,32875,Perth Stadium,False
2021_Round_13_Port_Adelaide_vs_Geelong,2021,Round 13,2021-06-10 19:10:00,Thursday,Port Adelaide,Geelong,91,112,Geelong,21,28718,Adelaide Oval,False
2021_Round_13_Sydney_vs_Hawthorn,2021,Round 13,2021-06-11 19:50:00,Friday,Sydney,Hawthorn,51,89,Hawthorn,38,25904,S.C.G.,False
2021_Round_13_Fremantle_vs_Gold_Coast,2021,Round 13,2021-06-12 14:15:00,Saturday,Fremantle,Gold Coast,76,49,Fremantle,27,27318,Perth Stadium,False
2021_Round_13_St_Kilda_vs_Adelaide,2021,Round 13,2021-06-12 19:25:00,Saturday,St Kilda,Adelaide,60,66,Adelaide,6,5969,Cazaly's Stadium,False
2021_Round_13_North_Melbourne_vs_Greater_Western_Sydney,2021,Round 13,2021-06-13 15:20:00,Sunday,North Melbourne,Greater Western Sydney,94,94,Draw,0,3462,Bellerive Oval,False
2021_Round_13_West_Coast_vs_Richmond,2021,Round 13,2021-06-13 17:20:00,Sunday,West Coast,Richmond,85,81,West Coast,4,50834,Perth Stadium,False
2021_Round_13_Melbourne_vs_Collingwood,2021,Round 13,2021-06-14 15:20:00,Monday,Melbourne,Collingwood,63,80,Collingwood,17,16453,S.C.G.,False
2021_Round_14_Geelong_vs_Western_Bulldogs,2021,Round 14,2021-06-18 19:50:00,Friday,Geelong,Western Bulldogs,83,78,Geelong,5,6583,Kardinia Park,False
2021_Round_14_Gold_Coast_vs_Port_Adelaide,2021,Round 14,2021-06-19 13:45:00,Saturday,Gold Coast,Port Adelaide,31,81,Port Adelaide,50,7117,Carrara,False
2021_Round_14_North_Melbourne_vs_Brisbane_Lions,2021,Round 14,2021-06-19 16:35:00,Saturday,North Melbourne,Brisbane Lions,45,68,Brisbane Lions,23,5060,Bellerive Oval,False
2021_Round_14_Greater_Western_Sydney_vs_Carlton,2021,Round 14,2021-06-19 19:25:00,Saturday,Greater Western Sydney,Carlton,102,66,Greater Western Sydney,36,7035,Sydney Showground,False
2021_Round_14_Hawthorn_vs_Essendon,2021,Round 14,2021-06-20 15:20:00,Sunday,Hawthorn,Essendon,73,86,Essendon,13,14834,York Park,False
2021_Round_15_Brisbane_Lions_vs_Geelong,2021,Round 15,2021-06-24 19:30:00,Thursday,Brisbane Lions,Geelong,94,50,Brisbane Lions,44,29024,Gabba,False
2021_Round_15_Richmond_vs_St_Kilda,2021,Round 15,2021-06-25 19:50:00,Friday,Richmond,St Kilda,22,62,St Kilda,40,14787,M.C.G.,False
2021_Round_15_Collingwood_vs_Fremantle,2021,Round 15,2021-06-26 13:45:00,Saturday,Collingwood,Fremantle,79,91,Fremantle,12,11570,Docklands,False
2021_Round_15_North_Melbourne_vs_Gold_Coast,2021,Round 15,2021-06-26 13:45:00,Saturday,North Melbourne,Gold Coast,72,63,North Melbourne,9,6719,Bellerive Oval,False
2021_Round_15_Port_Adelaide_vs_Sydney,2021,Round 15,2021-06-26 16:05:00,Saturday,Port Adelaide,Sydney,81,71,Port Adelaide,10,29631,Adelaide Oval,False
2021_Round_15_Essendon_vs_Melbourne,2021,Round 15,2021-06-26 19:25:00,Saturday,Essendon,Melbourne,57,68,Melbourne,11,19414,M.C.G.,False
2021_Round_15_Greater_Western_Sydney_vs_Hawthorn,2021,Round 15,2021-06-27 13:10:00,Sunday,Greater Western Sydney,Hawthorn,72,90,Hawthorn,18,9897,M.C.G.,False
2021_Round_15_Carlton_vs_Adelaide,2021,Round 15,2021-06-27 16:10:00,Sunday,Carlton,Adelaide,83,73,Carlton,10,14930,Docklands,False
2021_Round_16_Gold_Coast_vs_Richmond,2021,Round 16,2021-07-01 19:20:00,Thursday,Gold Coast,Richmond,77,67,Gold Coast,10,9327,Docklands,False
2021_Round_16_Geelong_vs_Essendon,2021,Round 16,2021-07-02 19:50:00,Friday,Geelong,Essendon,98,57,Geelong,41,15579,Kardinia Park,False
2021_Round_16_Melbourne_vs_Greater_Western_Sydney,2021,Round 16,2021-07-03 13:45:00,Saturday,Melbourne,Greater Western Sydney,55,64,Greater Western Sydney,9,16963,M.C.G.,False
2021_Round_16_Adelaide_vs_Brisbane_Lions,2021,Round 16,2021-07-03 16:05:00,Saturday,Adelaide,Brisbane Lions,59,111,Brisbane Lions,52,16178,Adelaide Oval,False
2021_Round_16_Fremantle_vs_Carlton,2021,Round 16,2021-07-03 19:40:00,Saturday,Fremantle,Carlton,64,80,Carlton,16,12103,M.C.G.,False
2021_Round_16_Hawthorn_vs_Port_Adelaide,2021,Round 16,2021-07-03 19:40:00,Saturday,Hawthorn,Port Adelaide,53,87,Port Adelaide,34,18251,Docklands,False
2021_Round_16_Sydney_vs_West_Coast,2021,Round 16,2021-07-04 13:10:00,Sunday,Sydney,West Coast,118,26,Sydney,92,9520,Kardinia Park,False
2021_Round_16_Collingwood_vs_St_Kilda,2021,Round 16,2021-07-04 15:20:00,Sunday,Collingwood,St Kilda,61,70,St Kilda,9,18082,M.C.G.,False
2021_Round_16_Western_Bulldogs_vs_North_Melbourne,2021,Round 16,2021-07-04 16:40:00,Sunday,Western Bulldogs,North Melbourne,108,79,Western Bulldogs,29,18216,Docklands,False
2021_Round_17_Port_Adelaide_vs_Melbourne,2021,Round 17,2021-07-08 19:10:00,Thursday,Port Adelaide,Melbourne,55,86,Melbourne,31,30908,Adelaide Oval,False
2021_Round_17_Essendon_vs_Adelaide,2021,Round 17,2021-07-09 19:50:00,Friday,Essendon,Adelaide,84,21,Essendon,63,23604,Docklands,False
2021_Round_17_Hawthorn_vs_Fremantle,2021,Round 17,2021-07-10 13:45:00,Saturday,Hawthorn,Fremantle,46,108,Fremantle,62,9111,York Park,False
2021_Round_17_Carlton_vs_Geelong,2021,Round 17,2021-07-10 16:35:00,Saturday,Carlton,Geelong,44,70,Geelong,26,31834,M.C.G.,False
2021_Round_17_Brisbane_Lions_vs_St_Kilda,2021,Round 17,2021-07-10 19:25:00,Saturday,Brisbane Lions,St Kilda,63,95,St Kilda,32,9075,Carrara,False
2021_Round_17_Greater_Western_Sydney_vs_Gold_Coast,2021,Round 17,2021-07-11 12:40:00,Sunday,Greater Western Sydney,Gold Coast,64,65,Gold Coast,1,2952,Eureka Stadium,False
2021_Round_17_Western_Bulldogs_vs_Sydney,2021,Round 17,2021-07-11 15:20:00,Sunday,Western Bulldogs,Sydney,60,79,Sydney,19,24817,Docklands,False
2021_Round_17_Richmond_vs_Collingwood,2021,Round 17,2021-07-11 16:10:00,Sunday,Richmond,Collingwood,71,87,Collingwood,16,29437,M.C.G.,False
2021_Round_17_West_Coast_vs_North_Melbourne,2021,Round 17,2021-07-12 17:40:00,Monday,West Coast,North Melbourne,60,70,North Melbourne,10,30515,Perth Stadium,False
2021_Round_18_Fremantle_vs_Geelong,2021,Round 18,2021-07-15 18:10:00,Thursday,Fremantle,Geelong,31,100,Geelong,69,35271,Perth Stadium,False
2021_Round_18_Richmond_vs_Brisbane_Lions,2021,Round 18,2021-07-16 20:05:00,Friday,Richmond,Brisbane Lions,106,86,Richmond,20,4119,Carrara,False
2021_Round_18_Gold_Coast_vs_Western_Bulldogs,2021,Round 18,2021-07-17 16:35:00,Saturday,Gold Coast,Western Bulldogs,79,90,Western Bulldogs,11,8244,Carrara,False
2021_Round_18_North_Melbourne_vs_Essendon,2021,Round 18,2021-07-18 12:35:00,Sunday,North Melbourne,Essendon,74,92,Essendon,18,5114,Carrara,False
2021_Round_18_Adelaide_vs_West_Coast,2021,Round 18,2021-07-18 16:10:00,Sunday,Adelaide,West Coast,56,98,West Coast,42,24554,Adelaide Oval,False
2021_Round_18_Greater_Western_Sydney_vs_Sydney,2021,Round 18,2021-07-18 18:10:00,Sunday,Greater Western Sydney,Sydney,72,98,Sydney,26,2374,Carrara,False
2021_Round_19_West_Coast_vs_St_Kilda,2021,Round 19,2021-07-24 14:35:00,Saturday,West Coast,St Kilda,94,86,West Coast,8,43657,Perth Stadium,False
2021_Round_19_Brisbane_Lions_vs_Gold_Coast,2021,Round 19,2021-07-24 15:10:00,Saturday,Brisbane Lions,Gold Coast,120,71,Brisbane Lions,49,16660,Gabba,False
2021_Round_19_Sydney_vs_Fremantle,2021,Round 19,2021-07-25 12:30:00,Sunday,Sydney,Fremantle,98,58,Sydney,40,2875,Carrara,False
2021_Round_19_Essendon_vs_Greater_Western_Sydney,2021,Round 19,2021-07-25 18:10:00,Sunday,Essendon,Greater Western Sydney,53,66,Greater Western Sydney,13,2681,Carrara,False
2021_Round_20_North_Melbourne_vs_Geelong,2021,Round 20,2021-07-31 13:15:00,Saturday,North Melbourne,Geelong,42,62,Geelong,20,8033,Bellerive Oval,False
2021_Round_20_Hawthorn_vs_Brisbane_Lions,2021,Round 20,2021-08-01 14:10:00,Sunday,Hawthorn,Brisbane Lions,92,80,Hawthorn,12,5381,York Park,False
2021_Round_20_Fremantle_vs_Richmond,2021,Round 20,2021-08-01 15:10:00,Sunday,Fremantle,Richmond,55,51,Fremantle,4,24979,Perth Stadium,False
2021_Round_21_Adelaide_vs_Port_Adelaide,2021,Round 21,2021-08-07 19:10:00,Saturday,Adelaide,Port Adelaide,51,55,Port Adelaide,4,14736,Adelaide Oval,False
2021_Round_21_Fremantle_vs_Brisbane_Lions,2021,Round 21,2021-08-08 15:10:00,Sunday,Fremantle,Brisbane Lions,54,118,Brisbane Lions,64,29589,Perth Stadium,False
2021_Round_21_West_Coast_vs_Melbourne,2021,Round 21,2021-08-09 18:10:00,Monday,West Coast,Melbourne,63,72,Melbourne,9,31584,Perth Stadium,False
2021_Round_22_Hawthorn_vs_Western_Bulldogs,2021,Round 22,2021-08-14 13:45:00,Saturday,Hawthorn,Western Bulldogs,64,37,Hawthorn,27,7822,York Park,False
2021_Round_22_Port_Adelaide_vs_Carlton,2021,Round 22,2021-08-14 16:05:00,Saturday,Port Adelaide,Carlton,140,45,Port Adelaide,95,13943,Adelaide Oval,False
2021_Round_22_Brisbane_Lions_vs_Collingwood,2021,Round 22,2021-08-14 19:25:00,Saturday,Brisbane Lions,Collingwood,142,57,Brisbane Lions,85,15146,Gabba,False
2021_Round_22_Fremantle_vs_West_Coast,2021,Round 22,2021-08-15 15:10:00,Sunday,Fremantle,West Coast,79,64,Fremantle,15,51692,Perth Stadium,False
2021_Round_23_Brisbane_Lions_vs_West_Coast,2021,Round 23,2021-08-21 16:35:00,Saturday,Brisbane Lions,West Coast,125,87,Brisbane Lions,38,21845,Gabba,False
2021_Round_23_St_Kilda_vs_Fremantle,2021,Round 23,2021-08-22 12:15:00,Sunday,St Kilda,Fremantle,107,49,St Kilda,58,3082,Bellerive Oval,False
2021_Round_23_Adelaide_vs_North_Melbourne,2021,Round 23,2021-08-22 16:10:00,Sunday,Adelaide,North Melbourne,98,54,Adelaide,44,13103,Adelaide Oval,False
2021_Qualifying_Final_Port_Adelaide_vs_Geelong,2021,Qualifying Final,2021-08-27 19:20:00,Friday,Port Adelaide,Geelong,86,43,Port Adelaide,43,19712,Adelaide Oval,True
2021_Elimination_Final_Sydney_vs_Greater_Western_Sydney,2021,Elimination Final,2021-08-28 15:20:00,Saturday,Sydney,Greater Western Sydney,73,74,Greater Western Sydney,1,8635,York Park,True
2021_Qualifying_Final_Melbourne_vs_Brisbane_Lions,2021,Qualifying Final,2021-08-28 19:00:00,Saturday,Melbourne,Brisbane Lions,93,60,Melbourne,33,13784,Adelaide Oval,True
2021_Elimination_Final_Western_Bulldogs_vs_Essendon,2021,Elimination Final,2021-08-29 15:20:00,Sunday,Western Bulldogs,Essendon,85,36,Western Bulldogs,49,9760,York Park,True
2021_Semi_Final_Geelong_vs_Greater_Western_Sydney,2021,Semi Final,2021-09-03 17:50:00,Friday,Geelong,Greater Western Sydney,103,68,Geelong,35,44091,Perth Stadium,True
2021_Semi_Final_Brisbane_Lions_vs_Western_Bulldogs,2021,Semi Final,2021-09-04 19:20:00,Saturday,Brisbane Lions,Western Bulldogs,78,79,Western Bulldogs,1,30647,Gabba,True
2021_Preliminary_Final_Melbourne_vs_Geelong,2021,Preliminary Final,2021-09-10 17:50:00,Friday,Melbourne,Geelong,125,42,Melbourne,83,58599,Perth Stadium,True
2021_Preliminary_Final_Port_Adelaide_vs_Western_Bulldogs,2021,Preliminary Final,2021-09-11 19:10:00,Saturday,Port Adelaide,Western Bulldogs,45,116,Western Bulldogs,71,26400,Adelaide Oval,True
2021_Grand_Final_Melbourne_vs_Western_Bulldogs,2021,Grand Final,2021-09-25 17:15:00,Saturday,Melbourne,Western Bulldogs,140,66,Melbourne,74,61118,Perth Stadium,True
2022_Round_1_Melbourne_vs_Western_Bulldogs,2022,Round 1,2022-03-16 19:10:00,Wednesday,Melbourne,Western Bulldogs,97,71,Melbourne,26,58002,M.C.G.,False
2022_Round_1_Carlton_vs_Richmond,2022,Round 1,2022-03-17 19:25:00,Thursday,Carlton,Richmond,101,76,Carlton,25,72179,M.C.G.,False
2022_Round_1_St_Kilda_vs_Collingwood,2022,Round 1,2022-03-18 19:50:00,Friday,St Kilda,Collingwood,85,102,Collingwood,17,40129,Docklands,False
2022_Round_1_Geelong_vs_Essendon,2022,Round 1,2022-03-19 14:10:00,Saturday,Geelong,Essendon,138,72,Geelong,66,54495,M.C.G.,False
2022_Round_1_Greater_Western_Sydney_vs_Sydney,2022,Round 1,2022-03-19 17:10:00,Saturday,Greater Western Sydney,Sydney,92,112,Sydney,20,25572,Stadium Australia,False
2022_Round_1_Brisbane_Lions_vs_Port_Adelaide,2022,Round 1,2022-03-19 19:10:00,Saturday,Brisbane Lions,Port Adelaide,80,69,Brisbane Lions,11,25100,Gabba,False
2022_Round_1_Hawthorn_vs_North_Melbourne,2022,Round 1,2022-03-20 13:10:00,Sunday,Hawthorn,North Melbourne,78,58,Hawthorn,20,38297,M.C.G.,False
2022_Round_1_Adelaide_vs_Fremantle,2022,Round 1,2022-03-20 15:40:00,Sunday,Adelaide,Fremantle,82,83,Fremantle,1,28186,Adelaide Oval,False
2022_Round_1_West_Coast_vs_Gold_Coast,2022,Round 1,2022-03-20 16:40:00,Sunday,West Coast,Gold Coast,80,107,Gold Coast,27,20932,Perth Stadium,False
2022_Round_2_Western_Bulldogs_vs_Carlton,2022,Round 2,2022-03-24 19:20:00,Thursday,Western Bulldogs,Carlton,90,102,Carlton,12,34961,Docklands,False
2022_Round_2_Sydney_vs_Geelong,2022,Round 2,2022-03-25 19:50:00,Friday,Sydney,Geelong,107,77,Sydney,30,36578,S.C.G.,False
2022_Round_2_Collingwood_vs_Adelaide,2022,Round 2,2022-03-26 13:45:00,Saturday,Collingwood,Adelaide,100,58,Collingwood,42,36843,M.C.G.,False
2022_Round_2_Essendon_vs_Brisbane_Lions,2022,Round 2,2022-03-26 16:35:00,Saturday,Essendon,Brisbane Lions,75,97,Brisbane Lions,22,30631,Docklands,False
2022_Round_2_Gold_Coast_vs_Melbourne,2022,Round 2,2022-03-26 19:00:00,Saturday,Gold Coast,Melbourne,69,82,Melbourne,13,8280,Carrara,False
2022_Round_2_Port_Adelaide_vs_Hawthorn,2022,Round 2,2022-03-26 19:10:00,Saturday,Port Adelaide,Hawthorn,56,120,Hawthorn,64,30267,Adelaide Oval,False
2022_Round_2_North_Melbourne_vs_West_Coast,2022,Round 2,2022-03-27 13:10:00,Sunday,North Melbourne,West Coast,74,59,North Melbourne,15,14204,Docklands,False
2022_Round_2_Fremantle_vs_St_Kilda,2022,Round 2,2022-03-27 15:20:00,Sunday,Fremantle,St Kilda,55,65,St Kilda,10,25284,Perth Stadium,False
2022_Round_2_Richmond_vs_Greater_Western_Sydney,2022,Round 2,2022-03-27 15:20:00,Sunday,Richmond,Greater Western Sydney,109,73,Richmond,36,28813,M.C.G.,False
2022_Round_3_Western_Bulldogs_vs_Sydney,2022,Round 3,2022-03-31 19:20:00,Thursday,Western Bulldogs,Sydney,71,60,Western Bulldogs,11,24327,Docklands,False
2022_Round_3_Melbourne_vs_Essendon,2022,Round 3,2022-04-01 19:20:00,Friday,Melbourne,Essendon,99,70,Melbourne,29,44503,M.C.G.,False
2022_Round_3_Adelaide_vs_Port_Adelaide,2022,Round 3,2022-04-01 19:50:00,Friday,Adelaide,Port Adelaide,96,92,Adelaide,4,39190,Adelaide Oval,False
2022_Round_3_Greater_Western_Sydney_vs_Gold_Coast,2022,Round 3,2022-04-02 16:35:00,Saturday,Greater Western Sydney,Gold Coast,83,57,Greater Western Sydney,26,4014,Sydney Showground,False
2022_Round_3_Brisbane_Lions_vs_North_Melbourne,2022,Round 3,2022-04-02 19:00:00,Saturday,Brisbane Lions,North Melbourne,156,48,Brisbane Lions,108,19817,Gabba,False
2022_Round_3_Collingwood_vs_Geelong,2022,Round 3,2022-04-02 19:25:00,Saturday,Collingwood,Geelong,91,104,Geelong,13,52974,M.C.G.,False
2022_Round_3_Carlton_vs_Hawthorn,2022,Round 3,2022-04-03 13:10:00,Sunday,Carlton,Hawthorn,74,73,Carlton,1,66317,M.C.G.,False
2022_Round_3_St_Kilda_vs_Richmond,2022,Round 3,2022-04-03 15:20:00,Sunday,St Kilda,Richmond,117,84,St Kilda,33,31933,Docklands,False
2022_Round_3_West_Coast_vs_Fremantle,2022,Round 3,2022-04-03 16:20:00,Sunday,West Coast,Fremantle,47,102,Fremantle,55,38920,Perth Stadium,False
2022_Round_4_Port_Adelaide_vs_Melbourne,2022,Round 4,2022-04-07 19:10:00,Thursday,Port Adelaide,Melbourne,36,68,Melbourne,32,23058,Adelaide Oval,False
2022_Round_4_Geelong_vs_Brisbane_Lions,2022,Round 4,2022-04-08 19:50:00,Friday,Geelong,Brisbane Lions,80,70,Geelong,10,20505,Kardinia Park,False
2022_Round_4_Sydney_vs_North_Melbourne,2022,Round 4,2022-04-09 14:40:00,Saturday,Sydney,North Melbourne,86,75,Sydney,11,22307,S.C.G.,False
2022_Round_4_Collingwood_vs_West_Coast,2022,Round 4,2022-04-09 16:35:00,Saturday,Collingwood,West Coast,74,87,West Coast,13,25897,Docklands,False
2022_Round_4_Fremantle_vs_Greater_Western_Sydney,2022,Round 4,2022-04-09 17:25:00,Saturday,Fremantle,Greater Western Sydney,88,54,Fremantle,34,30201,Perth Stadium,False
2022_Round_4_Richmond_vs_Western_Bulldogs,2022,Round 4,2022-04-09 19:25:00,Saturday,Richmond,Western Bulldogs,99,61,Richmond,38,43645,M.C.G.,False
2022_Round_4_Essendon_vs_Adelaide,2022,Round 4,2022-04-10 13:10:00,Sunday,Essendon,Adelaide,103,99,Essendon,4,24906,Docklands,False
2022_Round_4_Hawthorn_vs_St_Kilda,2022,Round 4,2022-04-10 15:20:00,Sunday,Hawthorn,St Kilda,73,142,St Kilda,69,30926,M.C.G.,False
2022_Round_4_Gold_Coast_vs_Carlton,2022,Round 4,2022-04-10 16:10:00,Sunday,Gold Coast,Carlton,92,62,Gold Coast,30,14349,Carrara,False
2022_Round_5_Brisbane_Lions_vs_Collingwood,2022,Round 5,2022-04-14 19:35:00,Thursday,Brisbane Lions,Collingwood,98,91,Brisbane Lions,7,32312,Gabba,False
2022_Round_5_North_Melbourne_vs_Western_Bulldogs,2022,Round 5,2022-04-15 16:20:00,Friday,North Melbourne,Western Bulldogs,71,139,Western Bulldogs,68,32162,Docklands,False
2022_Round_5_West_Coast_vs_Sydney,2022,Round 5,2022-04-15 17:40:00,Friday,West Coast,Sydney,58,121,Sydney,63,42888,Perth Stadium,False
2022_Round_5_St_Kilda_vs_Gold_Coast,2022,Round 5,2022-04-16 13:45:00,Saturday,St Kilda,Gold Coast,87,61,St Kilda,26,18724,Docklands,False
2022_Round_5_Adelaide_vs_Richmond,2022,Round 5,2022-04-16 16:05:00,Saturday,Adelaide,Richmond,101,82,Adelaide,19,33031,Adelaide Oval,False
2022_Round_5_Melbourne_vs_Greater_Western_Sydney,2022,Round 5,2022-04-16 19:25:00,Saturday,Melbourne,Greater Western Sydney,120,53,Melbourne,67,20791,M.C.G.,False
2022_Round_5_Carlton_vs_Port_Adelaide,2022,Round 5,2022-04-17 13:40:00,Sunday,Carlton,Port Adelaide,94,91,Carlton,3,33433,M.C.G.,False
2022_Round_5_Essendon_vs_Fremantle,2022,Round 5,2022-04-17 16:40:00,Sunday,Essendon,Fremantle,59,107,Fremantle,48,23935,Docklands,False
2022_Round_5_Hawthorn_vs_Geelong,2022,Round 5,2022-04-18 15:20:00,Monday,Hawthorn,Geelong,92,80,Hawthorn,12,48030,M.C.G.,False
2022_Round_6_Greater_Western_Sydney_vs_St_Kilda,2022,Round 6,2022-04-22 19:50:00,Friday,Greater Western Sydney,St Kilda,60,77,St Kilda,17,11207,Manuka Oval,False
2022_Round_6_Western_Bulldogs_vs_Adelaide,2022,Round 6,2022-04-23 13:45:00,Saturday,Western Bulldogs,Adelaide,62,63,Adelaide,1,10412,Eureka Stadium,False
2022_Round_6_Port_Adelaide_vs_West_Coast,2022,Round 6,2022-04-23 16:05:00,Saturday,Port Adelaide,West Coast,117,33,Port Adelaide,84,28587,Adelaide Oval,False
2022_Round_6_Fremantle_vs_Carlton,2022,Round 6,2022-04-23 17:40:00,Saturday,Fremantle,Carlton,97,62,Fremantle,35,42302,Perth Stadium,False
2022_Round_6_North_Melbourne_vs_Geelong,2022,Round 6,2022-04-24 13:10:00,Sunday,North Melbourne,Geelong,61,121,Geelong,60,8663,Bellerive Oval,False
2022_Round_6_Gold_Coast_vs_Brisbane_Lions,2022,Round 6,2022-04-24 16:10:00,Sunday,Gold Coast,Brisbane Lions,80,132,Brisbane Lions,52,14897,Carrara,False
2022_Round_6_Richmond_vs_Melbourne,2022,Round 6,2022-04-24 19:25:00,Sunday,Richmond,Melbourne,54,76,Melbourne,22,70334,M.C.G.,False
2022_Round_6_Hawthorn_vs_Sydney,2022,Round 6,2022-04-25 12:30:00,Monday,Hawthorn,Sydney,68,109,Sydney,41,14107,York Park,False
2022_Round_6_Essendon_vs_Collingwood,2022,Round 6,2022-04-25 15:20:00,Monday,Essendon,Collingwood,82,93,Collingwood,11,84205,M.C.G.,False
2022_Round_7_West_Coast_vs_Richmond,2022,Round 7,2022-04-29 18:10:00,Friday,West Coast,Richmond,56,165,Richmond,109,39430,Perth Stadium,False
2022_Round_7_Adelaide_vs_Greater_Western_Sydney,2022,Round 7,2022-04-30 13:40:00,Saturday,Adelaide,Greater Western Sydney,54,113,Greater Western Sydney,59,31811,Adelaide Oval,False
2022_Round_7_Geelong_vs_Fremantle,2022,Round 7,2022-04-30 13:45:00,Saturday,Geelong,Fremantle,66,69,Fremantle,3,20136,Kardinia Park,False
2022_Round_7_Melbourne_vs_Hawthorn,2022,Round 7,2022-04-30 16:35:00,Saturday,Melbourne,Hawthorn,91,81,Melbourne,10,39425,M.C.G.,False
2022_Round_7_Carlton_vs_North_Melbourne,2022,Round 7,2022-04-30 19:25:00,Saturday,Carlton,North Melbourne,114,64,Carlton,50,40129,Docklands,False
2022_Round_7_St_Kilda_vs_Port_Adelaide,2022,Round 7,2022-04-30 19:25:00,Saturday,St Kilda,Port Adelaide,42,43,Port Adelaide,1,6645,Cazaly's Stadium,False
2022_Round_7_Collingwood_vs_Gold_Coast,2022,Round 7,2022-05-01 13:10:00,Sunday,Collingwood,Gold Coast,115,90,Collingwood,25,28916,M.C.G.,False
2022_Round_7_Western_Bulldogs_vs_Essendon,2022,Round 7,2022-05-01 15:20:00,Sunday,Western Bulldogs,Essendon,103,71,Western Bulldogs,32,33677,Docklands,False
2022_Round_7_Sydney_vs_Brisbane_Lions,2022,Round 7,2022-05-01 16:40:00,Sunday,Sydney,Brisbane Lions,89,113,Brisbane Lions,24,30110,S.C.G.,False
2022_Round_8_Fremantle_vs_North_Melbourne,2022,Round 8,2022-05-06 18:40:00,Friday,Fremantle,North Melbourne,102,24,Fremantle,78,37040,Perth Stadium,False
2022_Round_8_Port_Adelaide_vs_Western_Bulldogs,2022,Round 8,2022-05-06 19:00:00,Friday,Port Adelaide,Western Bulldogs,86,69,Port Adelaide,17,29290,Adelaide Oval,False
2022_Round_8_Richmond_vs_Collingwood,2022,Round 8,2022-05-07 13:45:00,Saturday,Richmond,Collingwood,113,86,Richmond,27,64481,M.C.G.,False
2022_Round_8_Sydney_vs_Gold_Coast,2022,Round 8,2022-05-07 13:45:00,Saturday,Sydney,Gold Coast,61,75,Gold Coast,14,20420,S.C.G.,False
2022_Round_8_Greater_Western_Sydney_vs_Geelong,2022,Round 8,2022-05-07 16:35:00,Saturday,Greater Western Sydney,Geelong,35,88,Geelong,53,11661,Manuka Oval,False
2022_Round_8_Brisbane_Lions_vs_West_Coast,2022,Round 8,2022-05-07 19:25:00,Saturday,Brisbane Lions,West Coast,105,30,Brisbane Lions,75,19331,Gabba,False
2022_Round_8_Essendon_vs_Hawthorn,2022,Round 8,2022-05-07 19:25:00,Saturday,Essendon,Hawthorn,108,81,Essendon,27,33042,Docklands,False
2022_Round_8_Melbourne_vs_St_Kilda,2022,Round 8,2022-05-08 13:10:00,Sunday,Melbourne,St Kilda,93,55,Melbourne,38,35767,M.C.G.,False
2022_Round_8_Carlton_vs_Adelaide,2022,Round 8,2022-05-08 16:40:00,Sunday,Carlton,Adelaide,116,68,Carlton,48,25376,Docklands,False
2022_Round_9_Collingwood_vs_Western_Bulldogs,2022,Round 9,2022-05-13 19:50:00,Friday,Collingwood,Western Bulldogs,51,99,Western Bulldogs,48,44029,Docklands,False
2022_Round_9_Hawthorn_vs_Richmond,2022,Round 9,2022-05-14 13:45:00,Saturday,Hawthorn,Richmond,94,117,Richmond,23,40663,M.C.G.,False
2022_Round_9_North_Melbourne_vs_Port_Adelaide,2022,Round 9,2022-05-14 14:10:00,Saturday,North Melbourne,Port Adelaide,46,115,Port Adelaide,69,5114,Bellerive Oval,False
2022_Round_9_St_Kilda_vs_Geelong,2022,Round 9,2022-05-14 16:35:00,Saturday,St Kilda,Geelong,90,80,St Kilda,10,32517,Docklands,False
2022_Round_9_Adelaide_vs_Brisbane_Lions,2022,Round 9,2022-05-14 19:10:00,Saturday,Adelaide,Brisbane Lions,66,102,Brisbane Lions,36,36579,Adelaide Oval,False
2022_Round_9_Sydney_vs_Essendon,2022,Round 9,2022-05-14 19:25:00,Saturday,Sydney,Essendon,105,47,Sydney,58,27464,S.C.G.,False
2022_Round_9_Gold_Coast_vs_Fremantle,2022,Round 9,2022-05-15 13:40:00,Sunday,Gold Coast,Fremantle,69,33,Gold Coast,36,6136,Carrara,False
2022_Round_9_Greater_Western_Sydney_vs_Carlton,2022,Round 9,2022-05-15 15:20:00,Sunday,Greater Western Sydney,Carlton,75,105,Carlton,30,8754,Sydney Showground,False
2022_Round_9_West_Coast_vs_Melbourne,2022,Round 9,2022-05-15 15:20:00,Sunday,West Coast,Melbourne,38,112,Melbourne,74,27488,Perth Stadium,False
2022_Round_10_Carlton_vs_Sydney,2022,Round 10,2022-05-20 19:50:00,Friday,Carlton,Sydney,102,87,Carlton,15,44769,Docklands,False
2022_Round_10_Geelong_vs_Port_Adelaide,2022,Round 10,2022-05-21 13:45:00,Saturday,Geelong,Port Adelaide,82,47,Geelong,35,18721,Kardinia Park,False
2022_Round_10_Western_Bulldogs_vs_Gold_Coast,2022,Round 10,2022-05-21 13:45:00,Saturday,Western Bulldogs,Gold Coast,106,87,Western Bulldogs,19,6040,Eureka Stadium,False
2022_Round_10_North_Melbourne_vs_Melbourne,2022,Round 10,2022-05-21 16:35:00,Saturday,North Melbourne,Melbourne,53,100,Melbourne,47,13422,Docklands,False
2022_Round_10_Adelaide_vs_St_Kilda,2022,Round 10,2022-05-21 19:00:00,Saturday,Adelaide,St Kilda,69,90,St Kilda,21,28783,Adelaide Oval,False
2022_Round_10_Richmond_vs_Essendon,2022,Round 10,2022-05-21 19:30:00,Saturday,Richmond,Essendon,80,48,Richmond,32,70226,M.C.G.,False
2022_Round_10_Greater_Western_Sydney_vs_West_Coast,2022,Round 10,2022-05-22 14:10:00,Sunday,Greater Western Sydney,West Coast,138,86,Greater Western Sydney,52,5057,Sydney Showground,False
2022_Round_10_Fremantle_vs_Collingwood,2022,Round 10,2022-05-22 15:20:00,Sunday,Fremantle,Collingwood,44,80,Collingwood,36,35534,Perth Stadium,False
2022_Round_10_Hawthorn_vs_Brisbane_Lions,2022,Round 10,2022-05-22 15:20:00,Sunday,Hawthorn,Brisbane Lions,117,112,Hawthorn,5,12007,York Park,False
2022_Round_11_Sydney_vs_Richmond,2022,Round 11,2022-05-27 19:50:00,Friday,Sydney,Richmond,106,100,Sydney,6,31387,S.C.G.,False
2022_Round_11_Brisbane_Lions_vs_Greater_Western_Sydney,2022,Round 11,2022-05-28 13:45:00,Saturday,Brisbane Lions,Greater Western Sydney,110,96,Brisbane Lions,14,22068,Gabba,False
2022_Round_11_Geelong_vs_Adelaide,2022,Round 11,2022-05-28 13:45:00,Saturday,Geelong,Adelaide,97,55,Geelong,42,19051,Kardinia Park,False
2022_Round_11_Melbourne_vs_Fremantle,2022,Round 11,2022-05-28 16:35:00,Saturday,Melbourne,Fremantle,56,94,Fremantle,38,29812,M.C.G.,False
2022_Round_11_West_Coast_vs_Western_Bulldogs,2022,Round 11,2022-05-28 17:30:00,Saturday,West Coast,Western Bulldogs,60,161,Western Bulldogs,101,31838,Perth Stadium,False
2022_Round_11_Gold_Coast_vs_Hawthorn,2022,Round 11,2022-05-28 19:10:00,Saturday,Gold Coast,Hawthorn,121,54,Gold Coast,67,7516,Marrara Oval,False
2022_Round_11_St_Kilda_vs_North_Melbourne,2022,Round 11,2022-05-29 13:10:00,Sunday,St Kilda,North Melbourne,103,50,St Kilda,53,23464,Docklands,False
2022_Round_11_Collingwood_vs_Carlton,2022,Round 11,2022-05-29 15:20:00,Sunday,Collingwood,Carlton,79,75,Collingwood,4,80627,M.C.G.,False
2022_Round_11_Port_Adelaide_vs_Essendon,2022,Round 11,2022-05-29 16:10:00,Sunday,Port Adelaide,Essendon,66,50,Port Adelaide,16,25877,Adelaide Oval,False
2022_Round_12_Western_Bulldogs_vs_Geelong,2022,Round 12,2022-06-03 19:50:00,Friday,Western Bulldogs,Geelong,70,83,Geelong,13,34370,Docklands,False
2022_Round_12_Adelaide_vs_West_Coast,2022,Round 12,2022-06-04 13:15:00,Saturday,Adelaide,West Coast,88,57,Adelaide,31,22859,Adelaide Oval,False
2022_Round_12_Gold_Coast_vs_North_Melbourne,2022,Round 12,2022-06-04 16:05:00,Saturday,Gold Coast,North Melbourne,109,47,Gold Coast,62,5523,Marrara Oval,False
2022_Round_12_Melbourne_vs_Sydney,2022,Round 12,2022-06-04 19:25:00,Saturday,Melbourne,Sydney,61,73,Sydney,12,32753,M.C.G.,False
2022_Round_12_Hawthorn_vs_Collingwood,2022,Round 12,2022-06-05 14:10:00,Sunday,Hawthorn,Collingwood,68,72,Collingwood,4,43939,M.C.G.,False
2022_Round_12_Fremantle_vs_Brisbane_Lions,2022,Round 12,2022-06-05 15:20:00,Sunday,Fremantle,Brisbane Lions,99,85,Fremantle,14,47214,Perth Stadium,False
2022_Round_13_Richmond_vs_Port_Adelaide,2022,Round 13,2022-06-09 19:20:00,Thursday,Richmond,Port Adelaide,77,65,Richmond,12,21757,M.C.G.,False
2022_Round_13_Essendon_vs_Carlton,2022,Round 13,2022-06-10 19:50:00,Friday,Essendon,Carlton,54,80,Carlton,26,65440,M.C.G.,False
2022_Round_13_Fremantle_vs_Hawthorn,2022,Round 13,2022-06-11 14:10:00,Saturday,Fremantle,Hawthorn,95,82,Fremantle,13,39428,Perth Stadium,False
2022_Round_13_Brisbane_Lions_vs_St_Kilda,2022,Round 13,2022-06-11 19:25:00,Saturday,Brisbane Lions,St Kilda,78,57,Brisbane Lions,21,26610,Gabba,False
2022_Round_13_North_Melbourne_vs_Greater_Western_Sydney,2022,Round 13,2022-06-12 15:20:00,Sunday,North Melbourne,Greater Western Sydney,53,102,Greater Western Sydney,49,13742,Docklands,False
2022_Round_13_Collingwood_vs_Melbourne,2022,Round 13,2022-06-13 15:20:00,Monday,Collingwood,Melbourne,82,56,Collingwood,26,76059,M.C.G.,False
2022_Round_14_Richmond_vs_Carlton,2022,Round 14,2022-06-16 19:20:00,Thursday,Richmond,Carlton,81,66,Richmond,15,50741,M.C.G.,False
2022_Round_14_St_Kilda_vs_Essendon,2022,Round 14,2022-06-17 19:50:00,Friday,St Kilda,Essendon,72,107,Essendon,35,33274,Docklands,False
2022_Round_14_Port_Adelaide_vs_Sydney,2022,Round 14,2022-06-18 13:15:00,Saturday,Port Adelaide,Sydney,82,59,Port Adelaide,23,30445,Adelaide Oval,False
2022_Round_14_West_Coast_vs_Geelong,2022,Round 14,2022-06-18 14:35:00,Saturday,West Coast,Geelong,63,81,Geelong,18,32526,Perth Stadium,False
2022_Round_14_Greater_Western_Sydney_vs_Western_Bulldogs,2022,Round 14,2022-06-18 19:25:00,Saturday,Greater Western Sydney,Western Bulldogs,105,125,Western Bulldogs,20,6208,Sydney Showground,False
2022_Round_14_Gold_Coast_vs_Adelaide,2022,Round 14,2022-06-19 15:20:00,Sunday,Gold Coast,Adelaide,116,73,Gold Coast,43,10507,Carrara,False
2022_Round_15_Melbourne_vs_Brisbane_Lions,2022,Round 15,2022-06-23 19:20:00,Thursday,Melbourne,Brisbane Lions,117,53,Melbourne,64,37728,M.C.G.,False
2022_Round_15_West_Coast_vs_Essendon,2022,Round 15,2022-06-24 18:40:00,Friday,West Coast,Essendon,107,97,West Coast,10,40933,Perth Stadium,False
2022_Round_15_Western_Bulldogs_vs_Hawthorn,2022,Round 15,2022-06-24 19:00:00,Friday,Western Bulldogs,Hawthorn,125,83,Western Bulldogs,42,32505,Docklands,False
2022_Round_15_Carlton_vs_Fremantle,2022,Round 15,2022-06-25 13:45:00,Saturday,Carlton,Fremantle,81,50,Carlton,31,35441,Docklands,False
2022_Round_15_Geelong_vs_Richmond,2022,Round 15,2022-06-25 16:35:00,Saturday,Geelong,Richmond,89,86,Geelong,3,59335,M.C.G.,False
2022_Round_15_Sydney_vs_St_Kilda,2022,Round 15,2022-06-25 19:25:00,Saturday,Sydney,St Kilda,83,32,Sydney,51,31513,S.C.G.,False
2022_Round_15_North_Melbourne_vs_Adelaide,2022,Round 15,2022-06-26 13:10:00,Sunday,North Melbourne,Adelaide,58,115,Adelaide,57,5072,Bellerive Oval,False
2022_Round_15_Collingwood_vs_Greater_Western_Sydney,2022,Round 15,2022-06-26 15:20:00,Sunday,Collingwood,Greater Western Sydney,88,77,Collingwood,11,30804,M.C.G.,False
2022_Round_15_Port_Adelaide_vs_Gold_Coast,2022,Round 15,2022-06-26 15:40:00,Sunday,Port Adelaide,Gold Coast,93,91,Port Adelaide,2,26241,Adelaide Oval,False
2022_Round_16_Brisbane_Lions_vs_Western_Bulldogs,2022,Round 16,2022-06-30 19:20:00,Thursday,Brisbane Lions,Western Bulldogs,108,67,Brisbane Lions,41,25011,Gabba,False
2022_Round_16_Carlton_vs_St_Kilda,2022,Round 16,2022-07-01 19:50:00,Friday,Carlton,St Kilda,78,93,St Kilda,15,43194,Docklands,False
2022_Round_16_Essendon_vs_Sydney,2022,Round 16,2022-07-02 13:45:00,Saturday,Essendon,Sydney,95,86,Essendon,9,43163,M.C.G.,False
2022_Round_16_Adelaide_vs_Melbourne,2022,Round 16,2022-07-02 16:05:00,Saturday,Adelaide,Melbourne,65,94,Melbourne,29,30702,Adelaide Oval,False
2022_Round_16_Geelong_vs_North_Melbourne,2022,Round 16,2022-07-02 19:25:00,Saturday,Geelong,North Melbourne,144,32,Geelong,112,18091,Kardinia Park,False
2022_Round_16_Gold_Coast_vs_Collingwood,2022,Round 16,2022-07-02 19:25:00,Saturday,Gold Coast,Collingwood,62,67,Collingwood,5,16027,Carrara,False
2022_Round_16_Richmond_vs_West_Coast,2022,Round 16,2022-07-03 14:10:00,Sunday,Richmond,West Coast,128,93,Richmond,35,39391,M.C.G.,False
2022_Round_16_Fremantle_vs_Port_Adelaide,2022,Round 16,2022-07-03 15:20:00,Sunday,Fremantle,Port Adelaide,99,91,Fremantle,8,41326,Perth Stadium,False
2022_Round_16_Greater_Western_Sydney_vs_Hawthorn,2022,Round 16,2022-07-03 15:20:00,Sunday,Greater Western Sydney,Hawthorn,72,50,Greater Western Sydney,22,4812,Sydney Showground,False
2022_Round_17_Geelong_vs_Melbourne,2022,Round 17,2022-07-07 19:20:00,Thursday,Geelong,Melbourne,91,63,Geelong,28,21501,Kardinia Park,False
2022_Round_17_Sydney_vs_Western_Bulldogs,2022,Round 17,2022-07-08 19:50:00,Friday,Sydney,Western Bulldogs,120,67,Sydney,53,22226,S.C.G.,False
2022_Round_17_Collingwood_vs_North_Melbourne,2022,Round 17,2022-07-09 13:45:00,Saturday,Collingwood,North Melbourne,88,81,Collingwood,7,45039,M.C.G.,False
2022_Round_17_Gold_Coast_vs_Richmond,2022,Round 17,2022-07-09 16:35:00,Saturday,Gold Coast,Richmond,94,92,Gold Coast,2,18031,Carrara,False
2022_Round_17_Port_Adelaide_vs_Greater_Western_Sydney,2022,Round 17,2022-07-09 19:00:00,Saturday,Port Adelaide,Greater Western Sydney,84,29,Port Adelaide,55,24744,Adelaide Oval,False
2022_Round_17_St_Kilda_vs_Fremantle,2022,Round 17,2022-07-09 19:25:00,Saturday,St Kilda,Fremantle,70,111,Fremantle,41,21652,Docklands,False
2022_Round_17_Brisbane_Lions_vs_Essendon,2022,Round 17,2022-07-10 13:10:00,Sunday,Brisbane Lions,Essendon,90,100,Essendon,10,29101,Gabba,False
2022_Round_17_West_Coast_vs_Carlton,2022,Round 17,2022-07-10 14:40:00,Sunday,West Coast,Carlton,53,116,Carlton,63,43359,Perth Stadium,False
2022_Round_17_Hawthorn_vs_Adelaide,2022,Round 17,2022-07-10 15:20:00,Sunday,Hawthorn,Adelaide,86,54,Hawthorn,32,18833,Docklands,False
2022_Round_18_Western_Bulldogs_vs_St_Kilda,2022,Round 18,2022-07-15 19:50:00,Friday,Western Bulldogs,St Kilda,84,56,Western Bulldogs,28,25981,Docklands,False
2022_Round_18_Adelaide_vs_Collingwood,2022,Round 18,2022-07-16 13:15:00,Saturday,Adelaide,Collingwood,86,91,Collingwood,5,30110,Adelaide Oval,False
2022_Round_18_Greater_Western_Sydney_vs_Brisbane_Lions,2022,Round 18,2022-07-16 13:45:00,Saturday,Greater Western Sydney,Brisbane Lions,59,99,Brisbane Lions,40,9010,Manuka Oval,False
2022_Round_18_North_Melbourne_vs_Richmond,2022,Round 18,2022-07-16 16:35:00,Saturday,North Melbourne,Richmond,92,88,North Melbourne,4,22666,Docklands,False
2022_Round_18_Fremantle_vs_Sydney,2022,Round 18,2022-07-16 17:30:00,Saturday,Fremantle,Sydney,65,82,Sydney,17,46596,Perth Stadium,False
2022_Round_18_Carlton_vs_Geelong,2022,Round 18,2022-07-16 19:25:00,Saturday,Carlton,Geelong,55,85,Geelong,30,68208,M.C.G.,False
2022_Round_18_Hawthorn_vs_West_Coast,2022,Round 18,2022-07-17 13:10:00,Sunday,Hawthorn,West Coast,102,77,Hawthorn,25,22598,M.C.G.,False
2022_Round_18_Melbourne_vs_Port_Adelaide,2022,Round 18,2022-07-17 14:50:00,Sunday,Melbourne,Port Adelaide,83,69,Melbourne,14,6312,Traeger Park,False
2022_Round_18_Essendon_vs_Gold_Coast,2022,Round 18,2022-07-17 16:40:00,Sunday,Essendon,Gold Coast,103,55,Essendon,48,23484,Docklands,False
2022_Round_19_Richmond_vs_Fremantle,2022,Round 19,2022-07-22 19:50:00,Friday,Richmond,Fremantle,52,52,Draw,0,23549,Docklands,False
2022_Round_19_North_Melbourne_vs_Hawthorn,2022,Round 19,2022-07-23 13:45:00,Saturday,North Melbourne,Hawthorn,75,121,Hawthorn,46,9713,Bellerive Oval,False
2022_Round_19_Sydney_vs_Adelaide,2022,Round 19,2022-07-23 13:45:00,Saturday,Sydney,Adelaide,118,85,Sydney,33,25084,S.C.G.,False
2022_Round_19_Port_Adelaide_vs_Geelong,2022,Round 19,2022-07-23 16:05:00,Saturday,Port Adelaide,Geelong,94,106,Geelong,12,30937,Adelaide Oval,False
2022_Round_19_Brisbane_Lions_vs_Gold_Coast,2022,Round 19,2022-07-23 19:10:00,Saturday,Brisbane Lions,Gold Coast,110,93,Brisbane Lions,17,21467,Gabba,False
2022_Round_19_Western_Bulldogs_vs_Melbourne,2022,Round 19,2022-07-23 19:25:00,Saturday,Western Bulldogs,Melbourne,110,100,Western Bulldogs,10,26501,Docklands,False
2022_Round_19_Carlton_vs_Greater_Western_Sydney,2022,Round 19,2022-07-24 13:10:00,Sunday,Carlton,Greater Western Sydney,90,54,Carlton,36,30295,Docklands,False
2022_Round_19_West_Coast_vs_St_Kilda,2022,Round 19,2022-07-24 14:40:00,Sunday,West Coast,St Kilda,62,90,St Kilda,28,35665,Perth Stadium,False
2022_Round_19_Collingwood_vs_Essendon,2022,Round 19,2022-07-24 15:20:00,Sunday,Collingwood,Essendon,80,76,Collingwood,4,72402,M.C.G.,False
2022_Round_20_Fremantle_vs_Melbourne,2022,Round 20,2022-07-29 18:10:00,Friday,Fremantle,Melbourne,39,85,Melbourne,46,46313,Perth Stadium,False
2022_Round_20_Collingwood_vs_Port_Adelaide,2022,Round 20,2022-07-30 13:45:00,Saturday,Collingwood,Port Adelaide,88,82,Collingwood,6,40716,M.C.G.,False
2022_Round_20_Sydney_vs_Greater_Western_Sydney,2022,Round 20,2022-07-30 14:10:00,Saturday,Sydney,Greater Western Sydney,112,39,Sydney,73,31916,S.C.G.,False
2022_Round_20_St_Kilda_vs_Hawthorn,2022,Round 20,2022-07-30 16:35:00,Saturday,St Kilda,Hawthorn,75,63,St Kilda,12,25348,Docklands,False
2022_Round_20_Adelaide_vs_Carlton,2022,Round 20,2022-07-30 19:00:00,Saturday,Adelaide,Carlton,84,55,Adelaide,29,35666,Adelaide Oval,False
2022_Round_20_Geelong_vs_Western_Bulldogs,2022,Round 20,2022-07-30 19:25:00,Saturday,Geelong,Western Bulldogs,94,66,Geelong,28,22106,Kardinia Park,False
2022_Round_20_Gold_Coast_vs_West_Coast,2022,Round 20,2022-07-31 13:10:00,Sunday,Gold Coast,West Coast,107,104,Gold Coast,3,8282,Carrara,False
2022_Round_20_Richmond_vs_Brisbane_Lions,2022,Round 20,2022-07-31 15:20:00,Sunday,Richmond,Brisbane Lions,104,97,Richmond,7,39056,M.C.G.,False
2022_Round_20_Essendon_vs_North_Melbourne,2022,Round 20,2022-07-31 16:40:00,Sunday,Essendon,North Melbourne,114,66,Essendon,48,29549,Docklands,False
2022_Round_21_Melbourne_vs_Collingwood,2022,Round 21,2022-08-05 19:50:00,Friday,Melbourne,Collingwood,89,96,Collingwood,7,70596,M.C.G.,False
2022_Round_21_Hawthorn_vs_Gold_Coast,2022,Round 21,2022-08-06 13:45:00,Saturday,Hawthorn,Gold Coast,70,63,Hawthorn,7,9022,York Park,False
2022_Round_21_Greater_Western_Sydney_vs_Essendon,2022,Round 21,2022-08-06 14:10:00,Saturday,Greater Western Sydney,Essendon,96,69,Greater Western Sydney,27,7772,Sydney Showground,False
2022_Round_21_Western_Bulldogs_vs_Fremantle,2022,Round 21,2022-08-06 16:35:00,Saturday,Western Bulldogs,Fremantle,78,95,Fremantle,17,24130,Docklands,False
2022_Round_21_Port_Adelaide_vs_Richmond,2022,Round 21,2022-08-06 19:10:00,Saturday,Port Adelaide,Richmond,71,109,Richmond,38,27091,Adelaide Oval,False
2022_Round_21_Geelong_vs_St_Kilda,2022,Round 21,2022-08-06 19:25:00,Saturday,Geelong,St Kilda,110,65,Geelong,45,20583,Kardinia Park,False
2022_Round_21_North_Melbourne_vs_Sydney,2022,Round 21,2022-08-07 13:10:00,Sunday,North Melbourne,Sydney,88,126,Sydney,38,19091,Docklands,False
2022_Round_21_West_Coast_vs_Adelaide,2022,Round 21,2022-08-07 14:10:00,Sunday,West Coast,Adelaide,86,102,Adelaide,16,50117,Perth Stadium,False
2022_Round_21_Brisbane_Lions_vs_Carlton,2022,Round 21,2022-08-07 15:20:00,Sunday,Brisbane Lions,Carlton,114,81,Brisbane Lions,33,31011,Gabba,False
2022_Round_22_St_Kilda_vs_Brisbane_Lions,2022,Round 22,2022-08-12 19:50:00,Friday,St Kilda,Brisbane Lions,66,81,Brisbane Lions,15,22211,Docklands,False
2022_Round_22_Adelaide_vs_North_Melbourne,2022,Round 22,2022-08-13 13:40:00,Saturday,Adelaide,North Melbourne,103,74,Adelaide,29,28802,Adelaide Oval,False
2022_Round_22_Western_Bulldogs_vs_Greater_Western_Sydney,2022,Round 22,2022-08-13 13:45:00,Saturday,Western Bulldogs,Greater Western Sydney,62,57,Western Bulldogs,5,18301,Docklands,False
2022_Round_22_Gold_Coast_vs_Geelong,2022,Round 22,2022-08-13 16:35:00,Saturday,Gold Coast,Geelong,59,119,Geelong,60,14728,Carrara,False
2022_Round_22_Fremantle_vs_West_Coast,2022,Round 22,2022-08-13 17:40:00,Saturday,Fremantle,West Coast,71,47,Fremantle,24,53818,Perth Stadium,False
2022_Round_22_Melbourne_vs_Carlton,2022,Round 22,2022-08-13 19:25:00,Saturday,Melbourne,Carlton,79,74,Melbourne,5,55705,M.C.G.,False
2022_Round_22_Richmond_vs_Hawthorn,2022,Round 22,2022-08-14 13:10:00,Sunday,Richmond,Hawthorn,128,67,Richmond,61,59338,M.C.G.,False
2022_Round_22_Sydney_vs_Collingwood,2022,Round 22,2022-08-14 15:20:00,Sunday,Sydney,Collingwood,77,50,Sydney,27,44659,S.C.G.,False
2022_Round_22_Essendon_vs_Port_Adelaide,2022,Round 22,2022-08-14 16:40:00,Sunday,Essendon,Port Adelaide,62,146,Port Adelaide,84,20568,Docklands,False
2022_Round_23_Brisbane_Lions_vs_Melbourne,2022,Round 23,2022-08-19 19:50:00,Friday,Brisbane Lions,Melbourne,57,115,Melbourne,58,32172,Gabba,False
2022_Round_23_Greater_Western_Sydney_vs_Fremantle,2022,Round 23,2022-08-20 13:45:00,Saturday,Greater Western Sydney,Fremantle,69,89,Fremantle,20,7338,Manuka Oval,False
2022_Round_23_North_Melbourne_vs_Gold_Coast,2022,Round 23,2022-08-20 14:10:00,Saturday,North Melbourne,Gold Coast,47,114,Gold Coast,67,14196,Docklands,False
2022_Round_23_Geelong_vs_West_Coast,2022,Round 23,2022-08-20 16:35:00,Saturday,Geelong,West Coast,131,46,Geelong,85,21098,Kardinia Park,False
2022_Round_23_Port_Adelaide_vs_Adelaide,2022,Round 23,2022-08-20 19:00:00,Saturday,Port Adelaide,Adelaide,111,55,Port Adelaide,56,50090,Adelaide Oval,False
2022_Round_23_Essendon_vs_Richmond,2022,Round 23,2022-08-20 19:25:00,Saturday,Essendon,Richmond,75,141,Richmond,66,58366,M.C.G.,False
2022_Round_23_Hawthorn_vs_Western_Bulldogs,2022,Round 23,2022-08-21 13:10:00,Sunday,Hawthorn,Western Bulldogs,64,87,Western Bulldogs,23,13105,York Park,False
2022_Round_23_Carlton_vs_Collingwood,2022,Round 23,2022-08-21 15:20:00,Sunday,Carlton,Collingwood,74,75,Collingwood,1,88287,M.C.G.,False
2022_Round_23_St_Kilda_vs_Sydney,2022,Round 23,2022-08-21 16:40:00,Sunday,St Kilda,Sydney,74,88,Sydney,14,23344,Docklands,False
2022_Elimination_Final_Brisbane_Lions_vs_Richmond,2022,Elimination Final,2022-09-01 19:20:00,Thursday,Brisbane Lions,Richmond,106,104,Brisbane Lions,2,35013,Gabba,True
2022_Qualifying_Final_Melbourne_vs_Sydney,2022,Qualifying Final,2022-09-02 19:50:00,Friday,Melbourne,Sydney,69,91,Sydney,22,78377,M.C.G.,True
2022_Qualifying_Final_Geelong_vs_Collingwood,2022,Qualifying Final,2022-09-03 16:35:00,Saturday,Geelong,Collingwood,78,72,Geelong,6,91525,M.C.G.,True
2022_Elimination_Final_Fremantle_vs_Western_Bulldogs,2022,Elimination Final,2022-09-03 18:10:00,Saturday,Fremantle,Western Bulldogs,73,60,Fremantle,13,58982,Perth Stadium,True
2022_Semi_Final_Melbourne_vs_Brisbane_Lions,2022,Semi Final,2022-09-09 19:50:00,Friday,Melbourne,Brisbane Lions,79,92,Brisbane Lions,13,62162,M.C.G.,True
2022_Semi_Final_Collingwood_vs_Fremantle,2022,Semi Final,2022-09-10 19:25:00,Saturday,Collingwood,Fremantle,79,59,Collingwood,20,90612,M.C.G.,True
2022_Preliminary_Final_Geelong_vs_Brisbane_Lions,2022,Preliminary Final,2022-09-16 19:50:00,Friday,Geelong,Brisbane Lions,120,49,Geelong,71,77677,M.C.G.,True
2022_Preliminary_Final_Sydney_vs_Collingwood,2022,Preliminary Final,2022-09-17 16:45:00,Saturday,Sydney,Collingwood,95,94,Sydney,1,45608,S.C.G.,True
2022_Grand_Final_Geelong_vs_Sydney,2022,Grand Final,2022-09-24 14:30:00,Saturday,Geelong,Sydney,133,52,Geelong,81,100024,M.C.G.,True
2023_Round_1_Richmond_vs_Carlton,2023,Round 1,2023-03-16 19:20:00,Thursday,Richmond,Carlton,58,58,Draw,0,88084,M.C.G.,False
2023_Round_1_Geelong_vs_Collingwood,2023,Round 1,2023-03-17 19:40:00,Friday,Geelong,Collingwood,103,125,Collingwood,22,86595,M.C.G.,False
2023_Round_1_North_Melbourne_vs_West_Coast,2023,Round 1,2023-03-18 13:45:00,Saturday,North Melbourne,West Coast,87,82,North Melbourne,5,21274,Docklands,False
2023_Round_1_Port_Adelaide_vs_Brisbane_Lions,2023,Round 1,2023-03-18 16:05:00,Saturday,Port Adelaide,Brisbane Lions,126,72,Port Adelaide,54,34255,Adelaide Oval,False
2023_Round_1_Gold_Coast_vs_Sydney,2023,Round 1,2023-03-18 19:00:00,Saturday,Gold Coast,Sydney,61,110,Sydney,49,13648,Carrara,False
2023_Round_1_Melbourne_vs_Western_Bulldogs,2023,Round 1,2023-03-18 19:25:00,Saturday,Melbourne,Western Bulldogs,115,65,Melbourne,50,48103,M.C.G.,False
2023_Round_1_Greater_Western_Sydney_vs_Adelaide,2023,Round 1,2023-03-19 13:10:00,Sunday,Greater Western Sydney,Adelaide,106,90,Greater Western Sydney,16,8169,Sydney Showground,False
2023_Round_1_Hawthorn_vs_Essendon,2023,Round 1,2023-03-19 15:20:00,Sunday,Hawthorn,Essendon,65,124,Essendon,59,68691,M.C.G.,False
2023_Round_1_St_Kilda_vs_Fremantle,2023,Round 1,2023-03-19 16:40:00,Sunday,St Kilda,Fremantle,67,52,St Kilda,15,23429,Docklands,False
2023_Round_2_Carlton_vs_Geelong,2023,Round 2,2023-03-23 19:20:00,Thursday,Carlton,Geelong,90,82,Carlton,8,55861,M.C.G.,False
2023_Round_2_Brisbane_Lions_vs_Melbourne,2023,Round 2,2023-03-24 18:55:00,Friday,Brisbane Lions,Melbourne,93,82,Brisbane Lions,11,30047,Gabba,False
2023_Round_2_Collingwood_vs_Port_Adelaide,2023,Round 2,2023-03-25 13:45:00,Saturday,Collingwood,Port Adelaide,135,64,Collingwood,71,60744,M.C.G.,False
2023_Round_2_Adelaide_vs_Richmond,2023,Round 2,2023-03-25 16:05:00,Saturday,Adelaide,Richmond,76,108,Richmond,32,38492,Adelaide Oval,False
2023_Round_2_Fremantle_vs_North_Melbourne,2023,Round 2,2023-03-25 16:30:00,Saturday,Fremantle,North Melbourne,72,73,North Melbourne,1,40487,Perth Stadium,False
2023_Round_2_Western_Bulldogs_vs_St_Kilda,2023,Round 2,2023-03-25 19:25:00,Saturday,Western Bulldogs,St Kilda,41,92,St Kilda,51,33294,Docklands,False
2023_Round_2_Sydney_vs_Hawthorn,2023,Round 2,2023-03-26 13:10:00,Sunday,Sydney,Hawthorn,118,37,Sydney,81,37052,S.C.G.,False
2023_Round_2_Essendon_vs_Gold_Coast,2023,Round 2,2023-03-26 15:20:00,Sunday,Essendon,Gold Coast,108,80,Essendon,28,32915,Docklands,False
2023_Round_2_West_Coast_vs_Greater_Western_Sydney,2023,Round 2,2023-03-26 15:20:00,Sunday,West Coast,Greater Western Sydney,100,81,West Coast,19,44649,Perth Stadium,False
2023_Round_3_Western_Bulldogs_vs_Brisbane_Lions,2023,Round 3,2023-03-30 19:20:00,Thursday,Western Bulldogs,Brisbane Lions,67,53,Western Bulldogs,14,23665,Docklands,False
2023_Round_3_Collingwood_vs_Richmond,2023,Round 3,2023-03-31 19:50:00,Friday,Collingwood,Richmond,63,49,Collingwood,14,85241,M.C.G.,False
2023_Round_3_Hawthorn_vs_North_Melbourne,2023,Round 3,2023-04-01 13:45:00,Saturday,Hawthorn,North Melbourne,80,61,Hawthorn,19,11007,York Park,False
2023_Round_3_Greater_Western_Sydney_vs_Carlton,2023,Round 3,2023-04-01 16:35:00,Saturday,Greater Western Sydney,Carlton,64,74,Carlton,10,9691,Sydney Showground,False
2023_Round_3_Port_Adelaide_vs_Adelaide,2023,Round 3,2023-04-01 19:00:00,Saturday,Port Adelaide,Adelaide,86,117,Adelaide,31,48962,Adelaide Oval,False
2023_Round_3_St_Kilda_vs_Essendon,2023,Round 3,2023-04-01 19:25:00,Saturday,St Kilda,Essendon,92,74,St Kilda,18,69255,M.C.G.,False
2023_Round_3_Gold_Coast_vs_Geelong,2023,Round 3,2023-04-02 14:10:00,Sunday,Gold Coast,Geelong,73,54,Gold Coast,19,13122,Carrara,False
2023_Round_3_Fremantle_vs_West_Coast,2023,Round 3,2023-04-02 15:20:00,Sunday,Fremantle,West Coast,108,67,Fremantle,41,56090,Perth Stadium,False
2023_Round_3_Melbourne_vs_Sydney,2023,Round 3,2023-04-02 15:20:00,Sunday,Melbourne,Sydney,134,84,Melbourne,50,42423,M.C.G.,False
2023_Round_4_Brisbane_Lions_vs_Collingwood,2023,Round 4,2023-04-06 19:35:00,Thursday,Brisbane Lions,Collingwood,116,83,Brisbane Lions,33,33565,Gabba,False
2023_Round_4_North_Melbourne_vs_Carlton,2023,Round 4,2023-04-07 16:20:00,Friday,North Melbourne,Carlton,84,107,Carlton,23,49062,Docklands,False
2023_Round_4_Adelaide_vs_Fremantle,2023,Round 4,2023-04-08 13:15:00,Saturday,Adelaide,Fremantle,111,72,Adelaide,39,33725,Adelaide Oval,False
2023_Round_4_Richmond_vs_Western_Bulldogs,2023,Round 4,2023-04-08 16:35:00,Saturday,Richmond,Western Bulldogs,84,89,Western Bulldogs,5,56449,M.C.G.,False
2023_Round_4_St_Kilda_vs_Gold_Coast,2023,Round 4,2023-04-08 19:30:00,Saturday,St Kilda,Gold Coast,113,60,St Kilda,53,21049,Docklands,False
2023_Round_4_Sydney_vs_Port_Adelaide,2023,Round 4,2023-04-08 19:30:00,Saturday,Sydney,Port Adelaide,64,66,Port Adelaide,2,31686,S.C.G.,False
2023_Round_4_Essendon_vs_Greater_Western_Sydney,2023,Round 4,2023-04-09 14:10:00,Sunday,Essendon,Greater Western Sydney,88,75,Essendon,13,28815,Docklands,False
2023_Round_4_West_Coast_vs_Melbourne,2023,Round 4,2023-04-09 15:20:00,Sunday,West Coast,Melbourne,63,126,Melbourne,63,42458,Perth Stadium,False
2023_Round_4_Geelong_vs_Hawthorn,2023,Round 4,2023-04-10 15:20:00,Monday,Geelong,Hawthorn,127,45,Geelong,82,65335,M.C.G.,False
2023_Round_5_Adelaide_vs_Carlton,2023,Round 5,2023-04-13 19:10:00,Thursday,Adelaide,Carlton,118,62,Adelaide,56,47395,Adelaide Oval,False
2023_Round_5_Fremantle_vs_Gold_Coast,2023,Round 5,2023-04-14 16:40:00,Friday,Fremantle,Gold Coast,100,90,Fremantle,10,9329,Norwood Oval,False
2023_Round_5_Richmond_vs_Sydney,2023,Round 5,2023-04-14 19:40:00,Friday,Richmond,Sydney,78,122,Sydney,44,42134,Adelaide Oval,False
2023_Round_5_Brisbane_Lions_vs_North_Melbourne,2023,Round 5,2023-04-15 12:40:00,Saturday,Brisbane Lions,North Melbourne,152,77,Brisbane Lions,75,7329,Summit Sports Park,False
2023_Round_5_Essendon_vs_Melbourne,2023,Round 5,2023-04-15 15:40:00,Saturday,Essendon,Melbourne,104,77,Essendon,27,33832,Adelaide Oval,False
2023_Round_5_Port_Adelaide_vs_Western_Bulldogs,2023,Round 5,2023-04-15 19:20:00,Saturday,Port Adelaide,Western Bulldogs,70,56,Port Adelaide,14,45115,Adelaide Oval,False
2023_Round_5_Geelong_vs_West_Coast,2023,Round 5,2023-04-16 12:40:00,Sunday,Geelong,West Coast,136,89,Geelong,47,30120,Adelaide Oval,False
2023_Round_5_Greater_Western_Sydney_vs_Hawthorn,2023,Round 5,2023-04-16 14:50:00,Sunday,Greater Western Sydney,Hawthorn,77,75,Greater Western Sydney,2,9057,Norwood Oval,False
2023_Round_5_Collingwood_vs_St_Kilda,2023,Round 5,2023-04-16 16:20:00,Sunday,Collingwood,St Kilda,70,64,Collingwood,6,43976,Adelaide Oval,False
2023_Round_6_Fremantle_vs_Western_Bulldogs,2023,Round 6,2023-04-21 18:10:00,Friday,Fremantle,Western Bulldogs,69,118,Western Bulldogs,49,47503,Perth Stadium,False
2023_Round_6_Port_Adelaide_vs_West_Coast,2023,Round 6,2023-04-22 13:15:00,Saturday,Port Adelaide,West Coast,109,69,Port Adelaide,40,31638,Adelaide Oval,False
2023_Round_6_Greater_Western_Sydney_vs_Brisbane_Lions,2023,Round 6,2023-04-22 16:35:00,Saturday,Greater Western Sydney,Brisbane Lions,87,108,Brisbane Lions,21,10461,Manuka Oval,False
2023_Round_6_Geelong_vs_Sydney,2023,Round 6,2023-04-22 19:25:00,Saturday,Geelong,Sydney,130,37,Geelong,93,23134,Kardinia Park,False
2023_Round_6_Hawthorn_vs_Adelaide,2023,Round 6,2023-04-23 13:10:00,Sunday,Hawthorn,Adelaide,76,79,Adelaide,3,10119,York Park,False
2023_Round_6_Carlton_vs_St_Kilda,2023,Round 6,2023-04-23 15:20:00,Sunday,Carlton,St Kilda,60,82,St Kilda,22,45770,Docklands,False
2023_Round_6_Gold_Coast_vs_North_Melbourne,2023,Round 6,2023-04-23 16:40:00,Sunday,Gold Coast,North Melbourne,97,54,Gold Coast,43,9672,Carrara,False
2023_Round_6_Melbourne_vs_Richmond,2023,Round 6,2023-04-24 19:25:00,Monday,Melbourne,Richmond,96,78,Melbourne,18,83985,M.C.G.,False
2023_Round_6_Collingwood_vs_Essendon,2023,Round 6,2023-04-25 15:20:00,Tuesday,Collingwood,Essendon,90,77,Collingwood,13,95179,M.C.G.,False
2023_Round_7_St_Kilda_vs_Port_Adelaide,2023,Round 7,2023-04-28 19:50:00,Friday,St Kilda,Port Adelaide,76,83,Port Adelaide,7,25845,Docklands,False
2023_Round_7_Brisbane_Lions_vs_Fremantle,2023,Round 7,2023-04-29 13:45:00,Saturday,Brisbane Lions,Fremantle,115,67,Brisbane Lions,48,25528,Gabba,False
2023_Round_7_Sydney_vs_Greater_Western_Sydney,2023,Round 7,2023-04-29 14:10:00,Saturday,Sydney,Greater Western Sydney,106,107,Greater Western Sydney,1,31615,S.C.G.,False
2023_Round_7_Western_Bulldogs_vs_Hawthorn,2023,Round 7,2023-04-29 16:35:00,Saturday,Western Bulldogs,Hawthorn,94,65,Western Bulldogs,29,40119,Docklands,False
2023_Round_7_West_Coast_vs_Carlton,2023,Round 7,2023-04-29 17:30:00,Saturday,West Coast,Carlton,44,152,Carlton,108,47940,Perth Stadium,False
2023_Round_7_Melbourne_vs_North_Melbourne,2023,Round 7,2023-04-29 19:25:00,Saturday,Melbourne,North Melbourne,139,49,Melbourne,90,29455,M.C.G.,False
2023_Round_7_Essendon_vs_Geelong,2023,Round 7,2023-04-30 13:10:00,Sunday,Essendon,Geelong,104,132,Geelong,28,67457,M.C.G.,False
2023_Round_7_Richmond_vs_Gold_Coast,2023,Round 7,2023-04-30 15:20:00,Sunday,Richmond,Gold Coast,48,72,Gold Coast,24,23664,Docklands,False
2023_Round_7_Adelaide_vs_Collingwood,2023,Round 7,2023-04-30 16:10:00,Sunday,Adelaide,Collingwood,58,59,Collingwood,1,43942,Adelaide Oval,False
2023_Round_8_Carlton_vs_Brisbane_Lions,2023,Round 8,2023-05-05 19:50:00,Friday,Carlton,Brisbane Lions,74,100,Brisbane Lions,26,45458,Docklands,False
2023_Round_8_Richmond_vs_West_Coast,2023,Round 8,2023-05-06 13:45:00,Saturday,Richmond,West Coast,104,58,Richmond,46,28293,M.C.G.,False
2023_Round_8_Geelong_vs_Adelaide,2023,Round 8,2023-05-06 14:10:00,Saturday,Geelong,Adelaide,98,72,Geelong,26,21415,Kardinia Park,False
2023_Round_8_Gold_Coast_vs_Melbourne,2023,Round 8,2023-05-06 16:35:00,Saturday,Gold Coast,Melbourne,85,90,Melbourne,5,11440,Carrara,False
2023_Round_8_Fremantle_vs_Hawthorn,2023,Round 8,2023-05-06 17:30:00,Saturday,Fremantle,Hawthorn,117,48,Fremantle,69,37160,Perth Stadium,False
2023_Round_8_Greater_Western_Sydney_vs_Western_Bulldogs,2023,Round 8,2023-05-06 19:30:00,Saturday,Greater Western Sydney,Western Bulldogs,71,86,Western Bulldogs,15,10039,Manuka Oval,False
2023_Round_8_Port_Adelaide_vs_Essendon,2023,Round 8,2023-05-07 12:40:00,Sunday,Port Adelaide,Essendon,92,87,Port Adelaide,5,36247,Adelaide Oval,False
2023_Round_8_Collingwood_vs_Sydney,2023,Round 8,2023-05-07 15:20:00,Sunday,Collingwood,Sydney,77,48,Collingwood,29,71463,M.C.G.,False
2023_Round_8_North_Melbourne_vs_St_Kilda,2023,Round 8,2023-05-07 16:40:00,Sunday,North Melbourne,St Kilda,34,64,St Kilda,30,22065,Docklands,False
2023_Round_9_West_Coast_vs_Gold_Coast,2023,Round 9,2023-05-12 18:40:00,Friday,West Coast,Gold Coast,43,113,Gold Coast,70,36219,Perth Stadium,False
2023_Round_9_Richmond_vs_Geelong,2023,Round 9,2023-05-12 19:20:00,Friday,Richmond,Geelong,102,78,Richmond,24,58141,M.C.G.,False
2023_Round_9_Sydney_vs_Fremantle,2023,Round 9,2023-05-13 13:45:00,Saturday,Sydney,Fremantle,86,103,Fremantle,17,28927,S.C.G.,False
2023_Round_9_North_Melbourne_vs_Port_Adelaide,2023,Round 9,2023-05-13 14:10:00,Saturday,North Melbourne,Port Adelaide,65,135,Port Adelaide,70,6310,Bellerive Oval,False
2023_Round_9_Hawthorn_vs_Melbourne,2023,Round 9,2023-05-13 16:35:00,Saturday,Hawthorn,Melbourne,49,103,Melbourne,54,39818,M.C.G.,False
2023_Round_9_Brisbane_Lions_vs_Essendon,2023,Round 9,2023-05-13 19:25:00,Saturday,Brisbane Lions,Essendon,87,45,Brisbane Lions,42,31898,Gabba,False
2023_Round_9_Carlton_vs_Western_Bulldogs,2023,Round 9,2023-05-13 19:30:00,Saturday,Carlton,Western Bulldogs,59,79,Western Bulldogs,20,42756,Docklands,False
2023_Round_9_Adelaide_vs_St_Kilda,2023,Round 9,2023-05-14 12:40:00,Sunday,Adelaide,St Kilda,121,69,Adelaide,52,33805,Adelaide Oval,False
2023_Round_9_Collingwood_vs_Greater_Western_Sydney,2023,Round 9,2023-05-14 16:40:00,Sunday,Collingwood,Greater Western Sydney,120,55,Collingwood,65,37631,M.C.G.,False
2023_Round_10_Port_Adelaide_vs_Melbourne,2023,Round 10,2023-05-19 19:20:00,Friday,Port Adelaide,Melbourne,80,76,Port Adelaide,4,37565,Adelaide Oval,False
2023_Round_10_North_Melbourne_vs_Sydney,2023,Round 10,2023-05-20 13:45:00,Saturday,North Melbourne,Sydney,90,93,Sydney,3,21003,Docklands,False
2023_Round_10_Western_Bulldogs_vs_Adelaide,2023,Round 10,2023-05-20 14:10:00,Saturday,Western Bulldogs,Adelaide,85,40,Western Bulldogs,45,10114,Eureka Stadium,False
2023_Round_10_Fremantle_vs_Geelong,2023,Round 10,2023-05-20 14:35:00,Saturday,Fremantle,Geelong,106,77,Fremantle,29,45811,Perth Stadium,False
2023_Round_10_Brisbane_Lions_vs_Gold_Coast,2023,Round 10,2023-05-20 19:30:00,Saturday,Brisbane Lions,Gold Coast,107,64,Brisbane Lions,43,23286,Gabba,False
2023_Round_10_Essendon_vs_Richmond,2023,Round 10,2023-05-20 19:40:00,Saturday,Essendon,Richmond,71,70,Essendon,1,78300,M.C.G.,False
2023_Round_10_Hawthorn_vs_West_Coast,2023,Round 10,2023-05-21 13:10:00,Sunday,Hawthorn,West Coast,142,26,Hawthorn,116,9135,York Park,False
2023_Round_10_Carlton_vs_Collingwood,2023,Round 10,2023-05-21 15:20:00,Sunday,Carlton,Collingwood,57,85,Collingwood,28,80354,M.C.G.,False
2023_Round_10_Greater_Western_Sydney_vs_St_Kilda,2023,Round 10,2023-05-21 16:40:00,Sunday,Greater Western Sydney,St Kilda,80,92,St Kilda,12,7508,Sydney Showground,False
2023_Round_11_Sydney_vs_Carlton,2023,Round 11,2023-05-26 19:50:00,Friday,Sydney,Carlton,77,51,Sydney,26,36310,S.C.G.,False
2023_Round_11_St_Kilda_vs_Hawthorn,2023,Round 11,2023-05-27 13:45:00,Saturday,St Kilda,Hawthorn,78,88,Hawthorn,10,32022,Docklands,False
2023_Round_11_Melbourne_vs_Fremantle,2023,Round 11,2023-05-27 14:10:00,Saturday,Melbourne,Fremantle,72,79,Fremantle,7,29154,M.C.G.,False
2023_Round_11_Geelong_vs_Greater_Western_Sydney,2023,Round 11,2023-05-27 16:35:00,Saturday,Geelong,Greater Western Sydney,74,81,Greater Western Sydney,7,21349,Kardinia Park,False
2023_Round_11_West_Coast_vs_Essendon,2023,Round 11,2023-05-27 17:40:00,Saturday,West Coast,Essendon,46,96,Essendon,50,39269,Perth Stadium,False
2023_Round_11_Gold_Coast_vs_Western_Bulldogs,2023,Round 11,2023-05-27 18:55:00,Saturday,Gold Coast,Western Bulldogs,84,77,Gold Coast,7,9316,Marrara Oval,False
2023_Round_11_Richmond_vs_Port_Adelaide,2023,Round 11,2023-05-28 13:10:00,Sunday,Richmond,Port Adelaide,67,77,Port Adelaide,10,30357,M.C.G.,False
2023_Round_11_Collingwood_vs_North_Melbourne,2023,Round 11,2023-05-28 15:20:00,Sunday,Collingwood,North Melbourne,105,70,Collingwood,35,39467,Docklands,False
2023_Round_11_Adelaide_vs_Brisbane_Lions,2023,Round 11,2023-05-28 16:10:00,Sunday,Adelaide,Brisbane Lions,95,78,Adelaide,17,33188,Adelaide Oval,False
2023_Round_12_Melbourne_vs_Carlton,2023,Round 12,2023-06-02 19:50:00,Friday,Melbourne,Carlton,61,44,Melbourne,17,49872,M.C.G.,False
2023_Round_12_Port_Adelaide_vs_Hawthorn,2023,Round 12,2023-06-03 13:15:00,Saturday,Port Adelaide,Hawthorn,151,96,Port Adelaide,55,34234,Adelaide Oval,False
2023_Round_12_West_Coast_vs_Collingwood,2023,Round 12,2023-06-03 14:35:00,Saturday,West Coast,Collingwood,57,120,Collingwood,63,41713,Perth Stadium,False
2023_Round_12_Gold_Coast_vs_Adelaide,2023,Round 12,2023-06-03 19:00:00,Saturday,Gold Coast,Adelaide,112,87,Gold Coast,25,10772,Marrara Oval,False
2023_Round_12_Western_Bulldogs_vs_Geelong,2023,Round 12,2023-06-03 19:25:00,Saturday,Western Bulldogs,Geelong,75,97,Geelong,22,41944,Docklands,False
2023_Round_12_Greater_Western_Sydney_vs_Richmond,2023,Round 12,2023-06-04 13:10:00,Sunday,Greater Western Sydney,Richmond,104,110,Richmond,6,9723,Sydney Showground,False
2023_Round_12_Essendon_vs_North_Melbourne,2023,Round 12,2023-06-04 16:40:00,Sunday,Essendon,North Melbourne,105,99,Essendon,6,40488,Docklands,False
2023_Round_13_Sydney_vs_St_Kilda,2023,Round 13,2023-06-08 19:10:00,Thursday,Sydney,St Kilda,66,80,St Kilda,14,30123,S.C.G.,False
2023_Round_13_Western_Bulldogs_vs_Port_Adelaide,2023,Round 13,2023-06-09 19:50:00,Friday,Western Bulldogs,Port Adelaide,85,107,Port Adelaide,22,23110,Docklands,False
2023_Round_13_Hawthorn_vs_Brisbane_Lions,2023,Round 13,2023-06-10 13:45:00,Saturday,Hawthorn,Brisbane Lions,98,73,Hawthorn,25,35869,M.C.G.,False
2023_Round_13_Adelaide_vs_West_Coast,2023,Round 13,2023-06-10 16:05:00,Saturday,Adelaide,West Coast,174,52,Adelaide,122,39450,Adelaide Oval,False
2023_Round_13_Fremantle_vs_Richmond,2023,Round 13,2023-06-10 17:25:00,Saturday,Fremantle,Richmond,70,85,Richmond,15,46843,Perth Stadium,False
2023_Round_13_North_Melbourne_vs_Greater_Western_Sydney,2023,Round 13,2023-06-11 15:20:00,Sunday,North Melbourne,Greater Western Sydney,75,103,Greater Western Sydney,28,5025,Bellerive Oval,False
2023_Round_13_Carlton_vs_Essendon,2023,Round 13,2023-06-11 19:15:00,Sunday,Carlton,Essendon,52,86,Essendon,34,83638,M.C.G.,False
2023_Round_13_Melbourne_vs_Collingwood,2023,Round 13,2023-06-12 15:20:00,Monday,Melbourne,Collingwood,66,62,Melbourne,4,83578,M.C.G.,False
2023_Round_14_Port_Adelaide_vs_Geelong,2023,Round 14,2023-06-15 19:10:00,Thursday,Port Adelaide,Geelong,110,72,Port Adelaide,38,36316,Adelaide Oval,False
2023_Round_14_Brisbane_Lions_vs_Sydney,2023,Round 14,2023-06-16 19:50:00,Friday,Brisbane Lions,Sydney,97,81,Brisbane Lions,16,28561,Gabba,False
2023_Round_14_Greater_Western_Sydney_vs_Fremantle,2023,Round 14,2023-06-17 16:35:00,Saturday,Greater Western Sydney,Fremantle,106,36,Greater Western Sydney,70,8633,Sydney Showground,False
2023_Round_14_Richmond_vs_St_Kilda,2023,Round 14,2023-06-17 19:25:00,Saturday,Richmond,St Kilda,90,70,Richmond,20,62686,M.C.G.,False
2023_Round_14_Carlton_vs_Gold_Coast,2023,Round 14,2023-06-18 13:10:00,Sunday,Carlton,Gold Coast,120,61,Carlton,59,29602,M.C.G.,False
2023_Round_14_North_Melbourne_vs_Western_Bulldogs,2023,Round 14,2023-06-18 16:40:00,Sunday,North Melbourne,Western Bulldogs,84,105,Western Bulldogs,21,23829,Docklands,False
2023_Round_15_Geelong_vs_Melbourne,2023,Round 15,2023-06-22 19:20:00,Thursday,Geelong,Melbourne,78,63,Geelong,15,19617,Kardinia Park,False
2023_Round_15_St_Kilda_vs_Brisbane_Lions,2023,Round 15,2023-06-23 19:50:00,Friday,St Kilda,Brisbane Lions,56,84,Brisbane Lions,28,28985,Docklands,False
2023_Round_15_Sydney_vs_West_Coast,2023,Round 15,2023-06-24 16:35:00,Saturday,Sydney,West Coast,205,34,Sydney,171,31367,S.C.G.,False
2023_Round_15_Fremantle_vs_Essendon,2023,Round 15,2023-06-24 17:25:00,Saturday,Fremantle,Essendon,93,61,Fremantle,32,43063,Perth Stadium,False
2023_Round_15_Collingwood_vs_Adelaide,2023,Round 15,2023-06-25 13:10:00,Sunday,Collingwood,Adelaide,82,80,Collingwood,2,65930,M.C.G.,False
2023_Round_15_Gold_Coast_vs_Hawthorn,2023,Round 15,2023-06-25 16:40:00,Sunday,Gold Coast,Hawthorn,101,34,Gold Coast,67,14242,Carrara,False
2023_Round_16_Brisbane_Lions_vs_Richmond,2023,Round 16,2023-06-29 19:20:00,Thursday,Brisbane Lions,Richmond,134,53,Brisbane Lions,81,30022,Gabba,False
2023_Round_16_Sydney_vs_Geelong,2023,Round 16,2023-06-30 19:50:00,Friday,Sydney,Geelong,54,54,Draw,0,32098,S.C.G.,False
2023_Round_16_Adelaide_vs_North_Melbourne,2023,Round 16,2023-07-01 13:15:00,Saturday,Adelaide,North Melbourne,138,72,Adelaide,66,35226,Adelaide Oval,False
2023_Round_16_Western_Bulldogs_vs_Fremantle,2023,Round 16,2023-07-01 13:45:00,Saturday,Western Bulldogs,Fremantle,102,73,Western Bulldogs,29,25412,Docklands,False
2023_Round_16_Gold_Coast_vs_Collingwood,2023,Round 16,2023-07-01 16:35:00,Saturday,Gold Coast,Collingwood,42,120,Collingwood,78,22483,Carrara,False
2023_Round_16_Essendon_vs_Port_Adelaide,2023,Round 16,2023-07-01 19:25:00,Saturday,Essendon,Port Adelaide,74,78,Port Adelaide,4,38957,M.C.G.,False
2023_Round_16_Hawthorn_vs_Carlton,2023,Round 16,2023-07-02 13:10:00,Sunday,Hawthorn,Carlton,52,112,Carlton,60,66337,M.C.G.,False
2023_Round_16_West_Coast_vs_St_Kilda,2023,Round 16,2023-07-02 14:40:00,Sunday,West Coast,St Kilda,77,85,St Kilda,8,35579,Perth Stadium,False
2023_Round_16_Melbourne_vs_Greater_Western_Sydney,2023,Round 16,2023-07-02 14:50:00,Sunday,Melbourne,Greater Western Sydney,45,47,Greater Western Sydney,2,3413,Traeger Park,False
2023_Round_17_Richmond_vs_Sydney,2023,Round 17,2023-07-06 19:20:00,Thursday,Richmond,Sydney,88,75,Richmond,13,48443,M.C.G.,False
2023_Round_17_Western_Bulldogs_vs_Collingwood,2023,Round 17,2023-07-07 19:50:00,Friday,Western Bulldogs,Collingwood,77,89,Collingwood,12,43482,Docklands,False
2023_Round_17_Brisbane_Lions_vs_West_Coast,2023,Round 17,2023-07-08 13:45:00,Saturday,Brisbane Lions,West Coast,116,35,Brisbane Lions,81,24843,Gabba,False
2023_Round_17_Greater_Western_Sydney_vs_Hawthorn,2023,Round 17,2023-07-08 16:35:00,Saturday,Greater Western Sydney,Hawthorn,85,72,Greater Western Sydney,13,9007,Sydney Showground,False
2023_Round_17_Port_Adelaide_vs_Gold_Coast,2023,Round 17,2023-07-08 19:10:00,Saturday,Port Adelaide,Gold Coast,106,73,Port Adelaide,33,31053,Adelaide Oval,False
2023_Round_17_St_Kilda_vs_Melbourne,2023,Round 17,2023-07-08 19:25:00,Saturday,St Kilda,Melbourne,58,79,Melbourne,21,30749,Docklands,False
2023_Round_17_Geelong_vs_North_Melbourne,2023,Round 17,2023-07-09 13:10:00,Sunday,Geelong,North Melbourne,125,63,Geelong,62,21066,Kardinia Park,False
2023_Round_17_Fremantle_vs_Carlton,2023,Round 17,2023-07-09 14:40:00,Sunday,Fremantle,Carlton,45,98,Carlton,53,49469,Perth Stadium,False
2023_Round_17_Essendon_vs_Adelaide,2023,Round 17,2023-07-09 15:20:00,Sunday,Essendon,Adelaide,115,97,Essendon,18,39606,Docklands,False
2023_Round_18_Sydney_vs_Western_Bulldogs,2023,Round 18,2023-07-13 19:20:00,Thursday,Sydney,Western Bulldogs,78,76,Sydney,2,26221,S.C.G.,False
2023_Round_18_Melbourne_vs_Brisbane_Lions,2023,Round 18,2023-07-14 19:50:00,Friday,Melbourne,Brisbane Lions,105,104,Melbourne,1,38030,M.C.G.,False
2023_Round_18_Collingwood_vs_Fremantle,2023,Round 18,2023-07-15 13:45:00,Saturday,Collingwood,Fremantle,113,67,Collingwood,46,61157,M.C.G.,False
2023_Round_18_Gold_Coast_vs_St_Kilda,2023,Round 18,2023-07-15 14:10:00,Saturday,Gold Coast,St Kilda,77,51,Gold Coast,26,13015,Carrara,False
2023_Round_18_Carlton_vs_Port_Adelaide,2023,Round 18,2023-07-15 16:35:00,Saturday,Carlton,Port Adelaide,122,72,Carlton,50,34306,Docklands,False
2023_Round_18_Adelaide_vs_Greater_Western_Sydney,2023,Round 18,2023-07-15 19:10:00,Saturday,Adelaide,Greater Western Sydney,57,71,Greater Western Sydney,14,36674,Adelaide Oval,False
2023_Round_18_Geelong_vs_Essendon,2023,Round 18,2023-07-15 19:25:00,Saturday,Geelong,Essendon,122,45,Geelong,77,23185,Kardinia Park,False
2023_Round_18_North_Melbourne_vs_Hawthorn,2023,Round 18,2023-07-16 13:10:00,Sunday,North Melbourne,Hawthorn,40,88,Hawthorn,48,30201,Docklands,False
2023_Round_18_West_Coast_vs_Richmond,2023,Round 18,2023-07-16 14:40:00,Sunday,West Coast,Richmond,60,98,Richmond,38,40501,Perth Stadium,False
2023_Round_19_Essendon_vs_Western_Bulldogs,2023,Round 19,2023-07-21 19:50:00,Friday,Essendon,Western Bulldogs,49,90,Western Bulldogs,41,43634,Docklands,False
2023_Round_19_Richmond_vs_Hawthorn,2023,Round 19,2023-07-22 13:45:00,Saturday,Richmond,Hawthorn,96,95,Richmond,1,57654,M.C.G.,False
2023_Round_19_Carlton_vs_West_Coast,2023,Round 19,2023-07-22 14:10:00,Saturday,Carlton,West Coast,140,69,Carlton,71,34954,Docklands,False
2023_Round_19_Brisbane_Lions_vs_Geelong,2023,Round 19,2023-07-22 16:35:00,Saturday,Brisbane Lions,Geelong,64,53,Brisbane Lions,11,32586,Gabba,False
2023_Round_19_Fremantle_vs_Sydney,2023,Round 19,2023-07-22 17:40:00,Saturday,Fremantle,Sydney,76,105,Sydney,29,42433,Perth Stadium,False
2023_Round_19_Port_Adelaide_vs_Collingwood,2023,Round 19,2023-07-22 19:10:00,Saturday,Port Adelaide,Collingwood,83,85,Collingwood,2,47965,Adelaide Oval,False
2023_Round_19_Greater_Western_Sydney_vs_Gold_Coast,2023,Round 19,2023-07-23 13:10:00,Sunday,Greater Western Sydney,Gold Coast,103,63,Greater Western Sydney,40,10026,Manuka Oval,False
2023_Round_19_Melbourne_vs_Adelaide,2023,Round 19,2023-07-23 15:20:00,Sunday,Melbourne,Adelaide,97,93,Melbourne,4,33122,M.C.G.,False
2023_Round_19_St_Kilda_vs_North_Melbourne,2023,Round 19,2023-07-23 16:40:00,Sunday,St Kilda,North Melbourne,69,61,St Kilda,8,18279,Docklands,False
2023_Round_20_Collingwood_vs_Carlton,2023,Round 20,2023-07-28 19:50:00,Friday,Collingwood,Carlton,76,93,Carlton,17,86785,M.C.G.,False
2023_Round_20_Geelong_vs_Fremantle,2023,Round 20,2023-07-29 13:45:00,Saturday,Geelong,Fremantle,64,71,Fremantle,7,21619,Kardinia Park,False
2023_Round_20_Western_Bulldogs_vs_Greater_Western_Sydney,2023,Round 20,2023-07-29 13:45:00,Saturday,Western Bulldogs,Greater Western Sydney,73,78,Greater Western Sydney,5,9080,Eureka Stadium,False
2023_Round_20_Gold_Coast_vs_Brisbane_Lions,2023,Round 20,2023-07-29 16:35:00,Saturday,Gold Coast,Brisbane Lions,96,55,Gold Coast,41,14097,Carrara,False
2023_Round_20_Adelaide_vs_Port_Adelaide,2023,Round 20,2023-07-29 19:10:00,Saturday,Adelaide,Port Adelaide,112,65,Adelaide,47,50023,Adelaide Oval,False
2023_Round_20_Essendon_vs_Sydney,2023,Round 20,2023-07-29 19:25:00,Saturday,Essendon,Sydney,99,101,Sydney,2,38329,Docklands,False
2023_Round_20_Hawthorn_vs_St_Kilda,2023,Round 20,2023-07-30 13:10:00,Sunday,Hawthorn,St Kilda,93,122,St Kilda,29,22769,Docklands,False
2023_Round_20_West_Coast_vs_North_Melbourne,2023,Round 20,2023-07-30 14:40:00,Sunday,West Coast,North Melbourne,72,67,West Coast,5,38231,Perth Stadium,False
2023_Round_20_Richmond_vs_Melbourne,2023,Round 20,2023-07-30 15:20:00,Sunday,Richmond,Melbourne,98,130,Melbourne,32,52294,M.C.G.,False
2023_Round_21_Western_Bulldogs_vs_Richmond,2023,Round 21,2023-08-04 19:50:00,Friday,Western Bulldogs,Richmond,126,71,Western Bulldogs,55,39304,Docklands,False
2023_Round_21_Adelaide_vs_Gold_Coast,2023,Round 21,2023-08-05 13:40:00,Saturday,Adelaide,Gold Coast,89,61,Adelaide,28,35777,Adelaide Oval,False
2023_Round_21_Essendon_vs_West_Coast,2023,Round 21,2023-08-05 13:45:00,Saturday,Essendon,West Coast,73,72,Essendon,1,30742,Docklands,False
2023_Round_21_Hawthorn_vs_Collingwood,2023,Round 21,2023-08-05 16:35:00,Saturday,Hawthorn,Collingwood,105,73,Hawthorn,32,62134,M.C.G.,False
2023_Round_21_Geelong_vs_Port_Adelaide,2023,Round 21,2023-08-05 19:25:00,Saturday,Geelong,Port Adelaide,97,85,Geelong,12,21279,Kardinia Park,False
2023_Round_21_Greater_Western_Sydney_vs_Sydney,2023,Round 21,2023-08-05 19:30:00,Saturday,Greater Western Sydney,Sydney,85,96,Sydney,11,19332,Sydney Showground,False
2023_Round_21_North_Melbourne_vs_Melbourne,2023,Round 21,2023-08-06 13:10:00,Sunday,North Melbourne,Melbourne,71,103,Melbourne,32,8034,Bellerive Oval,False
2023_Round_21_Fremantle_vs_Brisbane_Lions,2023,Round 21,2023-08-06 14:40:00,Sunday,Fremantle,Brisbane Lions,74,77,Brisbane Lions,3,37845,Perth Stadium,False
2023_Round_21_St_Kilda_vs_Carlton,2023,Round 21,2023-08-06 15:20:00,Sunday,St Kilda,Carlton,54,73,Carlton,19,42656,Docklands,False
2023_Round_22_Collingwood_vs_Geelong,2023,Round 22,2023-08-11 19:50:00,Friday,Collingwood,Geelong,109,101,Collingwood,8,78749,M.C.G.,False
2023_Round_22_North_Melbourne_vs_Essendon,2023,Round 22,2023-08-12 13:45:00,Saturday,North Melbourne,Essendon,77,86,Essendon,9,37231,Docklands,False
2023_Round_22_Sydney_vs_Gold_Coast,2023,Round 22,2023-08-12 13:45:00,Saturday,Sydney,Gold Coast,114,90,Sydney,24,33911,S.C.G.,False
2023_Round_22_Brisbane_Lions_vs_Adelaide,2023,Round 22,2023-08-12 16:35:00,Saturday,Brisbane Lions,Adelaide,99,93,Brisbane Lions,6,30107,Gabba,False
2023_Round_22_West_Coast_vs_Fremantle,2023,Round 22,2023-08-12 18:10:00,Saturday,West Coast,Fremantle,33,134,Fremantle,101,51172,Perth Stadium,False
2023_Round_22_Carlton_vs_Melbourne,2023,Round 22,2023-08-12 19:30:00,Saturday,Carlton,Melbourne,60,56,Carlton,4,68577,M.C.G.,False
2023_Round_22_Hawthorn_vs_Western_Bulldogs,2023,Round 22,2023-08-13 13:10:00,Sunday,Hawthorn,Western Bulldogs,67,64,Hawthorn,3,12480,York Park,False
2023_Round_22_St_Kilda_vs_Richmond,2023,Round 22,2023-08-13 15:20:00,Sunday,St Kilda,Richmond,93,57,St Kilda,36,31119,Docklands,False
2023_Round_22_Port_Adelaide_vs_Greater_Western_Sydney,2023,Round 22,2023-08-13 16:10:00,Sunday,Port Adelaide,Greater Western Sydney,136,85,Port Adelaide,51,32597,Adelaide Oval,False
2023_Round_23_Collingwood_vs_Brisbane_Lions,2023,Round 23,2023-08-18 19:50:00,Friday,Collingwood,Brisbane Lions,100,124,Brisbane Lions,24,38350,Docklands,False
2023_Round_23_Richmond_vs_North_Melbourne,2023,Round 23,2023-08-19 13:45:00,Saturday,Richmond,North Melbourne,101,72,Richmond,29,59555,M.C.G.,False
2023_Round_23_Gold_Coast_vs_Carlton,2023,Round 23,2023-08-19 14:10:00,Saturday,Gold Coast,Carlton,87,91,Carlton,4,19253,Carrara,False
2023_Round_23_Greater_Western_Sydney_vs_Essendon,2023,Round 23,2023-08-19 16:35:00,Saturday,Greater Western Sydney,Essendon,162,36,Greater Western Sydney,126,10281,Sydney Showground,False
2023_Round_23_Adelaide_vs_Sydney,2023,Round 23,2023-08-19 19:10:00,Saturday,Adelaide,Sydney,73,74,Sydney,1,44817,Adelaide Oval,False
2023_Round_23_St_Kilda_vs_Geelong,2023,Round 23,2023-08-19 19:25:00,Saturday,St Kilda,Geelong,88,55,St Kilda,33,40103,Docklands,False
2023_Round_23_Western_Bulldogs_vs_West_Coast,2023,Round 23,2023-08-20 13:10:00,Sunday,Western Bulldogs,West Coast,85,92,West Coast,7,23965,Docklands,False
2023_Round_23_Fremantle_vs_Port_Adelaide,2023,Round 23,2023-08-20 14:40:00,Sunday,Fremantle,Port Adelaide,58,74,Port Adelaide,16,38360,Perth Stadium,False
2023_Round_23_Melbourne_vs_Hawthorn,2023,Round 23,2023-08-20 15:20:00,Sunday,Melbourne,Hawthorn,87,60,Melbourne,27,50142,M.C.G.,False
2023_Round_24_Essendon_vs_Collingwood,2023,Round 24,2023-08-25 19:50:00,Friday,Essendon,Collingwood,31,101,Collingwood,70,74344,M.C.G.,False
2023_Round_24_Hawthorn_vs_Fremantle,2023,Round 24,2023-08-26 13:45:00,Saturday,Hawthorn,Fremantle,56,93,Fremantle,37,27951,M.C.G.,False
2023_Round_24_North_Melbourne_vs_Gold_Coast,2023,Round 24,2023-08-26 13:45:00,Saturday,North Melbourne,Gold Coast,132,97,North Melbourne,35,4378,Bellerive Oval,False
2023_Round_24_Brisbane_Lions_vs_St_Kilda,2023,Round 24,2023-08-26 16:35:00,Saturday,Brisbane Lions,St Kilda,72,60,Brisbane Lions,12,31689,Gabba,False
2023_Round_24_West_Coast_vs_Adelaide,2023,Round 24,2023-08-26 18:10:00,Saturday,West Coast,Adelaide,78,123,Adelaide,45,47027,Perth Stadium,False
2023_Round_24_Geelong_vs_Western_Bulldogs,2023,Round 24,2023-08-26 19:25:00,Saturday,Geelong,Western Bulldogs,79,104,Western Bulldogs,25,20533,Kardinia Park,False
2023_Round_24_Port_Adelaide_vs_Richmond,2023,Round 24,2023-08-27 12:00:00,Sunday,Port Adelaide,Richmond,94,63,Port Adelaide,31,39860,Adelaide Oval,False
2023_Round_24_Sydney_vs_Melbourne,2023,Round 24,2023-08-27 15:20:00,Sunday,Sydney,Melbourne,56,77,Melbourne,21,41753,S.C.G.,False
2023_Round_24_Carlton_vs_Greater_Western_Sydney,2023,Round 24,2023-08-27 18:10:00,Sunday,Carlton,Greater Western Sydney,73,105,Greater Western Sydney,32,44354,Docklands,False
2023_Qualifying_Final_Collingwood_vs_Melbourne,2023,Qualifying Final,2023-09-07 19:20:00,Thursday,Collingwood,Melbourne,60,53,Collingwood,7,92636,M.C.G.,True
2023_Elimination_Final_Carlton_vs_Sydney,2023,Elimination Final,2023-09-08 19:50:00,Friday,Carlton,Sydney,74,68,Carlton,6,92026,M.C.G.,True
2023_Elimination_Final_St_Kilda_vs_Greater_Western_Sydney,2023,Elimination Final,2023-09-09 15:20:00,Saturday,St Kilda,Greater Western Sydney,77,101,Greater Western Sydney,24,68465,M.C.G.,True
2023_Qualifying_Final_Brisbane_Lions_vs_Port_Adelaide,2023,Qualifying Final,2023-09-09 19:25:00,Saturday,Brisbane Lions,Port Adelaide,123,75,Brisbane Lions,48,36020,Gabba,True
2023_Semi_Final_Melbourne_vs_Carlton,2023,Semi Final,2023-09-15 19:50:00,Friday,Melbourne,Carlton,71,73,Carlton,2,96412,M.C.G.,True
2023_Semi_Final_Port_Adelaide_vs_Greater_Western_Sydney,2023,Semi Final,2023-09-16 19:10:00,Saturday,Port Adelaide,Greater Western Sydney,70,93,Greater Western Sydney,23,45520,Adelaide Oval,True
2023_Preliminary_Final_Collingwood_vs_Greater_Western_Sydney,2023,Preliminary Final,2023-09-22 19:50:00,Friday,Collingwood,Greater Western Sydney,58,57,Collingwood,1,97665,M.C.G.,True
2023_Preliminary_Final_Brisbane_Lions_vs_Carlton,2023,Preliminary Final,2023-09-23 17:15:00,Saturday,Brisbane Lions,Carlton,79,63,Brisbane Lions,16,36012,Gabba,True
2023_Grand_Final_Collingwood_vs_Brisbane_Lions,2023,Grand Final,2023-09-30 14:30:00,Saturday,Collingwood,Brisbane Lions,90,86,Collingwood,4,100024,M.C.G.,True
2024_Round_1_Sydney_vs_Melbourne,2024,Round 1,2024-03-07 19:30:00,Thursday,Sydney,Melbourne,86,64,Sydney,22,40012,S.C.G.,False
2024_Round_1_Brisbane_Lions_vs_Carlton,2024,Round 1,2024-03-08 18:40:00,Friday,Brisbane Lions,Carlton,85,86,Carlton,1,33367,Gabba,False
2024_Round_1_Gold_Coast_vs_Richmond,2024,Round 1,2024-03-09 15:20:00,Saturday,Gold Coast,Richmond,99,60,Gold Coast,39,22086,Carrara,False
2024_Round_1_Greater_Western_Sydney_vs_Collingwood,2024,Round 1,2024-03-09 19:30:00,Saturday,Greater Western Sydney,Collingwood,114,82,Greater Western Sydney,32,21235,Sydney Showground,False
2024_Round_2_Carlton_vs_Richmond,2024,Round 2,2024-03-14 19:30:00,Thursday,Carlton,Richmond,86,81,Carlton,5,83881,M.C.G.,False
2024_Round_2_Collingwood_vs_Sydney,2024,Round 2,2024-03-15 19:40:00,Friday,Collingwood,Sydney,69,102,Sydney,33,78933,M.C.G.,False
2024_Round_2_Essendon_vs_Hawthorn,2024,Round 2,2024-03-16 13:45:00,Saturday,Essendon,Hawthorn,107,83,Essendon,24,73805,M.C.G.,False
2024_Round_2_Greater_Western_Sydney_vs_North_Melbourne,2024,Round 2,2024-03-16 16:35:00,Saturday,Greater Western Sydney,North Melbourne,121,82,Greater Western Sydney,39,8034,Sydney Showground,False
2024_Round_2_Gold_Coast_vs_Adelaide,2024,Round 2,2024-03-16 19:10:00,Saturday,Gold Coast,Adelaide,60,54,Gold Coast,6,11466,Carrara,False
2024_Round_2_Geelong_vs_St_Kilda,2024,Round 2,2024-03-16 19:30:00,Saturday,Geelong,St Kilda,76,68,Geelong,8,39352,Kardinia Park,False
2024_Round_2_Melbourne_vs_Western_Bulldogs,2024,Round 2,2024-03-17 13:00:00,Sunday,Melbourne,Western Bulldogs,109,64,Melbourne,45,44100,M.C.G.,False
2024_Round_2_Port_Adelaide_vs_West_Coast,2024,Round 2,2024-03-17 15:30:00,Sunday,Port Adelaide,West Coast,120,70,Port Adelaide,50,34078,Adelaide Oval,False
2024_Round_2_Fremantle_vs_Brisbane_Lions,2024,Round 2,2024-03-17 15:50:00,Sunday,Fremantle,Brisbane Lions,93,70,Fremantle,23,40604,Perth Stadium,False
2024_Round_3_St_Kilda_vs_Collingwood,2024,Round 3,2024-03-21 19:30:00,Thursday,St Kilda,Collingwood,94,79,St Kilda,15,69517,M.C.G.,False
2024_Round_3_Adelaide_vs_Geelong,2024,Round 3,2024-03-22 19:10:00,Friday,Adelaide,Geelong,77,96,Geelong,19,44758,Adelaide Oval,False
2024_Round_3_North_Melbourne_vs_Fremantle,2024,Round 3,2024-03-23 13:45:00,Saturday,North Melbourne,Fremantle,76,102,Fremantle,26,17589,Docklands,False
2024_Round_3_Hawthorn_vs_Melbourne,2024,Round 3,2024-03-23 16:35:00,Saturday,Hawthorn,Melbourne,38,93,Melbourne,55,43960,M.C.G.,False
2024_Round_3_Sydney_vs_Essendon,2024,Round 3,2024-03-23 19:30:00,Saturday,Sydney,Essendon,131,101,Sydney,30,34954,S.C.G.,False
2024_Round_3_Western_Bulldogs_vs_Gold_Coast,2024,Round 3,2024-03-24 13:00:00,Sunday,Western Bulldogs,Gold Coast,115,67,Western Bulldogs,48,9752,Eureka Stadium,False
2024_Round_3_West_Coast_vs_Greater_Western_Sydney,2024,Round 3,2024-03-24 15:50:00,Sunday,West Coast,Greater Western Sydney,43,108,Greater Western Sydney,65,42401,Perth Stadium,False
2024_Round_3_Richmond_vs_Port_Adelaide,2024,Round 3,2024-03-24 16:00:00,Sunday,Richmond,Port Adelaide,92,122,Port Adelaide,30,30254,M.C.G.,False
2024_Round_4_Brisbane_Lions_vs_Collingwood,2024,Round 4,2024-03-28 18:30:00,Thursday,Brisbane Lions,Collingwood,72,92,Collingwood,20,34022,Gabba,False
2024_Round_4_North_Melbourne_vs_Carlton,2024,Round 4,2024-03-29 16:20:00,Friday,North Melbourne,Carlton,81,137,Carlton,56,47565,Docklands,False
2024_Round_4_Fremantle_vs_Adelaide,2024,Round 4,2024-03-29 16:30:00,Friday,Fremantle,Adelaide,69,34,Fremantle,35,51037,Perth Stadium,False
2024_Round_4_Essendon_vs_St_Kilda,2024,Round 4,2024-03-30 16:20:00,Saturday,Essendon,St Kilda,71,67,Essendon,4,44412,Docklands,False
2024_Round_4_Port_Adelaide_vs_Melbourne,2024,Round 4,2024-03-30 19:00:00,Saturday,Port Adelaide,Melbourne,89,96,Melbourne,7,38105,Adelaide Oval,False
2024_Round_4_Western_Bulldogs_vs_West_Coast,2024,Round 4,2024-03-31 13:00:00,Sunday,Western Bulldogs,West Coast,106,30,Western Bulldogs,76,22991,Docklands,False
2024_Round_4_Richmond_vs_Sydney,2024,Round 4,2024-03-31 16:00:00,Sunday,Richmond,Sydney,82,77,Richmond,5,45112,M.C.G.,False
2024_Round_4_Hawthorn_vs_Geelong,2024,Round 4,2024-04-01 15:20:00,Monday,Hawthorn,Geelong,70,106,Geelong,36,67020,M.C.G.,False
2024_Round_5_Adelaide_vs_Melbourne,2024,Round 5,2024-04-04 19:10:00,Thursday,Adelaide,Melbourne,63,78,Melbourne,15,48020,Adelaide Oval,False
2024_Round_5_Brisbane_Lions_vs_North_Melbourne,2024,Round 5,2024-04-05 16:40:00,Friday,Brisbane Lions,North Melbourne,112,42,Brisbane Lions,70,9037,Norwood Oval,False
2024_Round_5_Port_Adelaide_vs_Essendon,2024,Round 5,2024-04-05 19:40:00,Friday,Port Adelaide,Essendon,111,42,Port Adelaide,69,47461,Adelaide Oval,False
2024_Round_5_West_Coast_vs_Sydney,2024,Round 5,2024-04-06 13:00:00,Saturday,West Coast,Sydney,78,104,Sydney,26,9225,Summit Sports Park,False
2024_Round_5_Fremantle_vs_Carlton,2024,Round 5,2024-04-06 15:50:00,Saturday,Fremantle,Carlton,63,73,Carlton,10,43158,Adelaide Oval,False
2024_Round_5_Western_Bulldogs_vs_Geelong,2024,Round 5,2024-04-06 19:40:00,Saturday,Western Bulldogs,Geelong,91,95,Geelong,4,45970,Adelaide Oval,False
2024_Round_5_Gold_Coast_vs_Greater_Western_Sydney,2024,Round 5,2024-04-07 12:00:00,Sunday,Gold Coast,Greater Western Sydney,89,117,Greater Western Sydney,28,9337,Summit Sports Park,False
2024_Round_5_Richmond_vs_St_Kilda,2024,Round 5,2024-04-07 14:50:00,Sunday,Richmond,St Kilda,60,67,St Kilda,7,9425,Norwood Oval,False
2024_Round_5_Collingwood_vs_Hawthorn,2024,Round 5,2024-04-07 16:40:00,Sunday,Collingwood,Hawthorn,77,72,Collingwood,5,43198,Adelaide Oval,False
2024_Round_6_Melbourne_vs_Brisbane_Lions,2024,Round 6,2024-04-11 19:30:00,Thursday,Melbourne,Brisbane Lions,60,82,Brisbane Lions,22,43098,M.C.G.,False
2024_Round_6_Western_Bulldogs_vs_Essendon,2024,Round 6,2024-04-12 19:40:00,Friday,Western Bulldogs,Essendon,67,96,Essendon,29,50144,Docklands,False
2024_Round_6_Greater_Western_Sydney_vs_St_Kilda,2024,Round 6,2024-04-13 13:45:00,Saturday,Greater Western Sydney,St Kilda,80,79,Greater Western Sydney,1,12448,Manuka Oval,False
2024_Round_6_Carlton_vs_Adelaide,2024,Round 6,2024-04-13 16:35:00,Saturday,Carlton,Adelaide,98,100,Adelaide,2,46283,Docklands,False
2024_Round_6_Port_Adelaide_vs_Fremantle,2024,Round 6,2024-04-13 19:00:00,Saturday,Port Adelaide,Fremantle,66,63,Port Adelaide,3,35658,Adelaide Oval,False
2024_Round_6_Gold_Coast_vs_Hawthorn,2024,Round 6,2024-04-13 19:30:00,Saturday,Gold Coast,Hawthorn,109,56,Gold Coast,53,13900,Carrara,False
2024_Round_6_Geelong_vs_North_Melbourne,2024,Round 6,2024-04-14 13:00:00,Sunday,Geelong,North Melbourne,139,64,Geelong,75,31194,Kardinia Park,False
2024_Round_6_West_Coast_vs_Richmond,2024,Round 6,2024-04-14 14:00:00,Sunday,West Coast,Richmond,109,70,West Coast,39,47665,Perth Stadium,False
2024_Round_7_St_Kilda_vs_Western_Bulldogs,2024,Round 7,2024-04-18 19:30:00,Thursday,St Kilda,Western Bulldogs,64,124,Western Bulldogs,60,26719,Docklands,False
2024_Round_7_Adelaide_vs_Essendon,2024,Round 7,2024-04-19 19:10:00,Friday,Adelaide,Essendon,75,78,Essendon,3,46700,Adelaide Oval,False
2024_Round_7_Collingwood_vs_Port_Adelaide,2024,Round 7,2024-04-20 13:45:00,Saturday,Collingwood,Port Adelaide,123,81,Collingwood,42,65834,M.C.G.,False
2024_Round_7_Carlton_vs_Greater_Western_Sydney,2024,Round 7,2024-04-20 16:35:00,Saturday,Carlton,Greater Western Sydney,117,98,Carlton,19,40474,Docklands,False
2024_Round_7_West_Coast_vs_Fremantle,2024,Round 7,2024-04-20 18:10:00,Saturday,West Coast,Fremantle,105,68,West Coast,37,54473,Perth Stadium,False
2024_Round_7_Brisbane_Lions_vs_Geelong,2024,Round 7,2024-04-20 19:30:00,Saturday,Brisbane Lions,Geelong,37,63,Geelong,26,30429,Gabba,False
2024_Round_7_Sydney_vs_Gold_Coast,2024,Round 7,2024-04-21 13:05:00,Sunday,Sydney,Gold Coast,110,57,Sydney,53,35649,S.C.G.,False
2024_Round_7_North_Melbourne_vs_Hawthorn,2024,Round 7,2024-04-21 16:05:00,Sunday,North Melbourne,Hawthorn,68,113,Hawthorn,45,30648,Docklands,False
2024_Round_8_Richmond_vs_Melbourne,2024,Round 8,2024-04-24 19:25:00,Wednesday,Richmond,Melbourne,42,85,Melbourne,43,72840,M.C.G.,False
2024_Round_8_Essendon_vs_Collingwood,2024,Round 8,2024-04-25 15:20:00,Thursday,Essendon,Collingwood,85,85,Draw,0,93644,M.C.G.,False
2024_Round_8_Greater_Western_Sydney_vs_Brisbane_Lions,2024,Round 8,2024-04-25 19:35:00,Thursday,Greater Western Sydney,Brisbane Lions,113,59,Greater Western Sydney,54,13080,Manuka Oval,False
2024_Round_8_Port_Adelaide_vs_St_Kilda,2024,Round 8,2024-04-26 19:10:00,Friday,Port Adelaide,St Kilda,82,72,Port Adelaide,10,40306,Adelaide Oval,False
2024_Round_8_North_Melbourne_vs_Adelaide,2024,Round 8,2024-04-27 13:45:00,Saturday,North Melbourne,Adelaide,81,138,Adelaide,57,5365,Bellerive Oval,False
2024_Round_8_Geelong_vs_Carlton,2024,Round 8,2024-04-27 16:35:00,Saturday,Geelong,Carlton,118,105,Geelong,13,87775,M.C.G.,False
2024_Round_8_Fremantle_vs_Western_Bulldogs,2024,Round 8,2024-04-27 17:40:00,Saturday,Fremantle,Western Bulldogs,95,71,Fremantle,24,45931,Perth Stadium,False
2024_Round_8_Gold_Coast_vs_West_Coast,2024,Round 8,2024-04-28 13:00:00,Sunday,Gold Coast,West Coast,112,75,Gold Coast,37,11440,Carrara,False
2024_Round_8_Hawthorn_vs_Sydney,2024,Round 8,2024-04-28 16:00:00,Sunday,Hawthorn,Sydney,42,118,Sydney,76,38052,M.C.G.,False
2024_Round_9_Adelaide_vs_Port_Adelaide,2024,Round 9,2024-05-02 19:00:00,Thursday,Adelaide,Port Adelaide,78,48,Adelaide,30,52106,Adelaide Oval,False
2024_Round_9_Carlton_vs_Collingwood,2024,Round 9,2024-05-03 19:40:00,Friday,Carlton,Collingwood,79,85,Collingwood,6,88362,M.C.G.,False
2024_Round_9_Sydney_vs_Greater_Western_Sydney,2024,Round 9,2024-05-04 13:45:00,Saturday,Sydney,Greater Western Sydney,98,69,Sydney,29,40337,S.C.G.,False
2024_Round_9_St_Kilda_vs_North_Melbourne,2024,Round 9,2024-05-04 16:35:00,Saturday,St Kilda,North Melbourne,103,65,St Kilda,38,27009,Docklands,False
2024_Round_9_West_Coast_vs_Essendon,2024,Round 9,2024-05-04 18:10:00,Saturday,West Coast,Essendon,71,77,Essendon,6,51751,Perth Stadium,False
2024_Round_9_Melbourne_vs_Geelong,2024,Round 9,2024-05-04 19:30:00,Saturday,Melbourne,Geelong,74,66,Melbourne,8,51795,M.C.G.,False
2024_Round_9_Richmond_vs_Fremantle,2024,Round 9,2024-05-05 13:00:00,Sunday,Richmond,Fremantle,49,103,Fremantle,54,32252,M.C.G.,False
2024_Round_9_Western_Bulldogs_vs_Hawthorn,2024,Round 9,2024-05-05 16:00:00,Sunday,Western Bulldogs,Hawthorn,91,98,Hawthorn,7,29555,Docklands,False
2024_Round_9_Brisbane_Lions_vs_Gold_Coast,2024,Round 9,2024-05-05 19:10:00,Sunday,Brisbane Lions,Gold Coast,79,45,Brisbane Lions,34,30285,Gabba,False
2024_Round_10_Carlton_vs_Melbourne,2024,Round 10,2024-05-09 19:30:00,Thursday,Carlton,Melbourne,77,76,Carlton,1,58472,M.C.G.,False
2024_Round_10_Fremantle_vs_Sydney,2024,Round 10,2024-05-10 18:30:00,Friday,Fremantle,Sydney,39,87,Sydney,48,46198,Perth Stadium,False
2024_Round_10_Geelong_vs_Port_Adelaide,2024,Round 10,2024-05-10 19:10:00,Friday,Geelong,Port Adelaide,95,101,Port Adelaide,6,29942,Kardinia Park,False
2024_Round_10_Hawthorn_vs_St_Kilda,2024,Round 10,2024-05-11 13:45:00,Saturday,Hawthorn,St Kilda,58,53,Hawthorn,5,15112,York Park,False
2024_Round_10_Essendon_vs_Greater_Western_Sydney,2024,Round 10,2024-05-11 16:35:00,Saturday,Essendon,Greater Western Sydney,82,62,Essendon,20,37295,Docklands,False
2024_Round_10_Gold_Coast_vs_North_Melbourne,2024,Round 10,2024-05-11 19:00:00,Saturday,Gold Coast,North Melbourne,120,52,Gold Coast,68,7036,Marrara Oval,False
2024_Round_10_Richmond_vs_Western_Bulldogs,2024,Round 10,2024-05-11 19:30:00,Saturday,Richmond,Western Bulldogs,42,133,Western Bulldogs,91,38007,M.C.G.,False
2024_Round_10_Collingwood_vs_West_Coast,2024,Round 10,2024-05-12 13:00:00,Sunday,Collingwood,West Coast,103,37,Collingwood,66,37433,Docklands,False
2024_Round_10_Adelaide_vs_Brisbane_Lions,2024,Round 10,2024-05-12 15:30:00,Sunday,Adelaide,Brisbane Lions,90,90,Draw,0,40278,Adelaide Oval,False
2024_Round_11_Gold_Coast_vs_Geelong,2024,Round 11,2024-05-16 19:00:00,Thursday,Gold Coast,Geelong,164,100,Gold Coast,64,12112,Marrara Oval,False
2024_Round_11_Sydney_vs_Carlton,2024,Round 11,2024-05-17 19:40:00,Friday,Sydney,Carlton,117,65,Sydney,52,44047,S.C.G.,False
2024_Round_11_Collingwood_vs_Adelaide,2024,Round 11,2024-05-18 13:45:00,Saturday,Collingwood,Adelaide,78,74,Collingwood,4,63925,M.C.G.,False
2024_Round_11_Greater_Western_Sydney_vs_Western_Bulldogs,2024,Round 11,2024-05-18 16:35:00,Saturday,Greater Western Sydney,Western Bulldogs,43,70,Western Bulldogs,27,7747,Sydney Showground,False
2024_Round_11_Brisbane_Lions_vs_Richmond,2024,Round 11,2024-05-18 19:30:00,Saturday,Brisbane Lions,Richmond,163,44,Brisbane Lions,119,27200,Gabba,False
2024_Round_11_St_Kilda_vs_Fremantle,2024,Round 11,2024-05-18 19:30:00,Saturday,St Kilda,Fremantle,55,72,Fremantle,17,19265,Docklands,False
2024_Round_11_Essendon_vs_North_Melbourne,2024,Round 11,2024-05-19 13:10:00,Sunday,Essendon,North Melbourne,106,66,Essendon,40,43125,Docklands,False
2024_Round_11_Port_Adelaide_vs_Hawthorn,2024,Round 11,2024-05-19 14:50:00,Sunday,Port Adelaide,Hawthorn,80,79,Port Adelaide,1,36190,Adelaide Oval,False
2024_Round_11_West_Coast_vs_Melbourne,2024,Round 11,2024-05-19 16:20:00,Sunday,West Coast,Melbourne,105,70,West Coast,35,43408,Perth Stadium,False
2024_Round_12_Western_Bulldogs_vs_Sydney,2024,Round 12,2024-05-23 19:30:00,Thursday,Western Bulldogs,Sydney,88,102,Sydney,14,27377,Docklands,False
2024_Round_12_Fremantle_vs_Collingwood,2024,Round 12,2024-05-24 18:10:00,Friday,Fremantle,Collingwood,75,75,Draw,0,54035,Perth Stadium,False
2024_Round_12_Carlton_vs_Gold_Coast,2024,Round 12,2024-05-25 13:45:00,Saturday,Carlton,Gold Coast,102,73,Carlton,29,39597,Docklands,False
2024_Round_12_North_Melbourne_vs_Port_Adelaide,2024,Round 12,2024-05-25 13:45:00,Saturday,North Melbourne,Port Adelaide,48,107,Port Adelaide,59,4705,Bellerive Oval,False
2024_Round_12_Geelong_vs_Greater_Western_Sydney,2024,Round 12,2024-05-25 16:35:00,Saturday,Geelong,Greater Western Sydney,74,78,Greater Western Sydney,4,30821,Kardinia Park,False
2024_Round_12_Richmond_vs_Essendon,2024,Round 12,2024-05-25 19:40:00,Saturday,Richmond,Essendon,74,86,Essendon,12,79359,M.C.G.,False
2024_Round_12_Hawthorn_vs_Brisbane_Lions,2024,Round 12,2024-05-26 13:10:00,Sunday,Hawthorn,Brisbane Lions,100,75,Hawthorn,25,29664,Docklands,False
2024_Round_12_Melbourne_vs_St_Kilda,2024,Round 12,2024-05-26 15:20:00,Sunday,Melbourne,St Kilda,100,62,Melbourne,38,37403,M.C.G.,False
2024_Round_12_Adelaide_vs_West_Coast,2024,Round 12,2024-05-26 16:10:00,Sunday,Adelaide,West Coast,137,38,Adelaide,99,40965,Adelaide Oval,False
2024_Round_13_Port_Adelaide_vs_Carlton,2024,Round 13,2024-05-30 19:00:00,Thursday,Port Adelaide,Carlton,71,107,Carlton,36,40532,Adelaide Oval,False
2024_Round_13_Collingwood_vs_Western_Bulldogs,2024,Round 13,2024-05-31 19:40:00,Friday,Collingwood,Western Bulldogs,82,100,Western Bulldogs,18,43298,Docklands,False
2024_Round_13_Hawthorn_vs_Adelaide,2024,Round 13,2024-06-01 13:45:00,Saturday,Hawthorn,Adelaide,107,80,Hawthorn,27,36086,M.C.G.,False
2024_Round_13_West_Coast_vs_St_Kilda,2024,Round 13,2024-06-01 14:35:00,Saturday,West Coast,St Kilda,68,82,St Kilda,14,47526,Perth Stadium,False
2024_Round_13_Geelong_vs_Richmond,2024,Round 13,2024-06-01 19:30:00,Saturday,Geelong,Richmond,99,69,Geelong,30,31054,Kardinia Park,False
2024_Round_13_Melbourne_vs_Fremantle,2024,Round 13,2024-06-02 12:30:00,Sunday,Melbourne,Fremantle,49,141,Fremantle,92,6109,Traeger Park,False
2024_Round_13_Gold_Coast_vs_Essendon,2024,Round 13,2024-06-02 16:00:00,Sunday,Gold Coast,Essendon,91,80,Gold Coast,11,21759,Carrara,False
2024_Round_14_Adelaide_vs_Richmond,2024,Round 14,2024-06-06 19:00:00,Thursday,Adelaide,Richmond,71,79,Richmond,8,37342,Adelaide Oval,False
2024_Round_14_Western_Bulldogs_vs_Brisbane_Lions,2024,Round 14,2024-06-07 19:40:00,Friday,Western Bulldogs,Brisbane Lions,71,114,Brisbane Lions,43,31280,Docklands,False
2024_Round_14_Hawthorn_vs_Greater_Western_Sydney,2024,Round 14,2024-06-08 13:45:00,Saturday,Hawthorn,Greater Western Sydney,85,79,Hawthorn,6,11568,York Park,False
2024_Round_14_West_Coast_vs_North_Melbourne,2024,Round 14,2024-06-08 14:35:00,Saturday,West Coast,North Melbourne,65,74,North Melbourne,9,43276,Perth Stadium,False
2024_Round_14_St_Kilda_vs_Gold_Coast,2024,Round 14,2024-06-08 19:30:00,Saturday,St Kilda,Gold Coast,51,48,St Kilda,3,17992,Docklands,False
2024_Round_14_Sydney_vs_Geelong,2024,Round 14,2024-06-09 15:20:00,Sunday,Sydney,Geelong,112,82,Sydney,30,44714,S.C.G.,False
2024_Round_14_Essendon_vs_Carlton,2024,Round 14,2024-06-09 19:20:00,Sunday,Essendon,Carlton,70,96,Carlton,26,88510,M.C.G.,False
2024_Round_14_Collingwood_vs_Melbourne,2024,Round 14,2024-06-10 15:20:00,Monday,Collingwood,Melbourne,89,51,Collingwood,38,84659,M.C.G.,False
2024_Round_15_Brisbane_Lions_vs_St_Kilda,2024,Round 15,2024-06-14 19:40:00,Friday,Brisbane Lions,St Kilda,126,106,Brisbane Lions,20,27445,Gabba,False
2024_Round_15_Western_Bulldogs_vs_Fremantle,2024,Round 15,2024-06-15 13:45:00,Saturday,Western Bulldogs,Fremantle,149,82,Western Bulldogs,67,21796,Docklands,False
2024_Round_15_Richmond_vs_Hawthorn,2024,Round 15,2024-06-15 16:35:00,Saturday,Richmond,Hawthorn,49,97,Hawthorn,48,92311,M.C.G.,False
2024_Round_15_Adelaide_vs_Sydney,2024,Round 15,2024-06-15 19:00:00,Saturday,Adelaide,Sydney,67,109,Sydney,42,41535,Adelaide Oval,False
2024_Round_15_North_Melbourne_vs_Collingwood,2024,Round 15,2024-06-16 13:00:00,Sunday,North Melbourne,Collingwood,118,119,Collingwood,1,38311,Docklands,False
2024_Round_15_Greater_Western_Sydney_vs_Port_Adelaide,2024,Round 15,2024-06-16 16:00:00,Sunday,Greater Western Sydney,Port Adelaide,73,51,Greater Western Sydney,22,8914,Sydney Showground,False
2024_Round_16_Carlton_vs_Geelong,2024,Round 16,2024-06-21 19:40:00,Friday,Carlton,Geelong,138,75,Carlton,63,75218,M.C.G.,False
2024_Round_16_Port_Adelaide_vs_Brisbane_Lions,2024,Round 16,2024-06-22 13:15:00,Saturday,Port Adelaide,Brisbane Lions,73,152,Brisbane Lions,79,32862,Adelaide Oval,False
2024_Round_16_Greater_Western_Sydney_vs_Sydney,2024,Round 16,2024-06-22 16:35:00,Saturday,Greater Western Sydney,Sydney,75,102,Sydney,27,19751,Sydney Showground,False
2024_Round_16_Melbourne_vs_North_Melbourne,2024,Round 16,2024-06-22 19:30:00,Saturday,Melbourne,North Melbourne,70,67,Melbourne,3,28774,M.C.G.,False
2024_Round_16_Essendon_vs_West_Coast,2024,Round 16,2024-06-23 13:00:00,Sunday,Essendon,West Coast,122,92,Essendon,30,40840,Docklands,False
2024_Round_16_Fremantle_vs_Gold_Coast,2024,Round 16,2024-06-23 14:00:00,Sunday,Fremantle,Gold Coast,85,65,Fremantle,20,40637,Perth Stadium,False
2024_Round_17_Brisbane_Lions_vs_Melbourne,2024,Round 17,2024-06-28 19:40:00,Friday,Brisbane Lions,Melbourne,86,81,Brisbane Lions,5,29617,Gabba,False
2024_Round_17_North_Melbourne_vs_Western_Bulldogs,2024,Round 17,2024-06-29 13:45:00,Saturday,North Melbourne,Western Bulldogs,60,77,Western Bulldogs,17,27005,Docklands,False
2024_Round_17_Sydney_vs_Fremantle,2024,Round 17,2024-06-29 13:45:00,Saturday,Sydney,Fremantle,98,99,Fremantle,1,35477,S.C.G.,False
2024_Round_17_Gold_Coast_vs_Collingwood,2024,Round 17,2024-06-29 16:35:00,Saturday,Gold Coast,Collingwood,101,90,Gold Coast,11,23029,Carrara,False
2024_Round_17_Adelaide_vs_Greater_Western_Sydney,2024,Round 17,2024-06-29 19:00:00,Saturday,Adelaide,Greater Western Sydney,94,78,Adelaide,16,29802,Adelaide Oval,False
2024_Round_17_Geelong_vs_Essendon,2024,Round 17,2024-06-29 19:30:00,Saturday,Geelong,Essendon,105,60,Geelong,45,54698,M.C.G.,False
2024_Round_17_St_Kilda_vs_Port_Adelaide,2024,Round 17,2024-06-30 13:10:00,Sunday,St Kilda,Port Adelaide,60,62,Port Adelaide,2,18052,Docklands,False
2024_Round_17_West_Coast_vs_Hawthorn,2024,Round 17,2024-06-30 14:40:00,Sunday,West Coast,Hawthorn,33,94,Hawthorn,61,49454,Perth Stadium,False
2024_Round_17_Richmond_vs_Carlton,2024,Round 17,2024-06-30 15:20:00,Sunday,Richmond,Carlton,70,131,Carlton,61,58298,M.C.G.,False
2024_Round_18_Collingwood_vs_Essendon,2024,Round 18,2024-07-05 19:40:00,Friday,Collingwood,Essendon,80,92,Essendon,12,81711,M.C.G.,False
2024_Round_18_Port_Adelaide_vs_Western_Bulldogs,2024,Round 18,2024-07-06 13:15:00,Saturday,Port Adelaide,Western Bulldogs,102,54,Port Adelaide,48,31590,Adelaide Oval,False
2024_Round_18_North_Melbourne_vs_Gold_Coast,2024,Round 18,2024-07-06 13:45:00,Saturday,North Melbourne,Gold Coast,87,83,North Melbourne,4,17781,Docklands,False
2024_Round_18_Geelong_vs_Hawthorn,2024,Round 18,2024-07-06 16:35:00,Saturday,Geelong,Hawthorn,110,59,Geelong,51,33188,Kardinia Park,False
2024_Round_18_Fremantle_vs_Richmond,2024,Round 18,2024-07-06 18:10:00,Saturday,Fremantle,Richmond,105,54,Fremantle,51,42690,Perth Stadium,False
2024_Round_18_Greater_Western_Sydney_vs_Carlton,2024,Round 18,2024-07-06 19:30:00,Saturday,Greater Western Sydney,Carlton,116,104,Greater Western Sydney,12,11730,Sydney Showground,False
2024_Round_18_Melbourne_vs_West_Coast,2024,Round 18,2024-07-07 13:10:00,Sunday,Melbourne,West Coast,112,58,Melbourne,54,32000,M.C.G.,False
2024_Round_18_St_Kilda_vs_Sydney,2024,Round 18,2024-07-07 15:20:00,Sunday,St Kilda,Sydney,84,82,St Kilda,2,30267,Docklands,False
2024_Round_18_Brisbane_Lions_vs_Adelaide,2024,Round 18,2024-07-07 16:10:00,Sunday,Brisbane Lions,Adelaide,97,86,Brisbane Lions,11,30183,Gabba,False
2024_Round_19_Collingwood_vs_Geelong,2024,Round 19,2024-07-12 19:40:00,Friday,Collingwood,Geelong,71,91,Geelong,20,73435,M.C.G.,False
2024_Round_19_Hawthorn_vs_Fremantle,2024,Round 19,2024-07-13 13:45:00,Saturday,Hawthorn,Fremantle,87,74,Hawthorn,13,11146,York Park,False
2024_Round_19_Sydney_vs_North_Melbourne,2024,Round 19,2024-07-13 13:45:00,Saturday,Sydney,North Melbourne,138,59,Sydney,79,34663,S.C.G.,False
2024_Round_19_Western_Bulldogs_vs_Carlton,2024,Round 19,2024-07-13 16:35:00,Saturday,Western Bulldogs,Carlton,100,86,Western Bulldogs,14,45387,Docklands,False
2024_Round_19_Adelaide_vs_St_Kilda,2024,Round 19,2024-07-13 19:00:00,Saturday,Adelaide,St Kilda,71,39,Adelaide,32,34549,Adelaide Oval,False
2024_Round_19_Melbourne_vs_Essendon,2024,Round 19,2024-07-13 19:30:00,Saturday,Melbourne,Essendon,84,67,Melbourne,17,52866,M.C.G.,False
2024_Round_19_Gold_Coast_vs_Port_Adelaide,2024,Round 19,2024-07-14 13:10:00,Sunday,Gold Coast,Port Adelaide,96,82,Gold Coast,14,14526,Carrara,False
2024_Round_19_West_Coast_vs_Brisbane_Lions,2024,Round 19,2024-07-14 14:40:00,Sunday,West Coast,Brisbane Lions,93,106,Brisbane Lions,13,41489,Perth Stadium,False
2024_Round_19_Richmond_vs_Greater_Western_Sydney,2024,Round 19,2024-07-14 15:20:00,Sunday,Richmond,Greater Western Sydney,84,108,Greater Western Sydney,24,19040,M.C.G.,False
2024_Round_20_Essendon_vs_Adelaide,2024,Round 20,2024-07-19 19:40:00,Friday,Essendon,Adelaide,113,115,Adelaide,2,36020,Docklands,False
2024_Round_20_Greater_Western_Sydney_vs_Gold_Coast,2024,Round 20,2024-07-20 13:45:00,Saturday,Greater Western Sydney,Gold Coast,89,50,Greater Western Sydney,39,8013,Sydney Showground,False
2024_Round_20_St_Kilda_vs_West_Coast,2024,Round 20,2024-07-20 13:45:00,Saturday,St Kilda,West Coast,113,41,St Kilda,72,18251,Docklands,False
2024_Round_20_Hawthorn_vs_Collingwood,2024,Round 20,2024-07-20 16:35:00,Saturday,Hawthorn,Collingwood,133,67,Hawthorn,66,74171,M.C.G.,False
2024_Round_20_Port_Adelaide_vs_Richmond,2024,Round 20,2024-07-20 19:00:00,Saturday,Port Adelaide,Richmond,116,75,Port Adelaide,41,27704,Adelaide Oval,False
2024_Round_20_Geelong_vs_Western_Bulldogs,2024,Round 20,2024-07-20 19:30:00,Saturday,Geelong,Western Bulldogs,48,95,Western Bulldogs,47,27967,Kardinia Park,False
2024_Round_20_Brisbane_Lions_vs_Sydney,2024,Round 20,2024-07-21 13:10:00,Sunday,Brisbane Lions,Sydney,79,77,Brisbane Lions,2,33924,Gabba,False
2024_Round_20_Fremantle_vs_Melbourne,2024,Round 20,2024-07-21 13:20:00,Sunday,Fremantle,Melbourne,116,66,Fremantle,50,42215,Perth Stadium,False
2024_Round_20_Carlton_vs_North_Melbourne,2024,Round 20,2024-07-21 16:40:00,Sunday,Carlton,North Melbourne,107,88,Carlton,19,40014,Docklands,False
2024_Round_21_Carlton_vs_Port_Adelaide,2024,Round 21,2024-07-26 19:40:00,Friday,Carlton,Port Adelaide,65,79,Port Adelaide,14,40500,Docklands,False
2024_Round_21_North_Melbourne_vs_Geelong,2024,Round 21,2024-07-27 13:45:00,Saturday,North Melbourne,Geelong,66,106,Geelong,40,10045,Bellerive Oval,False
2024_Round_21_Gold_Coast_vs_Brisbane_Lions,2024,Round 21,2024-07-27 16:35:00,Saturday,Gold Coast,Brisbane Lions,65,93,Brisbane Lions,28,21043,Carrara,False
2024_Round_21_St_Kilda_vs_Essendon,2024,Round 21,2024-07-27 16:35:00,Saturday,St Kilda,Essendon,108,55,St Kilda,53,39761,Docklands,False
2024_Round_21_Fremantle_vs_West_Coast,2024,Round 21,2024-07-27 18:10:00,Saturday,Fremantle,West Coast,110,75,Fremantle,35,56536,Perth Stadium,False
2024_Round_21_Melbourne_vs_Greater_Western_Sydney,2024,Round 21,2024-07-27 19:30:00,Saturday,Melbourne,Greater Western Sydney,83,85,Greater Western Sydney,2,16246,M.C.G.,False
2024_Round_21_Collingwood_vs_Richmond,2024,Round 21,2024-07-28 13:10:00,Sunday,Collingwood,Richmond,93,67,Collingwood,26,58342,M.C.G.,False
2024_Round_21_Sydney_vs_Western_Bulldogs,2024,Round 21,2024-07-28 15:20:00,Sunday,Sydney,Western Bulldogs,48,87,Western Bulldogs,39,36028,S.C.G.,False
2024_Round_21_Adelaide_vs_Hawthorn,2024,Round 21,2024-07-28 15:40:00,Sunday,Adelaide,Hawthorn,58,124,Hawthorn,66,41823,Adelaide Oval,False
2024_Round_22_West_Coast_vs_Gold_Coast,2024,Round 22,2024-08-02 18:30:00,Friday,West Coast,Gold Coast,97,87,West Coast,10,38671,Perth Stadium,False
2024_Round_22_Western_Bulldogs_vs_Melbourne,2024,Round 22,2024-08-02 19:15:00,Friday,Western Bulldogs,Melbourne,110,59,Western Bulldogs,51,33000,Docklands,False
2024_Round_22_North_Melbourne_vs_Richmond,2024,Round 22,2024-08-03 13:45:00,Saturday,North Melbourne,Richmond,90,77,North Melbourne,13,35861,Docklands,False
2024_Round_22_Geelong_vs_Adelaide,2024,Round 22,2024-08-03 16:35:00,Saturday,Geelong,Adelaide,90,85,Geelong,5,28939,Kardinia Park,False
2024_Round_22_Port_Adelaide_vs_Sydney,2024,Round 22,2024-08-03 19:00:00,Saturday,Port Adelaide,Sydney,148,36,Port Adelaide,112,37501,Adelaide Oval,False
2024_Round_22_Collingwood_vs_Carlton,2024,Round 22,2024-08-03 19:30:00,Saturday,Collingwood,Carlton,84,81,Collingwood,3,86879,M.C.G.,False
2024_Round_22_Greater_Western_Sydney_vs_Hawthorn,2024,Round 22,2024-08-04 13:10:00,Sunday,Greater Western Sydney,Hawthorn,84,82,Greater Western Sydney,2,13268,Manuka Oval,False
2024_Round_22_Essendon_vs_Fremantle,2024,Round 22,2024-08-04 15:20:00,Sunday,Essendon,Fremantle,90,89,Essendon,1,34381,M.C.G.,False
2024_Round_22_St_Kilda_vs_Brisbane_Lions,2024,Round 22,2024-08-04 16:40:00,Sunday,St Kilda,Brisbane Lions,39,124,Brisbane Lions,85,23053,Docklands,False
2024_Round_23_Sydney_vs_Collingwood,2024,Round 23,2024-08-09 19:40:00,Friday,Sydney,Collingwood,89,86,Sydney,3,37854,S.C.G.,False
2024_Round_23_Brisbane_Lions_vs_Greater_Western_Sydney,2024,Round 23,2024-08-10 13:45:00,Saturday,Brisbane Lions,Greater Western Sydney,64,82,Greater Western Sydney,18,31364,Gabba,False
2024_Round_23_North_Melbourne_vs_West_Coast,2024,Round 23,2024-08-10 13:45:00,Saturday,North Melbourne,West Coast,97,102,West Coast,5,6619,Bellerive Oval,False
2024_Round_23_Fremantle_vs_Geelong,2024,Round 23,2024-08-10 14:35:00,Saturday,Fremantle,Geelong,62,73,Geelong,11,50600,Perth Stadium,False
2024_Round_23_Essendon_vs_Gold_Coast,2024,Round 23,2024-08-10 19:30:00,Saturday,Essendon,Gold Coast,86,87,Gold Coast,1,29401,Docklands,False
2024_Round_23_Melbourne_vs_Port_Adelaide,2024,Round 23,2024-08-10 19:30:00,Saturday,Melbourne,Port Adelaide,51,53,Port Adelaide,2,17867,M.C.G.,False
2024_Round_23_Carlton_vs_Hawthorn,2024,Round 23,2024-08-11 13:10:00,Sunday,Carlton,Hawthorn,38,112,Hawthorn,74,84773,M.C.G.,False
2024_Round_23_Richmond_vs_St_Kilda,2024,Round 23,2024-08-11 15:20:00,Sunday,Richmond,St Kilda,51,99,St Kilda,48,21375,Docklands,False
2024_Round_23_Adelaide_vs_Western_Bulldogs,2024,Round 23,2024-08-11 15:40:00,Sunday,Adelaide,Western Bulldogs,111,72,Adelaide,39,39177,Adelaide Oval,False
2024_Round_24_Essendon_vs_Sydney,2024,Round 24,2024-08-16 19:40:00,Friday,Essendon,Sydney,59,98,Sydney,39,33830,Docklands,False
2024_Round_24_Gold_Coast_vs_Melbourne,2024,Round 24,2024-08-17 13:45:00,Saturday,Gold Coast,Melbourne,63,117,Melbourne,54,13026,Carrara,False
2024_Round_24_Greater_Western_Sydney_vs_Fremantle,2024,Round 24,2024-08-17 13:45:00,Saturday,Greater Western Sydney,Fremantle,101,92,Greater Western Sydney,9,10801,Sydney Showground,False
2024_Round_24_Collingwood_vs_Brisbane_Lions,2024,Round 24,2024-08-17 16:35:00,Saturday,Collingwood,Brisbane Lions,79,78,Collingwood,1,61218,M.C.G.,False
2024_Round_24_Port_Adelaide_vs_Adelaide,2024,Round 24,2024-08-17 19:00:00,Saturday,Port Adelaide,Adelaide,80,58,Port Adelaide,22,52459,Adelaide Oval,False
2024_Round_24_St_Kilda_vs_Geelong,2024,Round 24,2024-08-17 19:30:00,Saturday,St Kilda,Geelong,107,89,St Kilda,18,31945,Docklands,False
2024_Round_24_Western_Bulldogs_vs_North_Melbourne,2024,Round 24,2024-08-18 13:10:00,Sunday,Western Bulldogs,North Melbourne,138,42,Western Bulldogs,96,33182,Docklands,False
2024_Round_24_West_Coast_vs_Carlton,2024,Round 24,2024-08-18 14:40:00,Sunday,West Coast,Carlton,34,99,Carlton,65,48455,Perth Stadium,False
2024_Round_24_Hawthorn_vs_Richmond,2024,Round 24,2024-08-18 15:20:00,Sunday,Hawthorn,Richmond,131,68,Hawthorn,63,58231,M.C.G.,False
2024_Round_25_Melbourne_vs_Collingwood,2024,Round 25,2024-08-23 19:40:00,Friday,Melbourne,Collingwood,57,103,Collingwood,46,53957,M.C.G.,False
2024_Round_25_Hawthorn_vs_North_Melbourne,2024,Round 25,2024-08-24 12:30:00,Saturday,Hawthorn,North Melbourne,170,46,Hawthorn,124,11392,York Park,False
2024_Round_25_Geelong_vs_West_Coast,2024,Round 25,2024-08-24 13:45:00,Saturday,Geelong,West Coast,168,75,Geelong,93,32545,Kardinia Park,False
2024_Round_25_Richmond_vs_Gold_Coast,2024,Round 25,2024-08-24 15:20:00,Saturday,Richmond,Gold Coast,66,94,Gold Coast,28,34557,M.C.G.,False
2024_Round_25_Brisbane_Lions_vs_Essendon,2024,Round 25,2024-08-24 19:30:00,Saturday,Brisbane Lions,Essendon,87,67,Brisbane Lions,20,31663,Gabba,False
2024_Round_25_Sydney_vs_Adelaide,2024,Round 25,2024-08-24 19:40:00,Saturday,Sydney,Adelaide,121,90,Sydney,31,36491,S.C.G.,False
2024_Round_25_Western_Bulldogs_vs_Greater_Western_Sydney,2024,Round 25,2024-08-25 12:30:00,Sunday,Western Bulldogs,Greater Western Sydney,98,61,Western Bulldogs,37,10224,Eureka Stadium,False
2024_Round_25_Carlton_vs_St_Kilda,2024,Round 25,2024-08-25 15:20:00,Sunday,Carlton,St Kilda,74,76,St Kilda,2,43843,Docklands,False
2024_Round_25_Fremantle_vs_Port_Adelaide,2024,Round 25,2024-08-25 16:10:00,Sunday,Fremantle,Port Adelaide,67,87,Port Adelaide,20,45322,Perth Stadium,False
2024_Qualifying_Final_Port_Adelaide_vs_Geelong,2024,Qualifying Final,2024-09-05 19:10:00,Thursday,Port Adelaide,Geelong,54,138,Geelong,84,50342,Adelaide Oval,True
2024_Elimination_Final_Western_Bulldogs_vs_Hawthorn,2024,Elimination Final,2024-09-06 19:40:00,Friday,Western Bulldogs,Hawthorn,62,99,Hawthorn,37,97828,M.C.G.,True
2024_Qualifying_Final_Sydney_vs_Greater_Western_Sydney,2024,Qualifying Final,2024-09-07 15:20:00,Saturday,Sydney,Greater Western Sydney,88,82,Sydney,6,43189,S.C.G.,True
2024_Elimination_Final_Brisbane_Lions_vs_Carlton,2024,Elimination Final,2024-09-07 19:30:00,Saturday,Brisbane Lions,Carlton,99,71,Brisbane Lions,28,35660,Gabba,True
2024_Semi_Final_Port_Adelaide_vs_Hawthorn,2024,Semi Final,2024-09-13 19:10:00,Friday,Port Adelaide,Hawthorn,75,72,Port Adelaide,3,51012,Adelaide Oval,True
2024_Semi_Final_Greater_Western_Sydney_vs_Brisbane_Lions,2024,Semi Final,2024-09-14 19:30:00,Saturday,Greater Western Sydney,Brisbane Lions,100,105,Brisbane Lions,5,18357,Sydney Showground,True
2024_Preliminary_Final_Sydney_vs_Port_Adelaide,2024,Preliminary Final,2024-09-20 19:40:00,Friday,Sydney,Port Adelaide,95,59,Sydney,36,44053,S.C.G.,True
2024_Preliminary_Final_Geelong_vs_Brisbane_Lions,2024,Preliminary Final,2024-09-21 17:15:00,Saturday,Geelong,Brisbane Lions,85,95,Brisbane Lions,10,93066,M.C.G.,True
2024_Grand_Final_Sydney_vs_Brisbane_Lions,2024,Grand Final,2024-09-28 14:30:00,Saturday,Sydney,Brisbane Lions,60,120,Brisbane Lions,60,100013,M.C.G.,True
